,names,scores,logfoldchanges,pvals,pvals_adj,abslfc
634,SGCD,122.88873,11.694961,0.0,0.0,11.694961
596,NALCN,122.90361,11.295931,0.0,0.0,11.295931
1302,PDK4,122.53274,11.225945,0.0,0.0,11.225945
1254,MYOM3,122.56971,11.196236,0.0,0.0,11.196236
165,FAM107A,123.09571,10.677579,0.0,0.0,10.677579
295,FAM151A,123.02822,10.342223,0.0,0.0,10.342223
866,ASB18,122.77366,10.341765,0.0,0.0,10.341765
183,TMEM178B,123.083084,10.254907,0.0,0.0,10.254907
595,CCSER1,122.90407,10.145326,0.0,0.0,10.145326
529,DGKG,122.92849,10.112336,0.0,0.0,10.112336
216,DNAH3,123.06776,10.088931,0.0,0.0,10.088931
48,NRXN3,123.18763,10.057127,0.0,0.0,10.057127
1105,AQP7,122.65488,10.0054865,0.0,0.0,10.0054865
217,IL16,123.06767,9.936602,0.0,0.0,9.936602
344,KCNIP2-AS1,123.00675,9.9097395,0.0,0.0,9.9097395
273,TMEFF2,123.039856,9.868137,0.0,0.0,9.868137
198,CACNA2D3,123.076515,9.836385,0.0,0.0,9.836385
127,CSGALNACT1,123.12018,9.826287,0.0,0.0,9.826287
168,GPC5,123.0904,9.819797,0.0,0.0,9.819797
178,TM4SF1-AS1,123.084175,9.789876,0.0,0.0,9.789876
87,FGF14,123.150665,9.725982,0.0,0.0,9.725982
789,SGCG,122.80854,9.634588,0.0,0.0,9.634588
247,ACSS1,123.05365,9.603749,0.0,0.0,9.603749
750,AZGP1,122.82937,9.5114155,0.0,0.0,9.5114155
1144,LINC01505,122.62848,9.46561,0.0,0.0,9.46561
986,C6,122.71662,9.461032,0.0,0.0,9.461032
1196,XIRP2,122.601555,9.382089,0.0,0.0,9.382089
1083,NRAP,122.661606,9.315567,0.0,0.0,9.315567
161,SLCO5A1,123.09856,9.3082285,0.0,0.0,9.3082285
43,GRIP2,123.196785,9.28088,0.0,0.0,9.28088
241,DIAPH2-AS1,123.05648,9.259953,0.0,0.0,9.259953
361,AGBL4,122.99781,9.2272005,0.0,0.0,9.2272005
26,GUCY2C,123.21561,9.205725,0.0,0.0,9.205725
264,ZBTB20-AS5,123.04441,9.169281,0.0,0.0,9.169281
279,FAM3D-AS1,123.03725,9.1564865,0.0,0.0,9.1564865
78,GIPC2,123.15485,9.148054,0.0,0.0,9.148054
276,PDE3A,123.03894,9.111299,0.0,0.0,9.111299
1,KCNJ2,123.32486,9.080771,0.0,0.0,9.080771
135,CNTNAP5,123.113365,9.062806,0.0,0.0,9.062806
624,LINC00513,122.890945,9.050234,0.0,0.0,9.050234
1468,LINC02248,122.3941,9.045567,0.0,0.0,9.045567
653,DOCK3,122.87911,9.044388,0.0,0.0,9.044388
998,RBFOX1,122.7104,9.020451,0.0,0.0,9.020451
228,GPA33,123.06111,8.895302,0.0,0.0,8.895302
35,ANKFN1,123.20852,8.845475,0.0,0.0,8.845475
10,FYB2,123.25732,8.832955,0.0,0.0,8.832955
488,HPR,122.94478,8.821462,0.0,0.0,8.821462
349,TPRG1,123.00437,8.8115635,0.0,0.0,8.8115635
643,BMS1P14,122.88439,8.801228,0.0,0.0,8.801228
516,TENM2,122.93481,8.776343,0.0,0.0,8.776343
1325,MLIP-AS1,122.51685,8.769977,0.0,0.0,8.769977
689,PDE1C,122.86457,8.76106,0.0,0.0,8.76106
1065,RGS6,122.66976,8.746899,0.0,0.0,8.746899
447,GALNTL6,122.95755,8.697952,0.0,0.0,8.697952
1245,ST7-AS2,122.573456,8.691226,0.0,0.0,8.691226
302,IL1RAPL2,123.02538,8.67138,0.0,0.0,8.67138
55,MIR29B2CHG,123.17817,8.660564,0.0,0.0,8.660564
701,KCND3,122.858345,8.647825,0.0,0.0,8.647825
966,EYA4,122.725006,8.631116,0.0,0.0,8.631116
158,MIR3681HG,123.101425,8.54954,0.0,0.0,8.54954
414,UGT2B7,122.97046,8.539053,0.0,0.0,8.539053
234,FAR2,123.05804,8.534487,0.0,0.0,8.534487
902,DAPK2,122.7528,8.510623,0.0,0.0,8.510623
1094,IL1RAPL1,122.65956,8.502682,0.0,0.0,8.502682
442,PCDH15,122.96068,8.479453,0.0,0.0,8.479453
111,GLDN,123.12967,8.471284,0.0,0.0,8.471284
120,TCF24,123.122406,8.4684305,0.0,0.0,8.4684305
156,SNED1,123.10231,8.45859,0.0,0.0,8.45859
215,IRX6,123.06787,8.431477,0.0,0.0,8.431477
66,TRPC5,123.16864,8.42026,0.0,0.0,8.42026
672,LINC01091,122.8709,8.418998,0.0,0.0,8.418998
13,GABRB1,123.249466,8.417901,0.0,0.0,8.417901
1432,PACRG,122.42623,8.40957,0.0,0.0,8.40957
1356,KBTBD12,122.49553,8.408525,0.0,0.0,8.408525
71,DPYD,123.163086,8.407749,0.0,0.0,8.407749
428,NUP210L,122.964676,8.402525,0.0,0.0,8.402525
29,SNTG1,123.213066,8.379318,0.0,0.0,8.379318
155,LGR6,123.10288,8.365345,0.0,0.0,8.365345
322,PLA2G5,123.01767,8.358249,0.0,0.0,8.358249
244,GIMAP8,123.05575,8.327629,0.0,0.0,8.327629
1053,PGR,122.67882,8.305888,0.0,0.0,8.305888
407,CFLAR-AS1,122.97486,8.297691,0.0,0.0,8.297691
814,IDI2-AS1,122.796684,8.290125,0.0,0.0,8.290125
372,PTPRO,122.991936,8.287306,0.0,0.0,8.287306
213,ABCA9,123.06792,8.2316265,0.0,0.0,8.2316265
1555,CD36,122.27444,8.213509,0.0,0.0,8.213509
14682,BMP2,-122.8632,-8.18981,0.0,0.0,8.18981
1711,UGT2B4,122.04825,8.187591,0.0,0.0,8.187591
113,KCNIP1,123.12751,8.1528,0.0,0.0,8.1528
275,CTXND1,123.03899,8.14587,0.0,0.0,8.14587
864,THRB,122.77549,8.141471,0.0,0.0,8.141471
1483,PLIN4,122.3716,8.119745,0.0,0.0,8.119745
189,GRM7,123.08012,8.107495,0.0,0.0,8.107495
765,RBMS3-AS2,122.82037,8.082425,0.0,0.0,8.082425
342,MKNK1-AS1,123.00766,8.062373,0.0,0.0,8.062373
691,CDH13,122.86288,8.029795,0.0,0.0,8.029795
25,DNAH17,123.216194,8.019338,0.0,0.0,8.019338
533,PDE7B,122.927666,8.0172615,0.0,0.0,8.0172615
585,FAM182B,122.9064,8.006858,0.0,0.0,8.006858
14826,CAPN3,-123.14041,-7.970131,0.0,0.0,7.970131
1183,LPL,122.60761,7.951639,0.0,0.0,7.951639
2,LURAP1L-AS1,123.297806,7.9511685,0.0,0.0,7.9511685
919,NPAS2,122.74763,7.9155993,0.0,0.0,7.9155993
61,LINC01902,123.17186,7.914791,0.0,0.0,7.914791
1347,PRKN,122.502014,7.9041977,0.0,0.0,7.9041977
1174,ADRB1,122.61305,7.899665,0.0,0.0,7.899665
616,KCNK13,122.89718,7.886864,0.0,0.0,7.886864
507,SYCP3,122.93906,7.8760448,0.0,0.0,7.8760448
1148,LINC01725,122.62371,7.8647017,0.0,0.0,7.8647017
524,LRTM1,122.93185,7.8541546,0.0,0.0,7.8541546
99,LINC01483,123.137924,7.8466926,0.0,0.0,7.8466926
1285,DHRS9,122.544365,7.8416934,0.0,0.0,7.8416934
8,CCDC73,123.2709,7.8339043,0.0,0.0,7.8339043
705,MPP3,122.85611,7.8128953,0.0,0.0,7.8128953
49,ABCC8,123.18654,7.810284,0.0,0.0,7.810284
883,COL19A1,122.766556,7.8046746,0.0,0.0,7.8046746
629,PDZD2,122.890045,7.7933807,0.0,0.0,7.7933807
250,MYO16,123.052284,7.789979,0.0,0.0,7.789979
729,CD274,122.840515,7.7860503,0.0,0.0,7.7860503
220,CLIC6,123.066414,7.785745,0.0,0.0,7.785745
182,CDH12,123.08325,7.7845283,0.0,0.0,7.7845283
441,CBR3,122.960724,7.7749257,0.0,0.0,7.7749257
11525,GP1BB,-120.64777,-7.7566543,0.0,0.0,7.7566543
1096,PALMD,122.658585,7.7523575,0.0,0.0,7.7523575
1273,PDE1A,122.55813,7.7463603,0.0,0.0,7.7463603
861,LINC02334,122.77663,7.726421,0.0,0.0,7.726421
683,SPDYE5,122.86659,7.689007,0.0,0.0,7.689007
631,GRM1,122.88982,7.678296,0.0,0.0,7.678296
14810,CRIP1,-123.03165,-7.677709,0.0,0.0,7.677709
1080,LINC01550,122.663124,7.6570144,0.0,0.0,7.6570144
14822,TBX2-AS1,-123.10234,-7.653925,0.0,0.0,7.653925
38,RASGEF1B,123.2076,7.645904,0.0,0.0,7.645904
340,C8orf34,123.007965,7.638864,0.0,0.0,7.638864
1100,MOGAT1,122.657074,7.6248975,0.0,0.0,7.6248975
409,NAALADL2,122.97248,7.621241,0.0,0.0,7.621241
1755,HSF4,121.95542,7.6197743,0.0,0.0,7.6197743
575,NCKAP5,122.91007,7.600037,0.0,0.0,7.600037
14788,HSPB2,-122.982704,-7.589658,0.0,0.0,7.589658
14811,COL2A1,-123.03232,-7.586918,0.0,0.0,7.586918
498,HLF,122.94224,7.573555,0.0,0.0,7.573555
320,RHBDL2,123.019035,7.569558,0.0,0.0,7.569558
14057,DBNDD2,-122.593216,-7.52385,0.0,0.0,7.52385
1477,PLCL1,122.38199,7.523392,0.0,0.0,7.523392
117,SLC12A1,123.124695,7.5212574,0.0,0.0,7.5212574
14829,PTGES3L,-123.1871,-7.511787,0.0,0.0,7.511787
91,LARGE1,123.14754,7.5107,0.0,0.0,7.5107
1707,FGF12,122.051544,7.5082855,0.0,0.0,7.5082855
3,PPARG,123.28764,7.4980416,0.0,0.0,7.4980416
758,ABCD2,122.82339,7.4922814,0.0,0.0,7.4922814
18,IL15,123.23853,7.49038,0.0,0.0,7.49038
388,SLC2A5,122.982956,7.487954,0.0,0.0,7.487954
14394,ACTA2,-122.70426,-7.4868,0.0,0.0,7.4868
584,SSUH2,122.90643,7.48654,0.0,0.0,7.48654
1123,EVA1C,122.64382,7.485493,0.0,0.0,7.485493
383,LINC01414,122.98811,7.460439,0.0,0.0,7.460439
12278,MICOS10,-122.02245,-7.4517155,0.0,0.0,7.4517155
835,MIRLET7BHG,122.78763,7.442235,0.0,0.0,7.442235
398,KCNMB2-AS1,122.97833,7.4397306,0.0,0.0,7.4397306
265,LINC02269,123.04381,7.429669,0.0,0.0,7.429669
850,PZP,122.779884,7.4137564,0.0,0.0,7.4137564
141,SCN1A,123.10998,7.404166,0.0,0.0,7.404166
1087,IPO9-AS1,122.66047,7.400719,0.0,0.0,7.400719
14806,TNNI1,-123.01564,-7.3987284,0.0,0.0,7.3987284
14572,CXCL12,-122.78333,-7.3921366,0.0,0.0,7.3921366
14830,TSTD1,-123.18987,-7.382021,0.0,0.0,7.382021
106,ASIC2,123.13352,7.3739905,0.0,0.0,7.3739905
11659,GDF10,-121.0358,-7.359527,0.0,0.0,7.359527
100,ATP2C2,123.13729,7.358199,0.0,0.0,7.358199
359,GNG12-AS1,122.99979,7.3537483,0.0,0.0,7.3537483
14825,ATP5PO,-123.139015,-7.3481154,0.0,0.0,7.3481154
14785,VCAM1,-122.97836,-7.343868,0.0,0.0,7.343868
14576,ALDOC,-122.78513,-7.3410997,0.0,0.0,7.3410997
333,ZNF536,123.01075,7.340566,0.0,0.0,7.340566
14768,MYZAP,-122.95353,-7.3366523,0.0,0.0,7.3366523
14828,PRDX2,-123.14695,-7.3336787,0.0,0.0,7.3336787
479,COLEC10,122.94845,7.3257127,0.0,0.0,7.3257127
660,LINC01060,122.874954,7.3224516,0.0,0.0,7.3224516
14213,HHATL,-122.63847,-7.3180537,0.0,0.0,7.3180537
559,SEPTIN4-AS1,122.918846,7.3108726,0.0,0.0,7.3108726
242,SGSM1,123.05607,7.3064265,0.0,0.0,7.3064265
720,USH2A,122.844826,7.3003526,0.0,0.0,7.3003526
39,TRPC6,123.20509,7.2960114,0.0,0.0,7.2960114
1446,CAV3,122.41465,7.2872972,0.0,0.0,7.2872972
1267,ZBTB16,122.56207,7.285908,0.0,0.0,7.285908
702,IDH2-DT,122.85716,7.2842774,0.0,0.0,7.2842774
83,DOCK10,123.153,7.281183,0.0,0.0,7.281183
262,PLAAT4,123.04611,7.278188,0.0,0.0,7.278188
472,ENO4,122.950676,7.2760735,0.0,0.0,7.2760735
420,DPH6-DT,122.968155,7.2730393,0.0,0.0,7.2730393
14780,TBX2,-122.97198,-7.272509,0.0,0.0,7.272509
14824,COX8A,-123.11628,-7.269796,0.0,0.0,7.269796
121,CADM2,123.12225,7.2679677,0.0,0.0,7.2679677
14762,ANXA3,-122.94621,-7.264654,0.0,0.0,7.264654
1284,PPP1R42,122.545975,7.262746,0.0,0.0,7.262746
210,NTN1,123.06936,7.258837,0.0,0.0,7.258837
133,ADAMTS17,123.1146,7.2537518,0.0,0.0,7.2537518
14818,HIGD2A,-123.07743,-7.2452416,0.0,0.0,7.2452416
14827,ARPC1A,-123.14539,-7.238575,0.0,0.0,7.238575
297,ABI3BP,123.02682,7.2358756,0.0,0.0,7.2358756
719,DLG2,122.845566,7.2270284,0.0,0.0,7.2270284
583,PKN2-AS1,122.90701,7.223906,0.0,0.0,7.223906
14819,COX6A1,-123.07934,-7.2198653,0.0,0.0,7.2198653
97,MLPH,123.13967,7.217658,0.0,0.0,7.217658
14701,NGRN,-122.880585,-7.213645,0.0,0.0,7.213645
14787,TMEM14B,-122.98215,-7.208575,0.0,0.0,7.208575
14795,HIGD1A,-122.99234,-7.1992598,0.0,0.0,7.1992598
14753,CMC4,-122.93473,-7.186567,0.0,0.0,7.186567
14770,COX14,-122.9562,-7.185517,0.0,0.0,7.185517
14823,NDUFA9,-123.10327,-7.183168,0.0,0.0,7.183168
14797,FMC1,-122.99487,-7.183112,0.0,0.0,7.183112
14784,MT-ND5,-122.97812,-7.1830564,0.0,0.0,7.1830564
528,STPG2,122.92973,7.177941,0.0,0.0,7.177941
14773,VAMP2,-122.959236,-7.1730037,0.0,0.0,7.1730037
11979,SEPTIN5,-121.66533,-7.1690087,0.0,0.0,7.1690087
14740,ALDOA,-122.921135,-7.1646814,0.0,0.0,7.1646814
14805,AQP10,-123.01368,-7.152454,0.0,0.0,7.152454
14814,NDUFB8,-123.038734,-7.151697,0.0,0.0,7.151697
14750,ATP5MF,-122.93276,-7.148251,0.0,0.0,7.148251
14247,ATP6V0C,-122.652214,-7.1477866,0.0,0.0,7.1477866
14803,ALDH4A1,-123.0069,-7.1419683,0.0,0.0,7.1419683
14813,RASL10B,-123.037636,-7.1413646,0.0,0.0,7.1413646
14339,MRPS24,-122.68592,-7.1404567,0.0,0.0,7.1404567
14796,EPHB3,-122.99259,-7.1293173,0.0,0.0,7.1293173
34,OTUD7A,123.2088,7.1234503,0.0,0.0,7.1234503
14783,MRPL12,-122.97586,-7.1204877,0.0,0.0,7.1204877
14723,SCHIP1,-122.90227,-7.120241,0.0,0.0,7.120241
391,HIPK4,122.98245,7.1144834,0.0,0.0,7.1144834
14815,TMX2,-123.03909,-7.111808,0.0,0.0,7.111808
14817,COMMD7,-123.06349,-7.111241,0.0,0.0,7.111241
14706,PSMD9,-122.88636,-7.1109304,0.0,0.0,7.1109304
844,MEI4,122.78319,7.108892,0.0,0.0,7.108892
752,LINC01524,122.82732,7.107414,0.0,0.0,7.107414
889,MAP3K19,122.76395,7.1061234,0.0,0.0,7.1061234
1909,ASB10,121.529434,7.1034536,0.0,0.0,7.1034536
1017,NR3C2,122.6994,7.1014414,0.0,0.0,7.1014414
11291,RSPO3,-119.75939,-7.0994515,0.0,0.0,7.0994515
243,ASB9,123.05606,7.097103,0.0,0.0,7.097103
14748,BORCS7,-122.93024,-7.093354,0.0,0.0,7.093354
14708,NDUFA7,-122.889114,-7.0809603,0.0,0.0,7.0809603
24,SP100,123.216286,7.080102,0.0,0.0,7.080102
14525,PDXP,-122.76012,-7.0767035,0.0,0.0,7.0767035
14733,PSMB10,-122.91573,-7.0746646,0.0,0.0,7.0746646
69,SLC5A5,123.16407,7.074587,0.0,0.0,7.074587
1140,RPGRIP1,122.6325,7.0703,0.0,0.0,7.0703
52,TYRP1,123.1809,7.0668664,0.0,0.0,7.0668664
1650,MAOB,122.14062,7.064354,0.0,0.0,7.064354
14721,COMMD3,-122.90167,-7.0639167,0.0,0.0,7.0639167
14724,NDUFC2,-122.902954,-7.062477,0.0,0.0,7.062477
14531,ZNF503,-122.7634,-7.0622134,0.0,0.0,7.0622134
346,SPDYE1,123.005165,7.057365,0.0,0.0,7.057365
21,NYAP2,123.23195,7.048545,0.0,0.0,7.048545
14693,LEPROT,-122.87322,-7.0472074,0.0,0.0,7.0472074
50,HRH1,123.1857,7.04285,0.0,0.0,7.04285
14632,BLOC1S1,-122.821815,-7.0394273,0.0,0.0,7.0394273
205,ECT2L,123.073944,7.0360513,0.0,0.0,7.0360513
698,PPP1R1C,122.858955,7.032815,0.0,0.0,7.032815
159,TDRD10,123.10079,7.0316215,0.0,0.0,7.0316215
9978,SHOX2,-104.792984,-7.02864,0.0,0.0,7.02864
14714,OAZ1,-122.89485,-7.0257435,0.0,0.0,7.0257435
7,RGS7,123.271324,7.025491,0.0,0.0,7.025491
3663,LINC02552,106.03687,7.0242486,0.0,0.0,7.0242486
14679,AEBP1,-122.86108,-7.020329,0.0,0.0,7.020329
14821,SDHD,-123.08887,-7.0147147,0.0,0.0,7.0147147
14489,TOMM5,-122.742775,-7.014157,0.0,0.0,7.014157
14782,C1orf50,-122.97297,-7.011713,0.0,0.0,7.011713
14492,PAGR1,-122.74399,-7.0053086,0.0,0.0,7.0053086
14554,ATP1A3,-122.775826,-7.0035677,0.0,0.0,7.0035677
14704,PIGS,-122.88399,-7.0033793,0.0,0.0,7.0033793
14,PLA2R1,123.24684,7.00151,0.0,0.0,7.00151
14694,PMF1,-122.87337,-6.999464,0.0,0.0,6.999464
410,LINC01841,122.97241,6.9980617,0.0,0.0,6.9980617
14678,HSPE1,-122.86083,-6.990732,0.0,0.0,6.990732
14641,FKBP1A,-122.82846,-6.9862905,0.0,0.0,6.9862905
1001,GRIK2,122.70855,6.985357,0.0,0.0,6.985357
14715,AHNAK2,-122.896034,-6.9815245,0.0,0.0,6.9815245
93,SLCO1C1,123.14551,6.9788194,0.0,0.0,6.9788194
14539,FXYD6,-122.7686,-6.978332,0.0,0.0,6.978332
12110,TOMM6,-121.83956,-6.976758,0.0,0.0,6.976758
14249,NME2,-122.65315,-6.975132,0.0,0.0,6.975132
14688,PSENEN,-122.86735,-6.9744525,0.0,0.0,6.9744525
940,F5,122.739235,6.9710293,0.0,0.0,6.9710293
14631,REPIN1,-122.820854,-6.9680076,0.0,0.0,6.9680076
14504,EPPK1,-122.74991,-6.9676595,0.0,0.0,6.9676595
14675,S100A4,-122.85709,-6.967225,0.0,0.0,6.967225
14400,VKORC1,-122.7076,-6.9643297,0.0,0.0,6.9643297
14794,MT-ND4L,-122.99125,-6.960073,0.0,0.0,6.960073
565,CAPN9,122.91711,6.9577465,0.0,0.0,6.9577465
668,CPA6,122.87215,6.9503555,0.0,0.0,6.9503555
12079,SAA2,-121.80564,-6.948136,0.0,0.0,6.948136
14466,RBP1,-122.73335,-6.946523,0.0,0.0,6.946523
11866,COA8,-121.48152,-6.9430904,0.0,0.0,6.9430904
14595,SYNJ2BP,-122.79346,-6.934341,0.0,0.0,6.934341
14700,WDR83OS,-122.877884,-6.9329767,0.0,0.0,6.9329767
549,SMCO2,122.922455,6.9279504,0.0,0.0,6.9279504
1052,SLC22A4,122.67896,6.926759,0.0,0.0,6.926759
663,TIMM23B-AGAP6,122.8732,6.9242835,0.0,0.0,6.9242835
12843,PTTG1,-122.29862,-6.921374,0.0,0.0,6.921374
14652,SPTSSA,-122.83926,-6.92026,0.0,0.0,6.92026
14559,MRPS17,-122.776924,-6.9177895,0.0,0.0,6.9177895
1231,VXN,122.582085,6.917155,0.0,0.0,6.917155
14636,RGS5,-122.82367,-6.9151425,0.0,0.0,6.9151425
14430,VCAN,-122.72111,-6.9147997,0.0,0.0,6.9147997
14639,TMEM80,-122.82628,-6.9110985,0.0,0.0,6.9110985
977,GAS2,122.72159,6.90967,0.0,0.0,6.90967
14556,BEX1,-122.77665,-6.9084835,0.0,0.0,6.9084835
1005,GALNT17,122.706,6.907556,0.0,0.0,6.907556
187,CPED1,123.0804,6.899605,0.0,0.0,6.899605
277,CPNE9,123.03894,6.8958263,0.0,0.0,6.8958263
14349,TMEM141,-122.69007,-6.893605,0.0,0.0,6.893605
14586,FDX2,-122.78932,-6.8919506,0.0,0.0,6.8919506
14147,NME1,-122.620125,-6.8879027,0.0,0.0,6.8879027
989,HEATR4,122.714584,6.8836384,0.0,0.0,6.8836384
1536,LRRTM3,122.30433,6.8833947,0.0,0.0,6.8833947
573,HS6ST3,122.91173,6.876878,0.0,0.0,6.876878
14776,PEX19,-122.965416,-6.873496,0.0,0.0,6.873496
14220,SELENOH,-122.640526,-6.8705974,0.0,0.0,6.8705974
957,THSD4,122.72894,6.8684816,0.0,0.0,6.8684816
14699,MT-ATP8,-122.877686,-6.8660955,0.0,0.0,6.8660955
14590,AMT,-122.792206,-6.863841,0.0,0.0,6.863841
14156,EEF1G,-122.62295,-6.8622966,0.0,0.0,6.8622966
14621,SDHAF2,-122.81523,-6.858967,0.0,0.0,6.858967
14644,DNAL4,-122.8326,-6.8574862,0.0,0.0,6.8574862
1717,TTTY10,122.03603,6.857139,0.0,0.0,6.857139
14157,CTSD,-122.622955,-6.8563757,0.0,0.0,6.8563757
352,SCIMP,123.00236,6.8550034,0.0,0.0,6.8550034
14613,PPP2CA,-122.81138,-6.8526063,0.0,0.0,6.8526063
14021,BSCL2,-122.581566,-6.852031,0.0,0.0,6.852031
13468,FEN1,-122.450386,-6.851438,0.0,0.0,6.851438
14582,HSD11B1L,-122.787254,-6.851027,0.0,0.0,6.851027
14415,CYP51A1,-122.71449,-6.8505464,0.0,0.0,6.8505464
14100,RBM27,-122.60607,-6.8437214,0.0,0.0,6.8437214
874,NLGN1,122.76982,6.8434863,0.0,0.0,6.8434863
14620,SYTL5,-122.81443,-6.8401318,0.0,0.0,6.8401318
148,SYN3,123.10431,6.8383236,0.0,0.0,6.8383236
14262,TSNAX,-122.65793,-6.838042,0.0,0.0,6.838042
577,OVOL2,122.909134,6.837055,0.0,0.0,6.837055
14198,POLR2J3,-122.63423,-6.8356647,0.0,0.0,6.8356647
14231,PSMA6,-122.645454,-6.8355527,0.0,0.0,6.8355527
14177,BEND5,-122.62819,-6.834271,0.0,0.0,6.834271
531,SH3GL2,122.92796,6.8319507,0.0,0.0,6.8319507
14473,ARF3,-122.73581,-6.8288336,0.0,0.0,6.8288336
1177,NEK10,122.61138,6.8246493,0.0,0.0,6.8246493
14566,MT-ATP6,-122.77973,-6.824335,0.0,0.0,6.824335
14395,PARL,-122.70552,-6.823811,0.0,0.0,6.823811
675,KIF26B-AS1,122.87001,6.8231697,0.0,0.0,6.8231697
589,PRKG1,122.90601,6.8225,0.0,0.0,6.8225
743,NLRC4,122.83427,6.8216763,0.0,0.0,6.8216763
14447,TMEM205,-122.7275,-6.8216443,0.0,0.0,6.8216443
14712,MT-CO2,-122.89214,-6.8207498,0.0,0.0,6.8207498
12224,SCO2,-121.96346,-6.8185167,0.0,0.0,6.8185167
11618,ABCF2,-120.93825,-6.8175316,0.0,0.0,6.8175316
9004,TLCD4,-78.89125,-6.8163943,0.0,0.0,6.8163943
14425,ADSL,-122.71892,-6.812389,0.0,0.0,6.812389
5,DMRT1,123.281105,6.8123713,0.0,0.0,6.8123713
263,DCC,123.04518,6.8112526,0.0,0.0,6.8112526
14475,PTPMT1,-122.73731,-6.80892,0.0,0.0,6.80892
14116,SMIM7,-122.61194,-6.802206,0.0,0.0,6.802206
14728,MT-ND4,-122.91152,-6.802137,0.0,0.0,6.802137
304,ESR2,123.02494,6.8012094,0.0,0.0,6.8012094
341,ZNF451-AS1,123.00792,6.796959,0.0,0.0,6.796959
14460,RWDD3,-122.73102,-6.796284,0.0,0.0,6.796284
14315,PPP3R1,-122.67754,-6.7962112,0.0,0.0,6.7962112
425,SLC24A2,122.96568,6.795047,0.0,0.0,6.795047
14207,ZFP91,-122.63731,-6.793461,0.0,0.0,6.793461
14109,PSMA2,-122.60916,-6.7927866,0.0,0.0,6.7927866
14455,ANKRD39,-122.72925,-6.7887716,0.0,0.0,6.7887716
58,APBB1IP,123.17767,6.7874556,0.0,0.0,6.7874556
14742,IER3IP1,-122.92592,-6.7836065,0.0,0.0,6.7836065
13900,UBE2V1,-122.546265,-6.783478,0.0,0.0,6.783478
67,ERG,123.167755,6.7816443,0.0,0.0,6.7816443
14278,NAA10,-122.662254,-6.776475,0.0,0.0,6.776475
14807,KAZALD1,-123.01871,-6.776017,0.0,0.0,6.776017
546,PDE2A,122.92335,6.773648,0.0,0.0,6.773648
14296,TMED7,-122.66971,-6.7721834,0.0,0.0,6.7721834
14605,MYL4,-122.803986,-6.7681713,0.0,0.0,6.7681713
14402,EGLN2,-122.70892,-6.7680035,0.0,0.0,6.7680035
12747,DEPDC1,-122.268814,-6.7639136,0.0,0.0,6.7639136
13958,SLC35E1,-122.564545,-6.762998,0.0,0.0,6.762998
14148,UNC119,-122.62023,-6.762337,0.0,0.0,6.762337
12604,BOLA2,-122.21609,-6.7607064,0.0,0.0,6.7607064
14777,PTPRD-AS1,-122.96685,-6.7599387,0.0,0.0,6.7599387
147,KCNH3,123.10457,6.759325,0.0,0.0,6.759325
13812,ID1,-122.52939,-6.757948,0.0,0.0,6.757948
68,MYH14,123.166794,6.754028,0.0,0.0,6.754028
14288,AARSD1,-122.66647,-6.7534003,0.0,0.0,6.7534003
13789,RPS10,-122.52308,-6.7530093,0.0,0.0,6.7530093
11466,PRORP,-120.44146,-6.7525573,0.0,0.0,6.7525573
13941,TGIF2,-122.55931,-6.751574,0.0,0.0,6.751574
13999,RPL17,-122.573845,-6.750383,0.0,0.0,6.750383
14002,ARPC4,-122.57416,-6.7489,0.0,0.0,6.7489
14000,APOE,-122.57402,-6.7420883,0.0,0.0,6.7420883
1046,WNT9A,122.68088,6.7291145,0.0,0.0,6.7291145
13980,KDELR2,-122.56948,-6.7284946,0.0,0.0,6.7284946
14401,AKT1S1,-122.70889,-6.7280536,0.0,0.0,6.7280536
2437,NGF,119.15991,6.7276716,0.0,0.0,6.7276716
110,DPP4,123.13029,6.723244,0.0,0.0,6.723244
206,CDH20,123.07276,6.722162,0.0,0.0,6.722162
14465,RNF103,-122.73316,-6.721374,0.0,0.0,6.721374
301,SLC38A4,123.02551,6.7206154,0.0,0.0,6.7206154
14381,GNG10,-122.70068,-6.718777,0.0,0.0,6.718777
13718,RPL26,-122.5039,-6.7133594,0.0,0.0,6.7133594
1463,CASQ2,122.39664,6.7107887,0.0,0.0,6.7107887
14224,SATB1,-122.64334,-6.707902,0.0,0.0,6.707902
14069,GEMIN7,-122.596985,-6.7065806,0.0,0.0,6.7065806
14357,FXN,-122.693596,-6.7065253,0.0,0.0,6.7065253
14101,CALM2,-122.6068,-6.7055235,0.0,0.0,6.7055235
14254,TMBIM4,-122.653984,-6.704378,0.0,0.0,6.704378
14258,AJUBA,-122.65578,-6.7034764,0.0,0.0,6.7034764
13818,PPP1R14A,-122.5298,-6.7031074,0.0,0.0,6.7031074
14403,TEX261,-122.709236,-6.7018046,0.0,0.0,6.7018046
14752,ATP1B2,-122.93448,-6.701659,0.0,0.0,6.701659
13870,DNAJC25,-122.54115,-6.6990833,0.0,0.0,6.6990833
31,RUNX1,123.21266,6.6989822,0.0,0.0,6.6989822
14244,PIGM,-122.65048,-6.6988683,0.0,0.0,6.6988683
14062,CRABP2,-122.5956,-6.6976485,0.0,0.0,6.6976485
14520,TUBA1A,-122.7568,-6.697204,0.0,0.0,6.697204
13716,MDK,-122.50238,-6.695826,0.0,0.0,6.695826
13847,HNRNPUL2,-122.53691,-6.692632,0.0,0.0,6.692632
14049,TMEM132A,-122.59149,-6.6924973,0.0,0.0,6.6924973
14515,TLNRD1,-122.754944,-6.6897907,0.0,0.0,6.6897907
14054,ARPIN,-122.59237,-6.6884756,0.0,0.0,6.6884756
13622,MRPL30,-122.4825,-6.687614,0.0,0.0,6.687614
14526,SHB,-122.76017,-6.6866508,0.0,0.0,6.6866508
14162,TRAPPC2B,-122.62458,-6.685668,0.0,0.0,6.685668
1203,SORBS1,122.594505,6.682247,0.0,0.0,6.682247
14050,UBE2F,-122.59155,-6.6818113,0.0,0.0,6.6818113
14017,MGST1,-122.58015,-6.679846,0.0,0.0,6.679846
14647,DOK4,-122.83384,-6.678763,0.0,0.0,6.678763
13839,RBMXL1,-122.53382,-6.6770926,0.0,0.0,6.6770926
11768,RAMAC,-121.28978,-6.673077,0.0,0.0,6.673077
13595,ISYNA1,-122.47516,-6.6710763,0.0,0.0,6.6710763
13491,CHMP1B,-122.45399,-6.6690397,0.0,0.0,6.6690397
14335,FASTKD5,-122.68431,-6.6676354,0.0,0.0,6.6676354
511,SLC35F4,122.93744,6.666152,0.0,0.0,6.666152
14176,ZHX1,-122.628006,-6.6661043,0.0,0.0,6.6661043
14227,TP53I13,-122.64395,-6.6646795,0.0,0.0,6.6646795
306,ZNF565,123.02421,6.663303,0.0,0.0,6.663303
14175,MT-ND3,-122.627884,-6.663228,0.0,0.0,6.663228
14543,RNASEK,-122.76966,-6.6620255,0.0,0.0,6.6620255
709,ESR1,122.85295,6.6617126,0.0,0.0,6.6617126
2442,SEC16B,119.136406,6.66165,0.0,0.0,6.66165
12,LINC02228,123.25081,6.660294,0.0,0.0,6.660294
14143,TMEM97,-122.6198,-6.6582737,0.0,0.0,6.6582737
817,RERE-AS1,122.79496,6.6504884,0.0,0.0,6.6504884
13798,RPL36A,-122.525345,-6.647348,0.0,0.0,6.647348
14634,BORCS8,-122.8225,-6.6450467,0.0,0.0,6.6450467
14759,U2AF1L4,-122.94209,-6.6418796,0.0,0.0,6.6418796
13724,ARL2,-122.50545,-6.6398816,0.0,0.0,6.6398816
1212,KY,122.59081,6.6371207,0.0,0.0,6.6371207
14128,TIMM10B,-122.61376,-6.6368256,0.0,0.0,6.6368256
13283,BABAM1,-122.41185,-6.634982,0.0,0.0,6.634982
14766,NDUFA13,-122.94995,-6.633948,0.0,0.0,6.633948
305,LINC00923,123.02421,6.631676,0.0,0.0,6.631676
14594,DGCR6,-122.79344,-6.631549,0.0,0.0,6.631549
14042,CLCC1,-122.589745,-6.6309624,0.0,0.0,6.6309624
14113,COX16,-122.60957,-6.625953,0.0,0.0,6.625953
14263,INO80C,-122.65828,-6.6216097,0.0,0.0,6.6216097
13616,UBE2W,-122.48097,-6.6214147,0.0,0.0,6.6214147
11610,TAGLN,-120.91476,-6.6192904,0.0,0.0,6.6192904
13766,RBM12,-122.517006,-6.6188807,0.0,0.0,6.6188807
13912,EEF1E1,-122.54895,-6.617193,0.0,0.0,6.617193
14103,PIK3R2,-122.60719,-6.6155953,0.0,0.0,6.6155953
14126,ZNF576,-122.613365,-6.61464,0.0,0.0,6.61464
1596,GRIK1,122.21918,6.6134095,0.0,0.0,6.6134095
14295,BIVM,-122.66959,-6.6119514,0.0,0.0,6.6119514
794,LINC02362,122.807625,6.610834,0.0,0.0,6.610834
13552,AS3MT,-122.46439,-6.60509,0.0,0.0,6.60509
14643,HOXB-AS1,-122.82995,-6.600559,0.0,0.0,6.600559
336,KIZ-AS1,123.00876,6.5964956,0.0,0.0,6.5964956
552,LPAR5,122.92121,6.595225,0.0,0.0,6.595225
13707,BLOC1S5,-122.49992,-6.5945253,0.0,0.0,6.5945253
14508,MT-ND1,-122.751045,-6.5940166,0.0,0.0,6.5940166
10376,WNT2,-111.771645,-6.5922365,0.0,0.0,6.5922365
13416,CHERP,-122.44145,-6.5909367,0.0,0.0,6.5909367
14677,ATP5MGL,-122.85836,-6.590452,0.0,0.0,6.590452
14614,LDOC1,-122.812355,-6.587687,0.0,0.0,6.587687
854,LINC02177,122.778305,6.585498,0.0,0.0,6.585498
14197,TBCEL,-122.63386,-6.583303,0.0,0.0,6.583303
14653,CPE,-122.83927,-6.582659,0.0,0.0,6.582659
13781,ZNF585A,-122.52142,-6.581408,0.0,0.0,6.581408
14336,EFNB3,-122.684654,-6.5799317,0.0,0.0,6.5799317
13811,MARCKSL1,-122.52938,-6.570578,0.0,0.0,6.570578
37,LONRF3,123.20762,6.5688844,0.0,0.0,6.5688844
2374,LCNL1,119.47594,6.567998,0.0,0.0,6.567998
13517,PYCR2,-122.458115,-6.5637884,0.0,0.0,6.5637884
13309,NUP62,-122.41807,-6.5628014,0.0,0.0,6.5628014
13927,DTD2,-122.554,-6.5622835,0.0,0.0,6.5622835
4449,CLCF1,91.08397,6.560813,0.0,0.0,6.560813
14454,DCHS1,-122.72918,-6.560332,0.0,0.0,6.560332
13227,RBM7,-122.403206,-6.5570145,0.0,0.0,6.5570145
14538,CIPC,-122.76765,-6.5534286,0.0,0.0,6.5534286
14051,PCDHGB6,-122.59209,-6.552903,0.0,0.0,6.552903
13570,NPHP3,-122.46893,-6.552178,0.0,0.0,6.552178
13612,PSMA3-AS1,-122.4792,-6.5497284,0.0,0.0,6.5497284
14209,ZGPAT,-122.63763,-6.546591,0.0,0.0,6.546591
14338,MT-CO3,-122.68552,-6.54639,0.0,0.0,6.54639
13304,FABP5,-122.416794,-6.5462465,0.0,0.0,6.5462465
14129,SLC39A3,-122.61432,-6.5425954,0.0,0.0,6.5425954
14535,ITGB3,-122.76636,-6.5419836,0.0,0.0,6.5419836
13700,RAB5C,-122.49765,-6.54127,0.0,0.0,6.54127
13637,ZNF655,-122.48491,-6.540983,0.0,0.0,6.540983
14161,TMEM91,-122.62442,-6.540278,0.0,0.0,6.540278
14458,PTGR2,-122.73006,-6.539397,0.0,0.0,6.539397
14340,NAA80,-122.686615,-6.534101,0.0,0.0,6.534101
195,TMPRSS9,123.07705,6.5337114,0.0,0.0,6.5337114
14028,SCD,-122.58364,-6.530308,0.0,0.0,6.530308
13580,RPL18A,-122.47122,-6.529229,0.0,0.0,6.529229
13228,RBAK,-122.40321,-6.526222,0.0,0.0,6.526222
13996,CENPS,-122.573654,-6.525567,0.0,0.0,6.525567
13120,SLC33A1,-122.37693,-6.521023,0.0,0.0,6.521023
1287,TLL2,122.54212,6.520779,0.0,0.0,6.520779
13201,RPL39,-122.39872,-6.519842,0.0,0.0,6.519842
13876,HOXB2,-122.54253,-6.519197,0.0,0.0,6.519197
579,LAMA3,122.90859,6.5190234,0.0,0.0,6.5190234
13758,PPP1R37,-122.51513,-6.518826,0.0,0.0,6.518826
14749,CCRL2,-122.931046,-6.5181212,0.0,0.0,6.5181212
14442,LYRM9,-122.725624,-6.5117826,0.0,0.0,6.5117826
470,ANKRD23,122.95087,6.5085754,0.0,0.0,6.5085754
13186,GOSR2,-122.39513,-6.5084124,0.0,0.0,6.5084124
13568,EEF1A1,-122.46816,-6.5068903,0.0,0.0,6.5068903
14592,MT-ND2,-122.792404,-6.5055075,0.0,0.0,6.5055075
13072,CRYZL1,-122.36716,-6.5053883,0.0,0.0,6.5053883
404,RNF128,122.975716,6.502623,0.0,0.0,6.502623
12732,BLOC1S6,-122.26383,-6.4996467,0.0,0.0,6.4996467
13770,PPAN,-122.51801,-6.499034,0.0,0.0,6.499034
13808,RPL9,-122.52871,-6.497823,0.0,0.0,6.497823
14662,MROH7,-122.848175,-6.495657,0.0,0.0,6.495657
13541,FST,-122.46204,-6.4946995,0.0,0.0,6.4946995
12229,NEK2,-121.96697,-6.4929647,0.0,0.0,6.4929647
14487,CFC1,-122.742355,-6.4921203,0.0,0.0,6.4921203
497,IQCJ-SCHIP1,122.942444,6.487842,0.0,0.0,6.487842
13973,RAB4B,-122.567276,-6.4852524,0.0,0.0,6.4852524
13050,PEG10,-122.36171,-6.4841313,0.0,0.0,6.4841313
14350,POLR2J2,-122.69025,-6.4810863,0.0,0.0,6.4810863
13897,ST6GALNAC6,-122.54598,-6.477341,0.0,0.0,6.477341
13543,ZNF174,-122.46273,-6.4759173,0.0,0.0,6.4759173
952,PKD2L2,122.731834,6.4755244,0.0,0.0,6.4755244
13787,PTN,-122.52251,-6.475138,0.0,0.0,6.475138
13567,SYS1,-122.468094,-6.473397,0.0,0.0,6.473397
14470,MT-CYB,-122.734314,-6.472525,0.0,0.0,6.472525
1032,NIBAN1,122.69367,6.470964,0.0,0.0,6.470964
450,MASP2,122.95705,6.46944,0.0,0.0,6.46944
13872,WDR54,-122.54167,-6.4690022,0.0,0.0,6.4690022
14778,GDPGP1,-122.96724,-6.467561,0.0,0.0,6.467561
14153,CCDC80,-122.62234,-6.466764,0.0,0.0,6.466764
13719,FIP1L1,-122.50462,-6.463883,0.0,0.0,6.463883
13464,ARL6IP1,-122.44957,-6.4631953,0.0,0.0,6.4631953
13963,UPK3BL1,-122.56633,-6.4576387,0.0,0.0,6.4576387
13102,CHML,-122.37248,-6.457274,0.0,0.0,6.457274
14327,SLC25A51,-122.68202,-6.4570365,0.0,0.0,6.4570365
14094,FNIP1,-122.60474,-6.4520626,0.0,0.0,6.4520626
13045,ZNF544,-122.36031,-6.4518843,0.0,0.0,6.4518843
13957,FKBP1B,-122.56428,-6.4517274,0.0,0.0,6.4517274
13369,APOBEC3C,-122.43072,-6.4513736,0.0,0.0,6.4513736
13306,ZNF8,-122.41708,-6.449871,0.0,0.0,6.449871
14820,LINC01034,-123.08662,-6.4495,0.0,0.0,6.4495
13816,FAM53B,-122.529724,-6.447765,0.0,0.0,6.447765
14085,PELO,-122.60153,-6.445313,0.0,0.0,6.445313
196,MCMDC2,123.07682,6.4437838,0.0,0.0,6.4437838
14772,IGFBP6,-122.95705,-6.4437227,0.0,0.0,6.4437227
13089,CNPY2,-122.37034,-6.441703,0.0,0.0,6.441703
14260,CSRP2,-122.65697,-6.4376206,0.0,0.0,6.4376206
13059,SLC5A3,-122.363525,-6.4375534,0.0,0.0,6.4375534
14555,MARVELD1,-122.77639,-6.4361825,0.0,0.0,6.4361825
11747,JMJD7,-121.24553,-6.4355426,0.0,0.0,6.4355426
2786,LINC01411,116.6674,6.4349804,0.0,0.0,6.4349804
13563,PAQR8,-122.46791,-6.431561,0.0,0.0,6.431561
13721,EFNA4,-122.50513,-6.4305277,0.0,0.0,6.4305277
14245,SPN,-122.65055,-6.428386,0.0,0.0,6.428386
14087,KCTD12,-122.60299,-6.42803,0.0,0.0,6.42803
13319,RHNO1,-122.42049,-6.4276466,0.0,0.0,6.4276466
13853,IFNAR2,-122.53795,-6.4269633,0.0,0.0,6.4269633
366,VWF,122.99394,6.4250994,0.0,0.0,6.4250994
14502,HAS2-AS1,-122.749756,-6.424025,0.0,0.0,6.424025
13834,TMEM88,-122.53288,-6.419809,0.0,0.0,6.419809
14149,ZNF747,-122.62048,-6.4154873,0.0,0.0,6.4154873
115,USHBP1,123.12675,6.4152246,0.0,0.0,6.4152246
13823,ATXN7,-122.53136,-6.4148045,0.0,0.0,6.4148045
12034,KBTBD13,-121.746605,-6.414551,0.0,0.0,6.414551
334,THSD7B,123.01007,6.414052,0.0,0.0,6.414052
13887,ZNF511,-122.543755,-6.413315,0.0,0.0,6.413315
12995,EXOSC3,-122.34651,-6.4131484,0.0,0.0,6.4131484
13836,RBM14,-122.5329,-6.4129605,0.0,0.0,6.4129605
386,CD38,122.98515,6.4116206,0.0,0.0,6.4116206
77,GABRG3,123.15516,6.408363,0.0,0.0,6.408363
14681,SLC12A5,-122.86264,-6.4068027,0.0,0.0,6.4068027
14637,SAA4,-122.82581,-6.404697,0.0,0.0,6.404697
620,KIRREL3,122.891914,6.4040527,0.0,0.0,6.4040527
13500,ZSCAN26,-122.45558,-6.403466,0.0,0.0,6.403466
14138,CYBA,-122.619415,-6.4031205,0.0,0.0,6.4031205
231,GABRE,123.06031,6.401859,0.0,0.0,6.401859
14234,ZNF580,-122.646164,-6.398545,0.0,0.0,6.398545
13540,IFT80,-122.461975,-6.3981366,0.0,0.0,6.3981366
321,SEMA6A-AS1,123.01902,6.397759,0.0,0.0,6.397759
14119,KDR,-122.61216,-6.392643,0.0,0.0,6.392643
13865,ARHGAP19,-122.54018,-6.3910437,0.0,0.0,6.3910437
12807,TIA1,-122.287544,-6.388825,0.0,0.0,6.388825
13430,CLN5,-122.44376,-6.38872,0.0,0.0,6.38872
14172,GPX8,-122.62648,-6.3861675,0.0,0.0,6.3861675
13487,KCTD7,-122.453316,-6.38512,0.0,0.0,6.38512
636,SYT2,122.887344,6.38444,0.0,0.0,6.38444
13085,ZNF581,-122.3695,-6.3829713,0.0,0.0,6.3829713
14689,MYL7,-122.870575,-6.382099,0.0,0.0,6.382099
14226,BBS5,-122.64379,-6.381881,0.0,0.0,6.381881
13393,ANKHD1,-122.4346,-6.381768,0.0,0.0,6.381768
1109,LINC02256,122.64885,6.379763,0.0,0.0,6.379763
12758,RBFA,-122.27309,-6.377941,0.0,0.0,6.377941
13978,ZNF548,-122.568726,-6.3759513,0.0,0.0,6.3759513
14629,CHN2,-122.82002,-6.375148,0.0,0.0,6.375148
13409,VWA1,-122.43881,-6.3711076,0.0,0.0,6.3711076
13942,SENP3,-122.55933,-6.3680787,0.0,0.0,6.3680787
793,ASIP,122.80773,6.3672323,0.0,0.0,6.3672323
2574,UBASH3B,118.19456,6.365924,0.0,0.0,6.365924
13519,ZNF286A,-122.45828,-6.3649635,0.0,0.0,6.3649635
13705,LIN37,-122.499176,-6.364105,0.0,0.0,6.364105
13145,SLC35F6,-122.384674,-6.3622284,0.0,0.0,6.3622284
13376,RAD51D,-122.43137,-6.361986,0.0,0.0,6.361986
14307,WBP1,-122.67504,-6.3588696,0.0,0.0,6.3588696
13363,ZNF419,-122.42938,-6.3582926,0.0,0.0,6.3582926
8894,LRATD2,-75.091705,-6.3569527,0.0,0.0,6.3569527
13676,SMARCE1,-122.49301,-6.356414,0.0,0.0,6.356414
307,FAM78B,123.023926,6.3540597,0.0,0.0,6.3540597
13571,HEXA,-122.469376,-6.353509,0.0,0.0,6.353509
12746,ATXN1L,-122.26869,-6.3498807,0.0,0.0,6.3498807
12739,PCDHGA10,-122.26603,-6.3492208,0.0,0.0,6.3492208
14779,FNDC10,-122.97162,-6.3475804,0.0,0.0,6.3475804
14493,IRGQ,-122.74405,-6.3425,0.0,0.0,6.3425
13860,ZNF713,-122.53918,-6.3369827,0.0,0.0,6.3369827
13995,KTI12,-122.57256,-6.3358665,0.0,0.0,6.3358665
598,CSMD2,122.90278,6.332569,0.0,0.0,6.332569
13108,EMG1,-122.373405,-6.3299446,0.0,0.0,6.3299446
14066,THAP5,-122.596245,-6.3283286,0.0,0.0,6.3283286
12727,ERF,-122.26279,-6.326417,0.0,0.0,6.326417
12557,ZNF626,-122.200226,-6.3260465,0.0,0.0,6.3260465
13578,RPP25,-122.470474,-6.325822,0.0,0.0,6.325822
238,LSAMP-AS1,123.05663,6.325162,0.0,0.0,6.325162
13187,MAP6D1,-122.39553,-6.3207617,0.0,0.0,6.3207617
80,F13A1,123.1544,6.320594,0.0,0.0,6.320594
13666,RNASET2,-122.491234,-6.3191705,0.0,0.0,6.3191705
1079,SPESP1,122.66345,6.3171186,0.0,0.0,6.3171186
13208,VIM,-122.39949,-6.3170266,0.0,0.0,6.3170266
13863,STMN1,-122.53963,-6.315566,0.0,0.0,6.315566
445,IP6K3,122.95855,6.31368,0.0,0.0,6.31368
14756,C8orf82,-122.93788,-6.3057065,0.0,0.0,6.3057065
14683,LYNX1,-122.863716,-6.3054404,0.0,0.0,6.3054404
222,TFAP2E,123.06522,6.3033476,0.0,0.0,6.3033476
13621,BGLAP,-122.48219,-6.3029275,0.0,0.0,6.3029275
13668,PDGFRA,-122.49199,-6.3013268,0.0,0.0,6.3013268
13627,IFITM2,-122.48345,-6.3012686,0.0,0.0,6.3012686
570,LINC02763,122.91459,6.3011675,0.0,0.0,6.3011675
130,ANGPTL1,123.11716,6.2995067,0.0,0.0,6.2995067
14293,LINC01011,-122.669014,-6.2979083,0.0,0.0,6.2979083
108,LINC01239,123.13157,6.2972836,0.0,0.0,6.2972836
14120,CKLF,-122.61235,-6.2962985,0.0,0.0,6.2962985
14215,SUMO4,-122.63905,-6.2953806,0.0,0.0,6.2953806
14122,ARL4C,-122.61243,-6.2953176,0.0,0.0,6.2953176
14461,GABARAP,-122.73201,-6.2936068,0.0,0.0,6.2936068
13513,RTL10,-122.457634,-6.2930355,0.0,0.0,6.2930355
14191,ULBP3,-122.6326,-6.288053,0.0,0.0,6.288053
14427,CDO1,-122.72025,-6.2853646,0.0,0.0,6.2853646
1077,MAP3K5,122.66455,6.283101,0.0,0.0,6.283101
14444,ICAM4,-122.72685,-6.282881,0.0,0.0,6.282881
9017,BMP10,-79.20601,-6.277971,0.0,0.0,6.277971
12547,KDM4A,-122.19541,-6.276936,0.0,0.0,6.276936
14666,LACC1,-122.85091,-6.276374,0.0,0.0,6.276374
13832,ZNF410,-122.532555,-6.2716417,0.0,0.0,6.2716417
1373,APOL6,122.478195,6.271302,0.0,0.0,6.271302
13806,CTSV,-122.527916,-6.270868,0.0,0.0,6.270868
353,RAPSN,123.00221,6.2663584,0.0,0.0,6.2663584
12953,TMSB10,-122.3336,-6.265485,0.0,0.0,6.265485
13944,PRSS35,-122.56022,-6.2629375,0.0,0.0,6.2629375
13903,PIGBOS1,-122.54654,-6.262701,0.0,0.0,6.262701
12972,ZNF700,-122.341324,-6.2622614,0.0,0.0,6.2622614
1122,STARD13,122.64422,6.2621136,0.0,0.0,6.2621136
2539,TRDN-AS1,118.467834,6.2603917,0.0,0.0,6.2603917
256,ASB5,123.04972,6.259966,0.0,0.0,6.259966
13722,KRT18,-122.50513,-6.257184,0.0,0.0,6.257184
14250,ELOVL4,-122.65316,-6.2568336,0.0,0.0,6.2568336
421,PEX5L,122.96804,6.2539496,0.0,0.0,6.2539496
804,GRAMD1B,122.80174,6.2478447,0.0,0.0,6.2478447
249,SLA2,123.05269,6.2453012,0.0,0.0,6.2453012
14186,SEPSECS-AS1,-122.63069,-6.242624,0.0,0.0,6.242624
12961,CDK1,-122.3388,-6.242338,0.0,0.0,6.242338
144,SPATA16,123.107315,6.2421637,0.0,0.0,6.2421637
13350,SLC2A3,-122.42567,-6.2421513,0.0,0.0,6.2421513
14193,DHRS12,-122.63275,-6.238102,0.0,0.0,6.238102
13262,C11orf52,-122.40873,-6.2375965,0.0,0.0,6.2375965
13061,TMEM170A,-122.363846,-6.23699,0.0,0.0,6.23699
13507,ZBED3-AS1,-122.45622,-6.2364836,0.0,0.0,6.2364836
14498,LINC02082,-122.74733,-6.236363,0.0,0.0,6.236363
473,EPHB1,122.95066,6.2348256,0.0,0.0,6.2348256
14449,DACT1,-122.72793,-6.234523,0.0,0.0,6.234523
670,CDH22,122.87199,6.233797,0.0,0.0,6.233797
12996,THAP9-AS1,-122.34724,-6.232644,0.0,0.0,6.232644
704,MAGI1-AS1,122.85688,6.231609,0.0,0.0,6.231609
28,ATP8B1,123.213715,6.2315097,0.0,0.0,6.2315097
14346,ZNF781,-122.68868,-6.22698,0.0,0.0,6.22698
657,PCDH9,122.87703,6.2243886,0.0,0.0,6.2243886
14233,CAMK1G,-122.64572,-6.2240877,0.0,0.0,6.2240877
164,BANK1,123.09578,6.2231402,0.0,0.0,6.2231402
1126,FHIT,122.641716,6.220657,0.0,0.0,6.220657
13297,PDLIM2,-122.415344,-6.216313,0.0,0.0,6.216313
1151,CSDC2,122.6231,6.215574,0.0,0.0,6.215574
13602,MED26,-122.47684,-6.2151637,0.0,0.0,6.2151637
65,VWC2L,123.16869,6.2137227,0.0,0.0,6.2137227
14790,BOLA2B,-122.98844,-6.212099,0.0,0.0,6.212099
14392,LRRC8C,-122.70409,-6.2108283,0.0,0.0,6.2108283
12759,IFITM3,-122.27379,-6.208774,0.0,0.0,6.208774
849,LIX1-AS1,122.78017,6.207326,0.0,0.0,6.207326
800,ABCB1,122.80579,6.206229,0.0,0.0,6.206229
13419,CYB561D2,-122.44181,-6.206216,0.0,0.0,6.206216
14169,CTDNEP1,-122.625885,-6.2008843,0.0,0.0,6.2008843
14322,CLDND2,-122.68008,-6.1995606,0.0,0.0,6.1995606
13170,RCN1,-122.39093,-6.199378,0.0,0.0,6.199378
13156,TUBA1B,-122.38753,-6.198433,0.0,0.0,6.198433
2632,ASB11,117.84818,6.1972938,0.0,0.0,6.1972938
652,LINC02241,122.87983,6.1967835,0.0,0.0,6.1967835
13629,C19orf33,-122.48348,-6.196186,0.0,0.0,6.196186
142,TAPT1-AS1,123.10983,6.1932383,0.0,0.0,6.1932383
1059,SLC26A5,122.672516,6.190472,0.0,0.0,6.190472
118,MYO3B,123.12398,6.188393,0.0,0.0,6.188393
1547,CXXC4-AS1,122.29097,6.1877847,0.0,0.0,6.1877847
14232,F11R,-122.64571,-6.1852584,0.0,0.0,6.1852584
11516,TNMD,-120.62177,-6.1840777,0.0,0.0,6.1840777
12228,MKI67,-121.96543,-6.1822896,0.0,0.0,6.1822896
12121,RRM2,-121.85056,-6.1802726,0.0,0.0,6.1802726
662,CCDC26,122.8739,6.1784043,0.0,0.0,6.1784043
14016,CNFN,-122.57929,-6.1770415,0.0,0.0,6.1770415
149,PRODH2,123.10428,6.1750746,0.0,0.0,6.1750746
522,CA10,122.93315,6.1739273,0.0,0.0,6.1739273
14654,MT-CO1,-122.84169,-6.1705775,0.0,0.0,6.1705775
3871,KCP,102.20729,6.1691527,0.0,0.0,6.1691527
13446,S1PR2,-122.44663,-6.1674557,0.0,0.0,6.1674557
694,IGSF11,122.86083,6.1646867,0.0,0.0,6.1646867
227,TNN,123.063126,6.162274,0.0,0.0,6.162274
13006,KRT19,-122.3499,-6.16193,0.0,0.0,6.16193
785,NKAIN2,122.81131,6.161024,0.0,0.0,6.161024
12844,BICRA,-122.29924,-6.159357,0.0,0.0,6.159357
14501,MARS2,-122.74973,-6.158117,0.0,0.0,6.158117
13269,VPS33B,-122.40947,-6.157115,0.0,0.0,6.157115
406,ELOVL2-AS1,122.97492,6.1568274,0.0,0.0,6.1568274
13205,EEF1AKMT4,-122.39927,-6.156771,0.0,0.0,6.156771
13270,LIPT1,-122.409485,-6.155299,0.0,0.0,6.155299
125,LGI1,123.12119,6.1551576,0.0,0.0,6.1551576
14534,C2orf15,-122.765015,-6.154222,0.0,0.0,6.154222
14272,CHURC1,-122.66187,-6.14817,0.0,0.0,6.14817
13289,STK26,-122.41418,-6.1480694,0.0,0.0,6.1480694
1152,BHMT2,122.623085,6.1474543,0.0,0.0,6.1474543
14424,OMA1,-122.71805,-6.1464705,0.0,0.0,6.1464705
167,MBP,123.09361,6.146284,0.0,0.0,6.146284
1989,GABRA4,121.32056,6.1462617,0.0,0.0,6.1462617
12882,ARHGEF18,-122.31105,-6.143825,0.0,0.0,6.143825
724,FRY-AS1,122.842606,6.13685,0.0,0.0,6.13685
13651,VPS33A,-122.487206,-6.1354694,0.0,0.0,6.1354694
898,CFAP77,122.75449,6.133644,0.0,0.0,6.133644
401,SLC26A8,122.97781,6.132612,0.0,0.0,6.132612
1310,FLACC1,122.52732,6.132506,0.0,0.0,6.132506
14553,VEGFC,-122.77519,-6.1293674,0.0,0.0,6.1293674
19,LINC02141,123.2367,6.1291986,0.0,0.0,6.1291986
607,RAP1GAP2,122.89966,6.128056,0.0,0.0,6.128056
12952,TIMP1,-122.33357,-6.1275606,0.0,0.0,6.1275606
1728,NTN4,122.02101,6.1255984,0.0,0.0,6.1255984
11968,TMEM35B,-121.65109,-6.123666,0.0,0.0,6.123666
13679,TATDN2,-122.49353,-6.121467,0.0,0.0,6.121467
1308,SLC30A10,122.52886,6.120644,0.0,0.0,6.120644
12729,ZNF605,-122.26318,-6.1206183,0.0,0.0,6.1206183
12979,RPS19,-122.343704,-6.114262,0.0,0.0,6.114262
12789,TMSB4X,-122.281494,-6.113245,0.0,0.0,6.113245
13213,ZNF564,-122.4008,-6.1108,0.0,0.0,6.1108
325,ACSM6,123.01344,6.1103544,0.0,0.0,6.1103544
202,PON1,123.075165,6.1080112,0.0,0.0,6.1080112
12950,NRP2,-122.33232,-6.1062155,0.0,0.0,6.1062155
47,STK32B,123.1911,6.1036806,0.0,0.0,6.1036806
756,HAVCR2,122.82465,6.0993567,0.0,0.0,6.0993567
22,CSMD3,123.22978,6.0985794,0.0,0.0,6.0985794
12621,STON1,-122.22461,-6.095595,0.0,0.0,6.095595
561,C12orf56,122.91857,6.094892,0.0,0.0,6.094892
13990,RPL3,-122.571686,-6.094625,0.0,0.0,6.094625
810,TAC4,122.799614,6.092683,0.0,0.0,6.092683
12710,ZNF551,-122.25654,-6.09255,0.0,0.0,6.09255
13753,TNFSF12,-122.51397,-6.0914187,0.0,0.0,6.0914187
313,SERPINB9P1,123.02143,6.0901575,0.0,0.0,6.0901575
12993,ISY1,-122.34586,-6.083163,0.0,0.0,6.083163
12863,CENPF,-122.305595,-6.082674,0.0,0.0,6.082674
1332,WDR49,122.51165,6.0806127,0.0,0.0,6.0806127
12670,FLCN,-122.24225,-6.0765505,0.0,0.0,6.0765505
14630,CLDN6,-122.82015,-6.075638,0.0,0.0,6.075638
63,DPYS,123.168976,6.0751863,0.0,0.0,6.0751863
13439,FSCN1,-122.445755,-6.0718336,0.0,0.0,6.0718336
13809,LINC00960,-122.52877,-6.0709343,0.0,0.0,6.0709343
13381,CYB5RL,-122.4322,-6.068591,0.0,0.0,6.068591
14059,ZNF653,-122.59372,-6.0660477,0.0,0.0,6.0660477
13293,NHEJ1,-122.41458,-6.063803,0.0,0.0,6.063803
843,CDH26,122.78383,6.0614395,0.0,0.0,6.0614395
13134,FAM215B,-122.381325,-6.0614038,0.0,0.0,6.0614038
12999,ELAC1,-122.3482,-6.060978,0.0,0.0,6.060978
778,NFE2L3,122.81414,6.0548053,0.0,0.0,6.0548053
2184,ADAM12,120.41193,6.054709,0.0,0.0,6.054709
13424,TUBB2B,-122.44282,-6.0537095,0.0,0.0,6.0537095
1825,PRR16,121.78373,6.0530562,0.0,0.0,6.0530562
1253,ABLIM3,122.57,6.0521255,0.0,0.0,6.0521255
14221,AMHR2,-122.641304,-6.0509696,0.0,0.0,6.0509696
219,CERKL,123.06666,6.050966,0.0,0.0,6.050966
1060,MKRN2OS,122.67249,6.049716,0.0,0.0,6.049716
13535,PXDN,-122.460625,-6.0487123,0.0,0.0,6.0487123
12678,GAS2L3,-122.24482,-6.0481806,0.0,0.0,6.0481806
14212,SNURF,-122.63833,-6.0478296,0.0,0.0,6.0478296
13163,RPS12,-122.38874,-6.0468903,0.0,0.0,6.0468903
14685,SMIM26,-122.866356,-6.0453095,0.0,0.0,6.0453095
237,DNAH9,123.05696,6.045251,0.0,0.0,6.045251
1247,SLC2A9,122.57282,6.0445175,0.0,0.0,6.0445175
11952,TICAM2,-121.626465,-6.04127,0.0,0.0,6.04127
14219,LIX1,-122.64016,-6.040683,0.0,0.0,6.040683
14518,BMP5,-122.75581,-6.0375147,0.0,0.0,6.0375147
430,CNTNAP4,122.96427,6.03688,0.0,0.0,6.03688
13075,NCCRP1,-122.367424,-6.036222,0.0,0.0,6.036222
14225,NDST2,-122.64374,-6.0346866,0.0,0.0,6.0346866
13450,FIBIN,-122.447556,-6.031295,0.0,0.0,6.031295
12770,SPAG5,-122.27681,-6.029204,0.0,0.0,6.029204
14205,CTSC,-122.63644,-6.0247574,0.0,0.0,6.0247574
14578,LIX1L-AS1,-122.78561,-6.02405,0.0,0.0,6.02405
12852,LINC00294,-122.30168,-6.019853,0.0,0.0,6.019853
630,HIVEP3,122.88995,6.01942,0.0,0.0,6.01942
13761,ERCC5,-122.515755,-6.0194197,0.0,0.0,6.0194197
1178,INSYN2A,122.61129,6.019253,0.0,0.0,6.019253
81,MALRD1,123.15426,6.018495,0.0,0.0,6.018495
13550,ZNF222,-122.464355,-6.018035,0.0,0.0,6.018035
14117,CDK2AP1,-122.61203,-6.0160437,0.0,0.0,6.0160437
1649,HMGCS2,122.14077,6.0111427,0.0,0.0,6.0111427
13257,HAUS3,-122.40798,-6.0105886,0.0,0.0,6.0105886
12553,PRC1,-122.198006,-6.0105305,0.0,0.0,6.0105305
14609,DPYSL3,-122.81,-6.008857,0.0,0.0,6.008857
10212,UBE2C,-109.09923,-6.0085974,0.0,0.0,6.0085974
324,CC2D2B,123.017044,6.007646,0.0,0.0,6.007646
1661,PNPLA7,122.122765,6.0054173,0.0,0.0,6.0054173
208,FAM156A,123.071396,6.0041046,0.0,0.0,6.0041046
968,FAM81B,122.72396,6.0033283,0.0,0.0,6.0033283
14801,GCHFR,-123.005554,-6.0030947,0.0,0.0,6.0030947
14185,ID4,-122.630615,-6.001734,0.0,0.0,6.001734
14334,ZNF664,-122.6839,-5.998965,0.0,0.0,5.998965
12441,TMEM72,-122.13621,-5.996722,0.0,0.0,5.996722
13203,ZBTB8B,-122.3989,-5.9965,0.0,0.0,5.9965
12703,PCLAF,-122.25454,-5.996381,0.0,0.0,5.996381
186,DISC1,123.08058,5.9948587,0.0,0.0,5.9948587
13803,RPS4X,-122.52612,-5.9936247,0.0,0.0,5.9936247
13496,FJX1,-122.45534,-5.9927735,0.0,0.0,5.9927735
13650,PCSK1N,-122.48712,-5.992723,0.0,0.0,5.992723
4,COL4A4,123.284256,5.991946,0.0,0.0,5.991946
12531,SLC35A3,-122.1889,-5.9915695,0.0,0.0,5.9915695
1074,ABCC9,122.666336,5.9907656,0.0,0.0,5.9907656
759,GRM5,122.82301,5.9903293,0.0,0.0,5.9903293
12896,ZNF625,-122.318436,-5.9865756,0.0,0.0,5.9865756
737,KLRD1,122.83651,5.9863887,0.0,0.0,5.9863887
12449,CXCL14,-122.13994,-5.984876,0.0,0.0,5.984876
362,FMN1,122.997215,5.9841104,0.0,0.0,5.9841104
14499,BBS1,-122.747505,-5.981776,0.0,0.0,5.981776
13406,ZNF816,-122.43765,-5.977818,0.0,0.0,5.977818
14485,JAG1,-122.741264,-5.9767647,0.0,0.0,5.9767647
40,EYS,123.204796,5.9729548,0.0,0.0,5.9729548
11260,ZNF37A,-119.6253,-5.9727225,0.0,0.0,5.9727225
14529,PNMA2,-122.761665,-5.9723864,0.0,0.0,5.9723864
13608,RAB39B,-122.478485,-5.9721456,0.0,0.0,5.9721456
13282,FAM171A2,-122.41161,-5.970932,0.0,0.0,5.970932
13503,ITM2C,-122.455986,-5.9708953,0.0,0.0,5.9708953
14344,A1BG,-122.688126,-5.967837,0.0,0.0,5.967837
557,ABCA10,122.919395,5.9677267,0.0,0.0,5.9677267
13874,TMEFF1,-122.54191,-5.9664264,0.0,0.0,5.9664264
14503,NAT14,-122.749794,-5.961722,0.0,0.0,5.961722
2433,CHRDL2,119.176994,5.961488,0.0,0.0,5.961488
1672,NTRK3,122.10408,5.9611316,0.0,0.0,5.9611316
13780,ZNF709,-122.52121,-5.959435,0.0,0.0,5.959435
13302,ZNF223,-122.41625,-5.9566526,0.0,0.0,5.9566526
1960,VWA5B1,121.39825,5.9544964,0.0,0.0,5.9544964
12011,COLEC12,-121.709206,-5.9539185,0.0,0.0,5.9539185
12912,HOXB3,-122.32386,-5.9520926,0.0,0.0,5.9520926
154,USP3-AS1,123.103325,5.951187,0.0,0.0,5.951187
14132,BLOC1S3,-122.61528,-5.9511504,0.0,0.0,5.9511504
14536,XK,-122.76641,-5.9510703,0.0,0.0,5.9510703
14410,STBD1,-122.71083,-5.9490156,0.0,0.0,5.9490156
358,SOX6,123.0003,5.9453497,0.0,0.0,5.9453497
42,ITGA11,123.19847,5.9437685,0.0,0.0,5.9437685
13745,NYNRIN,-122.511734,-5.9431276,0.0,0.0,5.9431276
12528,ZNF587B,-122.18787,-5.941018,0.0,0.0,5.941018
13096,LIMD2,-122.37127,-5.9396234,0.0,0.0,5.9396234
12733,CRB2,-122.26461,-5.937525,0.0,0.0,5.937525
1648,VWC2,122.14255,5.937458,0.0,0.0,5.937458
197,LPO,123.07676,5.9360385,0.0,0.0,5.9360385
13104,ANLN,-122.37278,-5.932697,0.0,0.0,5.932697
13065,LINC01089,-122.36528,-5.9319105,0.0,0.0,5.9319105
14281,BEX2,-122.66291,-5.931899,0.0,0.0,5.931899
440,RALYL,122.96091,5.931345,0.0,0.0,5.931345
12489,TVP23C,-122.165085,-5.930355,0.0,0.0,5.930355
12866,HEY1,-122.30609,-5.928382,0.0,0.0,5.928382
867,LRP4,122.77248,5.9258137,0.0,0.0,5.9258137
14216,CLEC11A,-122.639244,-5.924279,0.0,0.0,5.924279
13153,GPR37,-122.387276,-5.9231257,0.0,0.0,5.9231257
513,UFL1-AS1,122.93696,5.9203396,0.0,0.0,5.9203396
14165,DNAJB4,-122.62533,-5.918292,0.0,0.0,5.918292
13532,STXBP2,-122.46046,-5.916239,0.0,0.0,5.916239
13575,ZC3H10,-122.46964,-5.9160776,0.0,0.0,5.9160776
57,RNF122,123.177704,5.915113,0.0,0.0,5.915113
769,PTPN3,122.81756,5.912098,0.0,0.0,5.912098
13498,TXNDC5,-122.45548,-5.911176,0.0,0.0,5.911176
13246,BST2,-122.40647,-5.909618,0.0,0.0,5.909618
568,RORB,122.915306,5.9076085,0.0,0.0,5.9076085
14562,ZNF772,-122.77836,-5.9067607,0.0,0.0,5.9067607
13175,MYCN,-122.392136,-5.906672,0.0,0.0,5.906672
1256,ABLIM2,122.56721,5.90402,0.0,0.0,5.90402
13814,RPL29,-122.52962,-5.9035773,0.0,0.0,5.9035773
687,LINC00222,122.86567,5.901802,0.0,0.0,5.901802
13693,HOMER3,-122.4969,-5.901381,0.0,0.0,5.901381
9899,NICN1,-103.313126,-5.8980174,0.0,0.0,5.8980174
14376,AIF1L,-122.6997,-5.895767,0.0,0.0,5.895767
13649,STIMATE,-122.4868,-5.892547,0.0,0.0,5.892547
14405,PFN1,-122.70992,-5.892487,0.0,0.0,5.892487
1131,FRY,122.63985,5.8921547,0.0,0.0,5.8921547
14713,SH3BGRL,-122.894,-5.8920913,0.0,0.0,5.8920913
1600,ZNF385D,122.215866,5.8884864,0.0,0.0,5.8884864
371,PPEF1,122.99224,5.8884544,0.0,0.0,5.8884544
12951,MFAP2,-122.3332,-5.8884053,0.0,0.0,5.8884053
13510,C6orf163,-122.45708,-5.886069,0.0,0.0,5.886069
14413,TPT1,-122.713234,-5.885143,0.0,0.0,5.885143
15,DOCK5,123.24395,5.8813777,0.0,0.0,5.8813777
13694,ZNF17,-122.497055,-5.8810234,0.0,0.0,5.8810234
53,LINC01198,123.18021,5.8801007,0.0,0.0,5.8801007
179,GRID2IP,123.084045,5.8800406,0.0,0.0,5.8800406
1511,MYPN,122.34061,5.878676,0.0,0.0,5.878676
12735,EBLN2,-122.26502,-5.877398,0.0,0.0,5.877398
12433,CDC6,-122.13268,-5.877062,0.0,0.0,5.877062
13948,ZCWPW2,-122.560844,-5.8759327,0.0,0.0,5.8759327
12716,CKS2,-122.258865,-5.87562,0.0,0.0,5.87562
13298,TARDBP,-122.41571,-5.875576,0.0,0.0,5.875576
14072,ARTN,-122.59759,-5.8735385,0.0,0.0,5.8735385
12629,ZNF559,-122.227646,-5.873321,0.0,0.0,5.873321
563,LIPC,122.91831,5.869067,0.0,0.0,5.869067
13572,RPL30,-122.469444,-5.8689194,0.0,0.0,5.8689194
13846,COL5A2,-122.536766,-5.8647256,0.0,0.0,5.8647256
13077,RPL28,-122.36858,-5.862686,0.0,0.0,5.862686
10942,RSKR,-117.65939,-5.861974,0.0,0.0,5.861974
12019,FAM111B,-121.719696,-5.8583474,0.0,0.0,5.8583474
13331,TPM4,-122.42288,-5.856144,0.0,0.0,5.856144
1359,MYRIP,122.493324,5.856029,0.0,0.0,5.856029
12848,RASA4,-122.3008,-5.8552117,0.0,0.0,5.8552117
14798,NKX2-6,-122.99775,-5.855132,0.0,0.0,5.855132
13881,RPS5,-122.54294,-5.8544006,0.0,0.0,5.8544006
13644,RPS15A,-122.48578,-5.8528123,0.0,0.0,5.8528123
13484,KIF26A,-122.453156,-5.8513985,0.0,0.0,5.8513985
13736,SV2A,-122.50873,-5.849666,0.0,0.0,5.849666
1473,LINC00616,122.38588,5.847695,0.0,0.0,5.847695
8584,MT1G,-63.586773,-5.8475213,0.0,0.0,5.8475213
612,HKDC1,122.89842,5.8470097,0.0,0.0,5.8470097
10745,NOTCH2NLA,-115.8114,-5.8451934,0.0,0.0,5.8451934
12742,GALNT4,-122.26725,-5.843462,0.0,0.0,5.843462
62,ARMC2,123.16984,5.843152,0.0,0.0,5.843152
13699,PANX2,-122.49764,-5.8424625,0.0,0.0,5.8424625
13234,RAB34,-122.40431,-5.8410954,0.0,0.0,5.8410954
12893,MEX3A,-122.31646,-5.839538,0.0,0.0,5.839538
14511,SLC26A1,-122.7529,-5.8383274,0.0,0.0,5.8383274
503,RASGRF1,122.9407,5.8364797,0.0,0.0,5.8364797
12895,TUT1,-122.31814,-5.834612,0.0,0.0,5.834612
14719,EPB41L3,-122.90127,-5.833732,0.0,0.0,5.833732
16,AGMO,123.2436,5.831588,0.0,0.0,5.831588
13453,RPS21,-122.4484,-5.8300834,0.0,0.0,5.8300834
12957,RPL37,-122.33664,-5.8291783,0.0,0.0,5.8291783
1488,PIP5K1B,122.365295,5.828878,0.0,0.0,5.828878
13665,RPS23,-122.491135,-5.8286295,0.0,0.0,5.8286295
14547,MUC1,-122.77202,-5.8281045,0.0,0.0,5.8281045
13815,PET100,-122.529625,-5.8266563,0.0,0.0,5.8266563
13584,RPS8,-122.47335,-5.8239026,0.0,0.0,5.8239026
14192,AKR1C1,-122.63275,-5.82254,0.0,0.0,5.82254
14738,TMEM253,-122.918106,-5.820461,0.0,0.0,5.820461
11054,TMEM265,-118.54783,-5.8176947,0.0,0.0,5.8176947
12801,SPARC,-122.28543,-5.814418,0.0,0.0,5.814418
12638,SH3BP1,-122.2308,-5.8141475,0.0,0.0,5.8141475
13196,ZNF888,-122.39731,-5.8087573,0.0,0.0,5.8087573
13048,DCUN1D3,-122.36147,-5.8037777,0.0,0.0,5.8037777
13515,ANG,-122.45773,-5.803307,0.0,0.0,5.803307
14239,FUT4,-122.64832,-5.801975,0.0,0.0,5.801975
14640,RND2,-122.82698,-5.799597,0.0,0.0,5.799597
888,SAMSN1,122.76432,5.7992983,0.0,0.0,5.7992983
1138,CRADD,122.6341,5.79578,0.0,0.0,5.79578
2731,AREG,117.09842,5.794529,0.0,0.0,5.794529
13966,CMTM3,-122.56651,-5.7933884,0.0,0.0,5.7933884
744,PRSS3,122.83311,5.7920356,0.0,0.0,5.7920356
13544,CACNB3,-122.46322,-5.7917733,0.0,0.0,5.7917733
172,PPM1E,123.087715,5.788734,0.0,0.0,5.788734
13673,RPS27A,-122.49255,-5.788241,0.0,0.0,5.788241
12526,ITPRIPL2,-122.18482,-5.7873964,0.0,0.0,5.7873964
14354,AGGF1,-122.69159,-5.786315,0.0,0.0,5.786315
1160,AOPEP,122.61982,5.7851,0.0,0.0,5.7851
14046,HMGB3,-122.591064,-5.7800555,0.0,0.0,5.7800555
12734,ZNF506,-122.26468,-5.778898,0.0,0.0,5.778898
13425,RPS24,-122.442856,-5.7784824,0.0,0.0,5.7784824
13429,UBA52,-122.443756,-5.7774415,0.0,0.0,5.7774415
1599,DNER,122.21709,5.776682,0.0,0.0,5.776682
809,CLIP1-AS1,122.79985,5.773673,0.0,0.0,5.773673
13670,RPL18,-122.49216,-5.7719784,0.0,0.0,5.7719784
13470,SNHG4,-122.45062,-5.7717743,0.0,0.0,5.7717743
12968,STX16,-122.34103,-5.77021,0.0,0.0,5.77021
14496,TMEM200C,-122.745514,-5.7685137,0.0,0.0,5.7685137
13064,ARHGAP8,-122.36428,-5.7679176,0.0,0.0,5.7679176
12835,GGH,-122.29746,-5.767654,0.0,0.0,5.767654
417,C5AR1,122.96911,5.76309,0.0,0.0,5.76309
13245,BUB1,-122.406425,-5.763071,0.0,0.0,5.763071
520,LINC01933,122.933586,5.7615447,0.0,0.0,5.7615447
1580,LY96,122.24433,5.7598505,0.0,0.0,5.7598505
312,HYDIN,123.02159,5.755765,0.0,0.0,5.755765
13049,MT-ND6,-122.36147,-5.7551255,0.0,0.0,5.7551255
638,RNF212B,122.88654,5.7538934,0.0,0.0,5.7538934
12490,SND1-IT1,-122.1651,-5.751966,0.0,0.0,5.751966
12319,AQP1,-122.056625,-5.7509837,0.0,0.0,5.7509837
1965,CNTNAP3,121.3828,5.7495403,0.0,0.0,5.7495403
14337,ACY1,-122.684746,-5.749389,0.0,0.0,5.749389
2781,S100A1,116.69983,5.7471485,0.0,0.0,5.7471485
1129,LINC01936,122.64059,5.745777,0.0,0.0,5.745777
656,TACR1,122.87865,5.744224,0.0,0.0,5.744224
339,LINC00159,123.00815,5.7422104,0.0,0.0,5.7422104
12422,CENPM,-122.1274,-5.7386527,0.0,0.0,5.7386527
12932,PRRT2,-122.32984,-5.734801,0.0,0.0,5.734801
173,SH3RF3,123.08753,5.7345777,0.0,0.0,5.7345777
14542,TGFB1I1,-122.76957,-5.7336974,0.0,0.0,5.7336974
13131,FKBP10,-122.38041,-5.7336907,0.0,0.0,5.7336907
1415,MLIP,122.43777,5.7288966,0.0,0.0,5.7288966
13935,ALYREF,-122.556595,-5.728889,0.0,0.0,5.728889
12609,ZFP41,-122.219505,-5.724029,0.0,0.0,5.724029
13804,RPL23,-122.52637,-5.7198076,0.0,0.0,5.7198076
12599,ERV3-1,-122.21261,-5.7182617,0.0,0.0,5.7182617
2277,DCLK1,119.97246,5.71796,0.0,0.0,5.71796
474,TSHR,122.95061,5.7131286,0.0,0.0,5.7131286
14326,ATP2A1-AS1,-122.68198,-5.7129183,0.0,0.0,5.7129183
680,SPTBN4,122.86863,5.711538,0.0,0.0,5.711538
14297,VN1R1,-122.67041,-5.711188,0.0,0.0,5.711188
12917,MXRA8,-122.325226,-5.7110553,0.0,0.0,5.7110553
801,ATP10A,122.80558,5.710661,0.0,0.0,5.710661
13992,PRNCR1,-122.57199,-5.7073812,0.0,0.0,5.7073812
1892,NINJ2,121.577156,5.706298,0.0,0.0,5.706298
13417,DUSP6,-122.44146,-5.7061553,0.0,0.0,5.7061553
934,MCF2,122.74298,5.703843,0.0,0.0,5.703843
13778,SLC4A5,-122.519516,-5.7013965,0.0,0.0,5.7013965
12344,PURPL,-122.07428,-5.6991534,0.0,0.0,5.6991534
745,ALDH1L1,122.83149,5.698666,0.0,0.0,5.698666
1095,PAX8,122.65869,5.698505,0.0,0.0,5.698505
12242,LEFTY2,-121.98866,-5.698231,0.0,0.0,5.698231
292,DNM3,123.02953,5.697662,0.0,0.0,5.697662
235,IPCEF1,123.05765,5.696375,0.0,0.0,5.696375
12564,IFI30,-122.20174,-5.692881,0.0,0.0,5.692881
14495,SPINT2,-122.74462,-5.6918364,0.0,0.0,5.6918364
12777,DEPDC5,-122.27895,-5.6868916,0.0,0.0,5.6868916
11314,C7,-119.86214,-5.6865997,0.0,0.0,5.6865997
13964,AARD,-122.566345,-5.6849422,0.0,0.0,5.6849422
27,HFE,123.214066,5.680496,0.0,0.0,5.680496
13016,IGF2BP1,-122.35238,-5.679421,0.0,0.0,5.679421
1743,MYLK4,121.9871,5.677862,0.0,0.0,5.677862
13147,EGFL7,-122.38554,-5.67544,0.0,0.0,5.67544
431,OVCH2,122.9642,5.674769,0.0,0.0,5.674769
12983,ZNF285,-122.34432,-5.674325,0.0,0.0,5.674325
294,LINC01798,123.02852,5.673393,0.0,0.0,5.673393
618,CDH18,122.89403,5.6721463,0.0,0.0,5.6721463
12778,YY2,-122.27958,-5.6712313,0.0,0.0,5.6712313
13771,SCLY,-122.51839,-5.671208,0.0,0.0,5.671208
13956,FOLR1,-122.56353,-5.669542,0.0,0.0,5.669542
1413,PPM1K-DT,122.4382,5.66706,0.0,0.0,5.66706
1828,TMEM236,121.78134,5.6648245,0.0,0.0,5.6648245
1364,BTBD9,122.48781,5.662556,0.0,0.0,5.662556
13486,FUOM,-122.453224,-5.661735,0.0,0.0,5.661735
13184,FPGT,-122.39422,-5.661028,0.0,0.0,5.661028
13688,RPL32,-122.49625,-5.660728,0.0,0.0,5.660728
947,ZFYVE28,122.733734,5.659996,0.0,0.0,5.659996
14507,NAT8L,-122.75043,-5.659958,0.0,0.0,5.659958
12040,DIABLO,-121.75358,-5.6507244,0.0,0.0,5.6507244
14388,GGPS1,-122.702034,-5.646152,0.0,0.0,5.646152
9618,ADORA2A,-97.30246,-5.645711,0.0,0.0,5.645711
13315,GAS1,-122.41943,-5.6445785,0.0,0.0,5.6445785
12510,TRIM6,-122.175865,-5.6439414,0.0,0.0,5.6439414
10910,ABCB6,-117.391716,-5.6407123,0.0,0.0,5.6407123
13126,POU5F2,-122.37894,-5.639128,0.0,0.0,5.639128
703,GRM8,122.85693,5.63754,0.0,0.0,5.63754
14648,NAP1L3,-122.83406,-5.6373405,0.0,0.0,5.6373405
14238,GPR162,-122.64814,-5.635508,0.0,0.0,5.635508
14136,MTG1,-122.618095,-5.6345863,0.0,0.0,5.6345863
13642,RAD50,-122.48557,-5.63346,0.0,0.0,5.63346
13185,RPL12,-122.394226,-5.6330705,0.0,0.0,5.6330705
13603,PKMYT1,-122.476875,-5.632419,0.0,0.0,5.632419
287,CFAP47,123.03201,5.6317472,0.0,0.0,5.6317472
13398,RPL19,-122.43555,-5.631606,0.0,0.0,5.631606
635,ZNF365,122.88814,5.631451,0.0,0.0,5.631451
13440,RPS3,-122.44597,-5.6312413,0.0,0.0,5.6312413
12077,LIME1,-121.80301,-5.630722,0.0,0.0,5.630722
10567,GJD2,-113.7979,-5.628995,0.0,0.0,5.628995
12672,FSBP,-122.24254,-5.627001,0.0,0.0,5.627001
3625,FOSL1,106.70599,5.6259527,0.0,0.0,5.6259527
13461,WDR86,-122.449066,-5.6256394,0.0,0.0,5.6256394
475,SLC51A,122.95057,5.6250076,0.0,0.0,5.6250076
14618,UBE2L6,-122.81423,-5.6233177,0.0,0.0,5.6233177
944,AKAP14,122.735275,5.618024,0.0,0.0,5.618024
12955,POTEF,-122.33532,-5.6177006,0.0,0.0,5.6177006
12669,PLEKHO2,-122.24223,-5.615648,0.0,0.0,5.615648
782,TEX14,122.81271,5.615045,0.0,0.0,5.615045
1130,NCEH1,122.640335,5.6146336,0.0,0.0,5.6146336
128,SLC25A18,123.11879,5.611864,0.0,0.0,5.611864
13330,TWIST1,-122.422554,-5.6107354,0.0,0.0,5.6107354
468,CATSPERE,122.95179,5.6105833,0.0,0.0,5.6105833
13683,RPS28,-122.49479,-5.608743,0.0,0.0,5.608743
1288,LRRC53,122.541855,5.6081996,0.0,0.0,5.6081996
13573,RPS14,-122.46963,-5.6070337,0.0,0.0,5.6070337
14044,PPM1J,-122.58994,-5.602155,0.0,0.0,5.602155
13594,CCDC169,-122.47509,-5.6020465,0.0,0.0,5.6020465
14125,PAFAH1B3,-122.61328,-5.6006227,0.0,0.0,5.6006227
13347,TUBB2A,-122.42557,-5.5986776,0.0,0.0,5.5986776
2102,CHST9,120.86442,5.598367,0.0,0.0,5.598367
13819,CFAP298,-122.52994,-5.5959234,0.0,0.0,5.5959234
2750,RHCG,116.95621,5.594295,0.0,0.0,5.594295
922,GNA14,122.74659,5.593782,0.0,0.0,5.593782
236,EPHA6,123.05753,5.5935273,0.0,0.0,5.5935273
13536,PRDX1,-122.46075,-5.592516,0.0,0.0,5.592516
86,NPIPA2,123.15089,5.5904016,0.0,0.0,5.5904016
1181,ME3,122.609535,5.5901856,0.0,0.0,5.5901856
377,LRRC2,122.990425,5.5900087,0.0,0.0,5.5900087
11702,BIRC5,-121.122055,-5.5877213,0.0,0.0,5.5877213
1213,PLG,122.590706,5.5876236,0.0,0.0,5.5876236
13256,RPS11,-122.40794,-5.5864153,0.0,0.0,5.5864153
13527,ANKRD13B,-122.4599,-5.585053,0.0,0.0,5.585053
10879,TOP2A,-117.18286,-5.5840907,0.0,0.0,5.5840907
12760,PCDHGC3,-122.27402,-5.58228,0.0,0.0,5.58228
14737,TGFB2-AS1,-122.917915,-5.581797,0.0,0.0,5.581797
75,ABCC3,123.15839,5.5797863,0.0,0.0,5.5797863
13290,PLA2G4B,-122.41437,-5.5789037,0.0,0.0,5.5789037
13217,SHISA2,-122.40158,-5.578291,0.0,0.0,5.578291
285,MCTP1,123.03523,5.5782332,0.0,0.0,5.5782332
12885,SNX15,-122.31388,-5.5768614,0.0,0.0,5.5768614
707,SPAG6,122.85412,5.576248,0.0,0.0,5.576248
13880,SHLD3,-122.54294,-5.5749807,0.0,0.0,5.5749807
716,NFIX,122.84797,5.5734773,0.0,0.0,5.5734773
1282,HS3ST2,122.54979,5.572912,0.0,0.0,5.572912
12581,ZNF443,-122.206436,-5.57283,0.0,0.0,5.57283
70,ABCA4,123.163155,5.5707936,0.0,0.0,5.5707936
375,COL24A1,122.99138,5.565509,0.0,0.0,5.565509
2902,SLC25A30-AS1,115.5641,5.5636826,0.0,0.0,5.5636826
12698,MARCKS,-122.253136,-5.563592,0.0,0.0,5.563592
807,EDA,122.8005,5.5635343,0.0,0.0,5.5635343
1260,SLCO2B1,122.56637,5.561879,0.0,0.0,5.561879
1134,P2RY2,122.63691,5.560412,0.0,0.0,5.560412
13221,BISPR,-122.40202,-5.559515,0.0,0.0,5.559515
12690,MINDY4,-122.249916,-5.559073,0.0,0.0,5.559073
890,EXD1,122.76363,5.554374,0.0,0.0,5.554374
14456,RPS26,-122.729546,-5.5537176,0.0,0.0,5.5537176
12597,OLFML3,-122.21211,-5.5536222,0.0,0.0,5.5536222
884,RTL9,122.76608,5.550661,0.0,0.0,5.550661
14194,TMEM98,-122.63345,-5.5488806,0.0,0.0,5.5488806
1220,FOXP2,122.585945,5.5455337,0.0,0.0,5.5455337
13174,RPL22,-122.391975,-5.545487,0.0,0.0,5.545487
14602,RASA4B,-122.80198,-5.543067,0.0,0.0,5.543067
746,NLRC3,122.831406,5.542885,0.0,0.0,5.542885
519,LMX1B,122.9337,5.54036,0.0,0.0,5.54036
886,CAPS2,122.76568,5.5339627,0.0,0.0,5.5339627
30,CRACR2A,123.21271,5.5329905,0.0,0.0,5.5329905
1496,RYR2,122.35664,5.532159,0.0,0.0,5.532159
14416,STARD4,-122.7148,-5.5278707,0.0,0.0,5.5278707
1048,TMEM140,122.680244,5.527188,0.0,0.0,5.527188
13338,RPL6,-122.42447,-5.5269604,0.0,0.0,5.5269604
13311,PURG,-122.41845,-5.523625,0.0,0.0,5.523625
13385,RPLP1,-122.43296,-5.523562,0.0,0.0,5.523562
14319,EIF6,-122.679405,-5.522868,0.0,0.0,5.522868
9050,CCN2,-80.20252,-5.5222516,0.0,0.0,5.5222516
12253,PANCR,-121.997765,-5.522233,0.0,0.0,5.522233
45,ENTPD3,123.19386,5.5207944,0.0,0.0,5.5207944
12384,PLSCR5,-122.103546,-5.5199924,0.0,0.0,5.5199924
11928,ANXA1,-121.58595,-5.518395,0.0,0.0,5.518395
11268,PIMREG,-119.66083,-5.5131874,0.0,0.0,5.5131874
12041,TRAPPC5,-121.75378,-5.5097184,0.0,0.0,5.5097184
14545,EDC4,-122.770546,-5.5094247,0.0,0.0,5.5094247
12942,MTAP,-122.33122,-5.507227,0.0,0.0,5.507227
12450,FKBP11,-122.14003,-5.506851,0.0,0.0,5.506851
13286,SLC1A5,-122.41284,-5.5039034,0.0,0.0,5.5039034
109,POU2F3,123.13076,5.5036583,0.0,0.0,5.5036583
1544,TMEM71,122.295135,5.5000987,0.0,0.0,5.5000987
12579,CCNB1,-122.20568,-5.498508,0.0,0.0,5.498508
1383,TXK,122.47259,5.497295,0.0,0.0,5.497295
13762,RABAC1,-122.51616,-5.494519,0.0,0.0,5.494519
2328,RIPOR3,119.69238,5.4934936,0.0,0.0,5.4934936
11676,MGARP,-121.07127,-5.492813,0.0,0.0,5.492813
13854,CD24,-122.538025,-5.4914794,0.0,0.0,5.4914794
13195,RPL13,-122.397285,-5.4911475,0.0,0.0,5.4911475
13763,KRT8,-122.51627,-5.491097,0.0,0.0,5.491097
2465,OSMR,119.007355,5.490138,0.0,0.0,5.490138
225,LINC01630,123.06417,5.4840603,0.0,0.0,5.4840603
1341,LDLRAD4,122.50556,5.482405,0.0,0.0,5.482405
12642,PTGES,-122.23174,-5.480806,0.0,0.0,5.480806
1340,ITGB6,122.50837,5.479113,0.0,0.0,5.479113
14200,PTGDS,-122.635086,-5.4765964,0.0,0.0,5.4765964
13274,ZNF417,-122.41002,-5.4765444,0.0,0.0,5.4765444
13849,EMP3,-122.53729,-5.4757886,0.0,0.0,5.4757886
14663,IFI6,-122.848976,-5.4750056,0.0,0.0,5.4750056
13561,LINC00562,-122.467735,-5.4746714,0.0,0.0,5.4746714
1175,VWA3B,122.61269,5.4741626,0.0,0.0,5.4741626
12969,CKS1B,-122.34126,-5.4731817,0.0,0.0,5.4731817
12661,CCDC144A,-122.236946,-5.4671845,0.0,0.0,5.4671845
521,WDPCP,122.93342,5.466804,0.0,0.0,5.466804
12712,MAB21L2,-122.25717,-5.466348,0.0,0.0,5.466348
1236,EYA1,122.57844,5.465293,0.0,0.0,5.465293
990,CXorf58,122.714,5.46486,0.0,0.0,5.46486
12782,F2R,-122.28069,-5.4615517,0.0,0.0,5.4615517
13740,FAU,-122.50985,-5.4603367,0.0,0.0,5.4603367
13557,RPL24,-122.465546,-5.4591413,0.0,0.0,5.4591413
13630,RPS7,-122.48382,-5.459082,0.0,0.0,5.459082
13842,CALY,-122.53462,-5.4586024,0.0,0.0,5.4586024
12765,SESN3,-122.27597,-5.4571652,0.0,0.0,5.4571652
728,TARID,122.84101,5.456397,0.0,0.0,5.456397
14040,ZNF764,-122.589325,-5.456066,0.0,0.0,5.456066
492,FILIP1L,122.94331,5.454946,0.0,0.0,5.454946
813,RBMS3-AS3,122.79807,5.454629,0.0,0.0,5.454629
613,BTBD16,122.89781,5.450783,0.0,0.0,5.450783
12303,CENPW,-122.039444,-5.448857,0.0,0.0,5.448857
781,LINC02112,122.81319,5.4485593,0.0,0.0,5.4485593
290,FAT2,123.030464,5.448275,0.0,0.0,5.448275
13194,CBX2,-122.397125,-5.4465804,0.0,0.0,5.4465804
218,BAIAP2L2,123.06766,5.445162,0.0,0.0,5.445162
13648,CORT,-122.486626,-5.4437733,0.0,0.0,5.4437733
14577,C22orf39,-122.78519,-5.4436607,0.0,0.0,5.4436607
734,COL28A1,122.83831,5.44319,0.0,0.0,5.44319
453,SMC1B,122.956245,5.4408655,0.0,0.0,5.4408655
11712,BCKDHA,-121.13808,-5.440715,0.0,0.0,5.440715
184,DUOX1,123.08276,5.43926,0.0,0.0,5.43926
432,FSIP1,122.963974,5.436147,0.0,0.0,5.436147
13898,GPC2,-122.54604,-5.432314,0.0,0.0,5.432314
13576,FZD2,-122.469826,-5.4283175,0.0,0.0,5.4283175
13189,SERPING1,-122.3957,-5.427833,0.0,0.0,5.427833
1568,LINC02666,122.2567,5.4259753,0.0,0.0,5.4259753
13848,HMGN5,-122.53702,-5.4251633,0.0,0.0,5.4251633
2443,TNFRSF11B,119.1347,5.423248,0.0,0.0,5.423248
13399,ZNF618,-122.436584,-5.422419,0.0,0.0,5.422419
10160,EXOSC10-AS1,-108.316246,-5.421946,0.0,0.0,5.421946
784,LINC00571,122.81135,5.42181,0.0,0.0,5.42181
12275,BMP4,-122.01938,-5.4213877,0.0,0.0,5.4213877
774,OPCML,122.81445,5.4212584,0.0,0.0,5.4212584
257,DIRC3,123.04743,5.41674,0.0,0.0,5.41674
11784,FREM2,-121.31776,-5.4153037,0.0,0.0,5.4153037
12751,COL5A1,-122.27028,-5.415131,0.0,0.0,5.415131
1116,ZNF540,122.64629,5.4125433,0.0,0.0,5.4125433
1900,NUPR1,121.555626,5.4117904,0.0,0.0,5.4117904
14251,SOHLH2,-122.653206,-5.409137,0.0,0.0,5.409137
1101,RABGAP1L,122.655426,5.4084687,0.0,0.0,5.4084687
13521,RPL41,-122.458435,-5.408425,0.0,0.0,5.408425
13033,FBLN2,-122.35647,-5.4081054,0.0,0.0,5.4081054
14199,DDIT4L,-122.63473,-5.407427,0.0,0.0,5.407427
2779,TLL1,116.70873,5.4071016,0.0,0.0,5.4071016
808,NLRC5,122.80048,5.4047947,0.0,0.0,5.4047947
717,HPD,122.84697,5.4040504,0.0,0.0,5.4040504
13008,ITM2A,-122.350464,-5.4024687,0.0,0.0,5.4024687
76,SAXO1,123.157845,5.39993,0.0,0.0,5.39993
925,RANBP3L,122.746056,5.398841,0.0,0.0,5.398841
14206,PPP1R14B,-122.63679,-5.398666,0.0,0.0,5.398666
12738,ZNF670,-122.26601,-5.397756,0.0,0.0,5.397756
935,TCERG1L,122.74277,5.397425,0.0,0.0,5.397425
790,SFMBT2,122.80845,5.396881,0.0,0.0,5.396881
281,NHS,123.03624,5.396154,0.0,0.0,5.396154
13715,IGFBPL1,-122.502304,-5.3953857,0.0,0.0,5.3953857
1403,PLSCR2,122.451805,5.393653,0.0,0.0,5.393653
245,PTPRG,123.05547,5.393009,0.0,0.0,5.393009
368,SAMD5,122.99383,5.3926897,0.0,0.0,5.3926897
12991,C11orf96,-122.34556,-5.390798,0.0,0.0,5.390798
13166,RPL37A,-122.38964,-5.3905063,0.0,0.0,5.3905063
13149,RPL13A,-122.38611,-5.386897,0.0,0.0,5.386897
13610,KRTCAP2,-122.47878,-5.3852673,0.0,0.0,5.3852673
11030,KCNQ5-AS1,-118.37653,-5.3851314,0.0,0.0,5.3851314
587,DNAH12,122.90619,5.3840537,0.0,0.0,5.3840537
229,RFX8,123.061005,5.381634,0.0,0.0,5.381634
11933,MFAP4,-121.60449,-5.3811655,0.0,0.0,5.3811655
13210,UBE2S,-122.39977,-5.380509,0.0,0.0,5.380509
1004,PTPRM,122.706436,5.380016,0.0,0.0,5.380016
987,ROR1-AS1,122.71599,5.37876,0.0,0.0,5.37876
233,GPR156,123.05887,5.3746486,0.0,0.0,5.3746486
487,TMPRSS4,122.9463,5.3741975,0.0,0.0,5.3741975
12267,MAT1A,-122.01381,-5.373064,0.0,0.0,5.373064
13345,TCEAL7,-122.42525,-5.372444,0.0,0.0,5.372444
562,SPDYE3,122.91846,5.372075,0.0,0.0,5.372075
476,COCH,122.9498,5.3711133,0.0,0.0,5.3711133
13709,TMEM92,-122.49997,-5.3701425,0.0,0.0,5.3701425
13002,GLIPR2,-122.348785,-5.368305,0.0,0.0,5.368305
686,SLFNL1,122.86589,5.36556,0.0,0.0,5.36556
12959,ZBED6,-122.33837,-5.363019,0.0,0.0,5.363019
2967,ZDHHC11B,115.01489,5.362274,0.0,0.0,5.362274
13982,RPL22L1,-122.56969,-5.361161,0.0,0.0,5.361161
13403,ASGR1,-122.437294,-5.3598366,0.0,0.0,5.3598366
1119,SLC9A2,122.6454,5.356514,0.0,0.0,5.356514
14093,HCST,-122.60435,-5.356364,0.0,0.0,5.356364
153,PCDH11Y,123.103806,5.3561687,0.0,0.0,5.3561687
13720,PTMS,-122.505005,-5.3525434,0.0,0.0,5.3525434
13566,RPS16,-122.467964,-5.3508506,0.0,0.0,5.3508506
13421,RPL15,-122.4421,-5.3506727,0.0,0.0,5.3506727
12575,PITX2,-122.20529,-5.348391,0.0,0.0,5.348391
12872,IGFBP4,-122.30809,-5.347389,0.0,0.0,5.347389
933,TTC6,122.74302,5.3427124,0.0,0.0,5.3427124
13689,RAC3,-122.49646,-5.3426166,0.0,0.0,5.3426166
13177,CALML4,-122.39257,-5.341985,0.0,0.0,5.341985
1262,GRIK3,122.56402,5.340918,0.0,0.0,5.340918
1146,RAPGEF4,122.62481,5.3405685,0.0,0.0,5.3405685
726,ABCG2,122.84145,5.3362503,0.0,0.0,5.3362503
10505,MEF2B,-113.1946,-5.3353305,0.0,0.0,5.3353305
1505,LINC01678,122.34941,5.3345942,0.0,0.0,5.3345942
763,EFNA5,122.82203,5.3335695,0.0,0.0,5.3335695
1480,FRMPD4,122.37698,5.333132,0.0,0.0,5.333132
510,SLC22A1,122.937485,5.332775,0.0,0.0,5.332775
1172,SYNPR,122.613235,5.331869,0.0,0.0,5.331869
13669,RHOC,-122.492134,-5.331788,0.0,0.0,5.331788
253,MAK,123.05094,5.331083,0.0,0.0,5.331083
14380,GATA5,-122.70024,-5.330208,0.0,0.0,5.330208
14284,CRISPLD1,-122.66324,-5.3214273,0.0,0.0,5.3214273
1561,PHKG1,122.265434,5.3205256,0.0,0.0,5.3205256
13537,ZNF23,-122.460754,-5.3192225,0.0,0.0,5.3192225
13690,RBFADN,-122.49669,-5.318931,0.0,0.0,5.318931
12784,EID3,-122.28074,-5.317736,0.0,0.0,5.317736
14468,SMG8,-122.73367,-5.315569,0.0,0.0,5.315569
1698,LINC02798,122.0667,5.3146596,0.0,0.0,5.3146596
13355,RPS15,-122.426636,-5.31397,0.0,0.0,5.31397
12273,TMEM200B,-122.01735,-5.311426,0.0,0.0,5.311426
955,AR,122.73021,5.3107977,0.0,0.0,5.3107977
868,RPS6KB2-AS1,122.7721,5.3093977,0.0,0.0,5.3093977
13697,HMGA1,-122.4975,-5.3055444,0.0,0.0,5.3055444
11633,IRX1,-120.97655,-5.305242,0.0,0.0,5.305242
1499,CACNB2,122.35326,5.304665,0.0,0.0,5.304665
13878,CSNK2A3,-122.542725,-5.2999945,0.0,0.0,5.2999945
1238,SPDYE6,122.577934,5.299815,0.0,0.0,5.299815
14252,ZDHHC12,-122.65335,-5.2993293,0.0,0.0,5.2993293
12206,ENO2,-121.94439,-5.297666,0.0,0.0,5.297666
900,CLVS1,122.75376,5.296298,0.0,0.0,5.296298
12795,UCHL1,-122.283676,-5.294197,0.0,0.0,5.294197
11385,CCN3,-120.12189,-5.293145,0.0,0.0,5.293145
1259,LINC02413,122.56658,5.2926574,0.0,0.0,5.2926574
1061,YIPF7,122.67149,5.292516,0.0,0.0,5.292516
12834,MDFI,-122.29696,-5.292427,0.0,0.0,5.292427
13012,BCAT1,-122.35154,-5.2919765,0.0,0.0,5.2919765
12338,ZNF177,-122.07011,-5.291626,0.0,0.0,5.291626
13039,RPL7,-122.35855,-5.2900825,0.0,0.0,5.2900825
1381,PPP1R16B,122.473854,5.2851405,0.0,0.0,5.2851405
12459,PCDHGB7,-122.14456,-5.284656,0.0,0.0,5.284656
946,TF,122.73502,5.2839584,0.0,0.0,5.2839584
394,GREB1L,122.98219,5.282677,0.0,0.0,5.282677
610,RARRES1,122.89897,5.2814956,0.0,0.0,5.2814956
13474,RLN2,-122.450775,-5.2776427,0.0,0.0,5.2776427
1532,ESRRB,122.30789,5.277363,0.0,0.0,5.277363
11165,ZSWIM8-AS1,-119.22698,-5.275949,0.0,0.0,5.275949
13667,RPLP0,-122.4919,-5.275761,0.0,0.0,5.275761
13030,ZNF799,-122.35522,-5.273891,0.0,0.0,5.273891
14668,SRP14,-122.85272,-5.2738433,0.0,0.0,5.2738433
12090,SFRP5,-121.818,-5.2733655,0.0,0.0,5.2733655
14452,NPY1R,-122.728806,-5.273099,0.0,0.0,5.273099
12353,ALOX15B,-122.08235,-5.2685914,0.0,0.0,5.2685914
14375,ZFP36L1,-122.69967,-5.2679424,0.0,0.0,5.2679424
1229,RAB19,122.5825,5.267348,0.0,0.0,5.267348
779,EDDM13,122.81408,5.267159,0.0,0.0,5.267159
11067,TNC,-118.65377,-5.2647734,0.0,0.0,5.2647734
1156,NAV3,122.62193,5.26416,0.0,0.0,5.26416
1668,MCTP2,122.11469,5.260505,0.0,0.0,5.260505
13658,C1QTNF3,-122.4901,-5.259043,0.0,0.0,5.259043
792,IDO1,122.80823,5.2567883,0.0,0.0,5.2567883
12576,PCDHGA8,-122.20531,-5.2564306,0.0,0.0,5.2564306
12853,SAPCD2,-122.302345,-5.2556157,0.0,0.0,5.2556157
13373,TWF2,-122.430984,-5.2514644,0.0,0.0,5.2514644
12776,TAS2R4,-122.27865,-5.2460713,0.0,0.0,5.2460713
2362,FRK,119.52623,5.2438726,0.0,0.0,5.2438726
13757,RPL5,-122.51481,-5.2426815,0.0,0.0,5.2426815
3160,CNTNAP3B,112.90037,5.2425594,0.0,0.0,5.2425594
296,ALS2CL,123.027054,5.2422967,0.0,0.0,5.2422967
13725,RACK1,-122.50562,-5.240801,0.0,0.0,5.240801
13546,SAMD11,-122.46381,-5.240371,0.0,0.0,5.240371
13277,MOB3C,-122.41052,-5.2402725,0.0,0.0,5.2402725
534,TMEM266,122.927475,5.23692,0.0,0.0,5.23692
12785,EVA1B,-122.28076,-5.236769,0.0,0.0,5.236769
13741,PRR19,-122.5108,-5.2359004,0.0,0.0,5.2359004
13307,CSRP1,-122.41718,-5.234702,0.0,0.0,5.234702
13387,SNCAIP,-122.43337,-5.2346363,0.0,0.0,5.2346363
13979,ZMYM6,-122.56932,-5.234408,0.0,0.0,5.234408
1350,CALCB,122.50118,5.234123,0.0,0.0,5.234123
463,KALRN,122.95365,5.233168,0.0,0.0,5.233168
13032,RPL4,-122.355415,-5.233095,0.0,0.0,5.233095
14745,PTH1R,-122.92781,-5.229248,0.0,0.0,5.229248
13351,C2orf81,-122.42583,-5.2288074,0.0,0.0,5.2288074
13181,TMEM125,-122.39363,-5.2279644,0.0,0.0,5.2279644
555,CPQ,122.91977,5.2268305,0.0,0.0,5.2268305
13190,LINC00526,-122.3966,-5.2249084,0.0,0.0,5.2249084
544,KCNH5,122.92387,5.224668,0.0,0.0,5.224668
10987,NPPA,-118.09632,-5.224437,0.0,0.0,5.224437
13391,RPL11,-122.434425,-5.2199473,0.0,0.0,5.2199473
1283,ENOX1,122.549644,5.2193227,0.0,0.0,5.2193227
1881,INSC,121.60033,5.219024,0.0,0.0,5.219024
14134,PPIA,-122.61651,-5.2173347,0.0,0.0,5.2173347
560,ZNF438,122.918755,5.216368,0.0,0.0,5.216368
211,GPR137B,123.06935,5.2156267,0.0,0.0,5.2156267
12878,MRC2,-122.30992,-5.2144647,0.0,0.0,5.2144647
13070,RPS29,-122.36622,-5.212026,0.0,0.0,5.212026
14114,HNRNPAB,-122.610054,-5.2117376,0.0,0.0,5.2117376
12786,CCDC34,-122.28102,-5.2111583,0.0,0.0,5.2111583
13296,RPL14,-122.41486,-5.207819,0.0,0.0,5.207819
12552,RAB43,-122.19764,-5.2075353,0.0,0.0,5.2075353
2475,LRRC66,118.91761,5.2038803,0.0,0.0,5.2038803
14008,PABPC5,-122.57599,-5.203378,0.0,0.0,5.203378
1132,SHANK2,122.639565,5.2022758,0.0,0.0,5.2022758
1145,CDCP1,122.62725,5.2010403,0.0,0.0,5.2010403
14573,DYRK4,-122.78339,-5.200646,0.0,0.0,5.200646
841,SGMS2,122.78491,5.1987863,0.0,0.0,5.1987863
14754,PRRG3,-122.93527,-5.1983013,0.0,0.0,5.1983013
1475,CTNNA3,122.38429,5.1939883,0.0,0.0,5.1939883
1394,DMD,122.460915,5.1927996,0.0,0.0,5.1927996
12723,GNG11,-122.26118,-5.1922083,0.0,0.0,5.1922083
14323,PYGL,-122.68112,-5.192068,0.0,0.0,5.192068
12241,MSX2,-121.987785,-5.192014,0.0,0.0,5.192014
1154,SLC22A15,122.62232,5.1905537,0.0,0.0,5.1905537
1500,PEBP4,122.35306,5.187373,0.0,0.0,5.187373
1731,CRYM,122.01826,5.187064,0.0,0.0,5.187064
608,MMP24,122.89938,5.1855907,0.0,0.0,5.1855907
14601,ADGRB2,-122.80059,-5.185466,0.0,0.0,5.185466
14478,LGI2,-122.73847,-5.185246,0.0,0.0,5.185246
1992,MPP7-DT,121.31659,5.182657,0.0,0.0,5.182657
14359,HSPD1,-122.695045,-5.1808867,0.0,0.0,5.1808867
1023,ZBTB20,122.697075,5.179008,0.0,0.0,5.179008
12184,INHBA,-121.92287,-5.177599,0.0,0.0,5.177599
1498,PCSK1,122.35329,5.175388,0.0,0.0,5.175388
11284,SLC6A2,-119.72889,-5.174928,0.0,0.0,5.174928
13830,RPSA,-122.532326,-5.174471,0.0,0.0,5.174471
697,LRRC7,122.86065,5.1734233,0.0,0.0,5.1734233
12589,SDF2L1,-122.208954,-5.1692348,0.0,0.0,5.1692348
950,DKK2,122.73278,5.1687975,0.0,0.0,5.1687975
14084,CFL1,-122.60139,-5.167929,0.0,0.0,5.167929
13751,RPL23A,-122.51365,-5.165329,0.0,0.0,5.165329
14187,ETV2,-122.63089,-5.1625113,0.0,0.0,5.1625113
14237,NPC2,-122.647995,-5.1614738,0.0,0.0,5.1614738
126,SNHG22,123.12095,5.161285,0.0,0.0,5.161285
641,P2RX7,122.88586,5.1599994,0.0,0.0,5.1599994
14096,KCTD15,-122.604965,-5.1598215,0.0,0.0,5.1598215
1652,SHISA8,122.13943,5.1595297,0.0,0.0,5.1595297
13654,LTV1,-122.48811,-5.1595063,0.0,0.0,5.1595063
240,FMO1,123.056496,5.1587453,0.0,0.0,5.1587453
12617,ZWINT,-122.22394,-5.1574454,0.0,0.0,5.1574454
214,LINC01285,123.06791,5.1568537,0.0,0.0,5.1568537
13052,RPL36,-122.3618,-5.156025,0.0,0.0,5.156025
13960,TXNDC17,-122.56586,-5.155604,0.0,0.0,5.155604
834,FAM221B,122.78809,5.153364,0.0,0.0,5.153364
13336,RAMP2,-122.424034,-5.152412,0.0,0.0,5.152412
13411,FBXO2,-122.43903,-5.149496,0.0,0.0,5.149496
11946,CAMK2N1,-121.62071,-5.147792,0.0,0.0,5.147792
175,ACVR1C,123.086754,5.146655,0.0,0.0,5.146655
1009,SLFNL1-AS1,122.70318,5.146134,0.0,0.0,5.146134
396,WWOX,122.98041,5.1453495,0.0,0.0,5.1453495
1443,DPY19L2,122.417854,5.143184,0.0,0.0,5.143184
12598,NUDT1,-122.21216,-5.1412745,0.0,0.0,5.1412745
1713,HTR2C,122.042435,5.139814,0.0,0.0,5.139814
1136,LINC00907,122.63569,5.137802,0.0,0.0,5.137802
1491,TP53TG5,122.36271,5.1336956,0.0,0.0,5.1336956
1643,SH2D6,122.1534,5.133565,0.0,0.0,5.133565
741,P2RY6,122.83609,5.133261,0.0,0.0,5.133261
12438,PCDHGA12,-122.135,-5.1297936,0.0,0.0,5.1297936
13529,PHOSPHO2,-122.46011,-5.1265173,0.0,0.0,5.1265173
258,HDAC4,123.04713,5.1264343,0.0,0.0,5.1264343
480,LINC00862,122.948204,5.1261826,0.0,0.0,5.1261826
974,ERICH6,122.72254,5.124356,0.0,0.0,5.124356
623,HECW1,122.891235,5.1204886,0.0,0.0,5.1204886
12607,RAB32,-122.2182,-5.1193976,0.0,0.0,5.1193976
418,LINC01376,122.968346,5.117535,0.0,0.0,5.117535
8750,IGKC,-70.4969,-5.1164017,0.0,0.0,5.1164017
9938,CCNA2,-104.03603,-5.116339,0.0,0.0,5.116339
13272,LINC01315,-122.40971,-5.1159906,0.0,0.0,5.1159906
12365,TCIRG1,-122.09166,-5.11558,0.0,0.0,5.11558
9564,RAD51,-95.9511,-5.11542,0.0,0.0,5.11542
13600,RTL5,-122.476295,-5.1142106,0.0,0.0,5.1142106
905,LINC02328,122.75226,5.1138988,0.0,0.0,5.1138988
14091,TSPAN6,-122.60381,-5.1132717,0.0,0.0,5.1132717
14527,ID2,-122.76042,-5.1115494,0.0,0.0,5.1115494
1747,LIMCH1,121.972694,5.111013,0.0,0.0,5.111013
1228,LRIG2-DT,122.58272,5.110041,0.0,0.0,5.110041
495,PLD5,122.94297,5.109906,0.0,0.0,5.109906
12357,EFNB2,-122.085396,-5.109055,0.0,0.0,5.109055
1322,MACROD2,122.51846,5.105054,0.0,0.0,5.105054
2355,GPNMB,119.55683,5.1047845,0.0,0.0,5.1047845
11757,NPAS4,-121.26628,-5.103264,0.0,0.0,5.103264
448,TRPM3,122.957344,5.101218,0.0,0.0,5.101218
412,ARHGAP24,122.97103,5.1005588,0.0,0.0,5.1005588
1587,KLRG2,122.23263,5.0985274,0.0,0.0,5.0985274
14167,SPECC1L,-122.6257,-5.094701,0.0,0.0,5.094701
548,EPB41L4B,122.92273,5.094572,0.0,0.0,5.094572
13026,MTFP1,-122.355064,-5.093962,0.0,0.0,5.093962
1767,STEAP1B,121.927,5.0916,0.0,0.0,5.0916
13172,DOK1,-122.39137,-5.090437,0.0,0.0,5.090437
882,ALX4,122.76726,5.0903473,0.0,0.0,5.0903473
647,HECW2,122.88308,5.088061,0.0,0.0,5.088061
783,PILRA,122.812035,5.08488,0.0,0.0,5.08488
1142,PLGLB1,122.6305,5.0846004,0.0,0.0,5.0846004
12877,MMP19,-122.3097,-5.084364,0.0,0.0,5.084364
451,SUMF1,122.95658,5.0833035,0.0,0.0,5.0833035
13993,RPL8,-122.572235,-5.083253,0.0,0.0,5.083253
12600,MAD2L1,-122.21433,-5.082795,0.0,0.0,5.082795
456,CLDN20,122.954315,5.080598,0.0,0.0,5.080598
12143,NRGN,-121.87553,-5.08039,0.0,0.0,5.08039
1306,PTPN20,122.530975,5.079657,0.0,0.0,5.079657
415,ENPP6,122.97031,5.0760164,0.0,0.0,5.0760164
180,SLC7A14,123.08368,5.0748153,0.0,0.0,5.0748153
13907,YWHAH,-122.54764,-5.073627,0.0,0.0,5.073627
14664,SF3B5,-122.850174,-5.073463,0.0,0.0,5.073463
962,ZNF132,122.72629,5.070614,0.0,0.0,5.070614
12820,RPS27,-122.291466,-5.0664124,0.0,0.0,5.0664124
1696,PTPRT,122.06954,5.064211,0.0,0.0,5.064211
12634,EPS8L1,-122.22844,-5.0631237,0.0,0.0,5.0631237
1558,ART3,122.270325,5.0630407,0.0,0.0,5.0630407
471,DLEU2,122.95083,5.062782,0.0,0.0,5.062782
104,PDE7A,123.134315,5.059927,0.0,0.0,5.059927
14563,SC5D,-122.778915,-5.0591207,0.0,0.0,5.0591207
554,PDZK1,122.920044,5.056744,0.0,0.0,5.056744
13867,PTRHD1,-122.54047,-5.0566325,0.0,0.0,5.0566325
1257,SEZ6L,122.56675,5.0555205,0.0,0.0,5.0555205
316,TTLL9,123.019806,5.054989,0.0,0.0,5.054989
14462,ATP7A,-122.73222,-5.0537233,0.0,0.0,5.0537233
12798,NRARP,-122.28496,-5.052052,0.0,0.0,5.052052
12919,PLEKHG4,-122.32585,-5.0492644,0.0,0.0,5.0492644
1118,ENAM,122.645515,5.048212,0.0,0.0,5.048212
12003,PGA5,-121.69551,-5.046553,0.0,0.0,5.046553
837,DIO2,122.78648,5.046111,0.0,0.0,5.046111
11133,ADAMTS5,-119.09104,-5.045523,0.0,0.0,5.045523
11718,SRXN1,-121.15196,-5.043335,0.0,0.0,5.043335
1024,PPP2R2C,122.696846,5.0425215,0.0,0.0,5.0425215
1205,BDNF,122.593704,5.04196,0.0,0.0,5.04196
14352,TAF10,-122.69057,-5.0383315,0.0,0.0,5.0383315
2238,ABCA9-AS1,120.16434,5.037832,0.0,0.0,5.037832
747,KSR2,122.83038,5.037094,0.0,0.0,5.037094
667,MIR155HG,122.8725,5.0369163,0.0,0.0,5.0369163
12530,PHF19,-122.18867,-5.035645,0.0,0.0,5.035645
14378,DMWD,-122.699974,-5.0345798,0.0,0.0,5.0345798
13531,WFIKKN1,-122.46032,-5.0337124,0.0,0.0,5.0337124
1849,SEC14L5,121.71655,5.0319963,0.0,0.0,5.0319963
14717,JMJD1C-AS1,-122.89911,-5.0292625,0.0,0.0,5.0292625
14397,SLC22A17,-122.70571,-5.0248876,0.0,0.0,5.0248876
13038,MRPL38,-122.35837,-5.019899,0.0,0.0,5.019899
11181,NCAPG,-119.31355,-5.019375,0.0,0.0,5.019375
13383,RPS13,-122.4325,-5.0184474,0.0,0.0,5.0184474
12762,GBGT1,-122.2754,-5.01806,0.0,0.0,5.01806
12888,PCDHGB4,-122.31475,-5.017222,0.0,0.0,5.017222
12572,MEST,-122.204445,-5.0151463,0.0,0.0,5.0151463
1217,NR1I3,122.588585,5.0123878,0.0,0.0,5.0123878
13300,RPL35A,-122.41586,-5.0095043,0.0,0.0,5.0095043
13925,MYCBP,-122.552765,-5.007459,0.0,0.0,5.007459
13746,BTF3,-122.51186,-5.0073185,0.0,0.0,5.0073185
12298,ASIC4,-122.0362,-5.006214,0.0,0.0,5.006214
12971,RPS6,-122.34132,-5.005747,0.0,0.0,5.005747
403,DGUOK-AS1,122.97647,5.0055604,0.0,0.0,5.0055604
961,AQP4,122.7265,5.003469,0.0,0.0,5.003469
13861,PA2G4,-122.53955,-5.002024,0.0,0.0,5.002024
13473,LANCL3,-122.45073,-4.9999237,0.0,0.0,4.9999237
14804,UQCR11,-123.01026,-4.9990597,0.0,0.0,4.9990597
13348,CDT1,-122.425575,-4.99435,0.0,0.0,4.99435
365,TDRD12,122.99529,4.9919233,0.0,0.0,4.9919233
2036,LINC00348,121.166985,4.9908347,0.0,0.0,4.9908347
547,ANKRD44,122.922844,4.9895897,0.0,0.0,4.9895897
310,GPHN,123.02269,4.989151,0.0,0.0,4.989151
14600,SDC3,-122.79923,-4.988118,0.0,0.0,4.988118
9929,RGS4,-103.85138,-4.98593,0.0,0.0,4.98593
1020,ATP8B4,122.698105,4.985214,0.0,0.0,4.985214
491,C5AR2,122.94363,4.985101,0.0,0.0,4.985101
11948,HAS2,-121.62264,-4.985083,0.0,0.0,4.985083
221,RGS22,123.06534,4.9842324,0.0,0.0,4.9842324
13926,SUMO2,-122.55325,-4.9834957,0.0,0.0,4.9834957
12920,DNAJC14,-122.32615,-4.9826875,0.0,0.0,4.9826875
373,LINC02803,122.991585,4.98253,0.0,0.0,4.98253
14151,MEA1,-122.621765,-4.982086,0.0,0.0,4.982086
5897,TSIX,46.81975,4.9806743,0.0,0.0,4.9806743
0,AXDND1,123.34783,4.980327,0.0,0.0,4.980327
14441,TEDC1,-122.72514,-4.980054,0.0,0.0,4.980054
1497,LINC01695,122.35433,4.9798417,0.0,0.0,4.9798417
815,STXBP6,122.7951,4.978434,0.0,0.0,4.978434
1185,TBC1D8,122.6072,4.975222,0.0,0.0,4.975222
13606,SARNP,-122.47756,-4.9743543,0.0,0.0,4.9743543
170,LINGO2,123.088776,4.9739327,0.0,0.0,4.9739327
1190,PCDH11X,122.60446,4.97311,0.0,0.0,4.97311
895,FAM157C,122.75853,4.971862,0.0,0.0,4.971862
14611,PNMA8A,-122.81049,-4.970377,0.0,0.0,4.970377
13087,RPLP2,-122.36984,-4.9695444,0.0,0.0,4.9695444
13392,RAN,-122.434494,-4.965132,0.0,0.0,4.965132
12302,TPX2,-122.038025,-4.9649897,0.0,0.0,4.9649897
14680,PXMP2,-122.86245,-4.964329,0.0,0.0,4.964329
14391,SH3BP5,-122.703606,-4.963732,0.0,0.0,4.963732
538,ARMC3,122.92656,4.962085,0.0,0.0,4.962085
13539,NPB,-122.46132,-4.9614697,0.0,0.0,4.9614697
160,LINC00598,123.09885,4.960691,0.0,0.0,4.960691
773,LGALSL-DT,122.816055,4.9602523,0.0,0.0,4.9602523
13985,GPR52,-122.57015,-4.9584727,0.0,0.0,4.9584727
13267,LINC01176,-122.40943,-4.9581437,0.0,0.0,4.9581437
13235,RAB13,-122.40455,-4.9569473,0.0,0.0,4.9569473
1125,LINGO1,122.642586,4.9567356,0.0,0.0,4.9567356
332,LRRC9,123.010864,4.955294,0.0,0.0,4.955294
894,SLC28A1,122.759384,4.9544287,0.0,0.0,4.9544287
571,NDST3,122.914375,4.953679,0.0,0.0,4.953679
12262,RNASE4,-122.00697,-4.9506545,0.0,0.0,4.9506545
12745,SPIN2A,-122.26823,-4.9492664,0.0,0.0,4.9492664
11605,VAMP5,-120.90266,-4.949166,0.0,0.0,4.949166
14603,CIB2,-122.802246,-4.948357,0.0,0.0,4.948357
13352,NPM1,-122.42626,-4.94804,0.0,0.0,4.94804
677,ZNF680,122.86907,4.946603,0.0,0.0,4.946603
1329,GAB3,122.51433,4.9460535,0.0,0.0,4.9460535
1554,MPZL2,122.27624,4.9450974,0.0,0.0,4.9450974
12958,ZNF695,-122.33761,-4.9449553,0.0,0.0,4.9449553
14686,UBE2M,-122.86693,-4.9427977,0.0,0.0,4.9427977
637,RASGRF2,122.88655,4.9425144,0.0,0.0,4.9425144
914,DANT2,122.74922,4.941436,0.0,0.0,4.941436
1492,ST8SIA5,122.36149,4.9399447,0.0,0.0,4.9399447
506,CD96,122.939095,4.93977,0.0,0.0,4.93977
12602,FXYD5,-122.21545,-4.939425,0.0,0.0,4.939425
14741,C12orf75,-122.92551,-4.9366374,0.0,0.0,4.9366374
14067,UFSP1,-122.59625,-4.9357433,0.0,0.0,4.9357433
14369,PPP1R1A,-122.69738,-4.9352036,0.0,0.0,4.9352036
11637,LINC02381,-120.98962,-4.9348245,0.0,0.0,4.9348245
13067,HSP90AB1,-122.36543,-4.9328294,0.0,0.0,4.9328294
203,SLC2A13,123.074844,4.9317236,0.0,0.0,4.9317236
14082,GPR27,-122.60067,-4.9309235,0.0,0.0,4.9309235
771,NTSR1,122.81715,4.930345,0.0,0.0,4.930345
13428,ZNF468,-122.443565,-4.9303236,0.0,0.0,4.9303236
14310,HYAL2,-122.67593,-4.929626,0.0,0.0,4.929626
1758,TMEM182,121.950226,4.929438,0.0,0.0,4.929438
2252,ATP1A4,120.10697,4.928704,0.0,0.0,4.928704
1078,CEACAM19,122.66374,4.927931,0.0,0.0,4.927931
2284,DSCAS,119.944626,4.927253,0.0,0.0,4.927253
72,INVS,123.16297,4.925352,0.0,0.0,4.925352
1336,TMC5,122.509476,4.9251723,0.0,0.0,4.9251723
12042,S100A11,-121.75604,-4.923919,0.0,0.0,4.923919
14108,ALDH1B1,-122.609024,-4.922913,0.0,0.0,4.922913
14078,INO80B,-122.59958,-4.922089,0.0,0.0,4.922089
1240,CELF2-AS2,122.57602,4.9219923,0.0,0.0,4.9219923
13988,PDCD4-AS1,-122.57122,-4.920878,0.0,0.0,4.920878
12928,SOX8,-122.328186,-4.920607,0.0,0.0,4.920607
12403,CYGB,-122.11285,-4.9205074,0.0,0.0,4.9205074
1321,PKIA-AS1,122.5185,4.919851,0.0,0.0,4.919851
14436,YBX1,-122.72227,-4.917033,0.0,0.0,4.917033
282,SLC28A2,123.03624,4.9148607,0.0,0.0,4.9148607
2891,MIR1-1HG,115.676254,4.9131637,0.0,0.0,4.9131637
12551,CALHM6,-122.19751,-4.912489,0.0,0.0,4.912489
1625,CRB1,122.184166,4.90492,0.0,0.0,4.90492
46,IRAK2,123.19262,4.9048524,0.0,0.0,4.9048524
13255,RPL35,-122.40789,-4.904251,0.0,0.0,4.904251
13852,HAUS4,-122.5379,-4.9031925,0.0,0.0,4.9031925
13382,MCM6,-122.43221,-4.902791,0.0,0.0,4.902791
13945,LINC01118,-122.56024,-4.902106,0.0,0.0,4.902106
14018,RTN4R,-122.58099,-4.8914948,0.0,0.0,4.8914948
13542,IGSF9,-122.462204,-4.8887463,0.0,0.0,4.8887463
433,ENKUR,122.96364,4.888556,0.0,0.0,4.888556
2622,ADAMTS9-AS1,117.89856,4.8882694,0.0,0.0,4.8882694
12006,AGT,-121.70396,-4.8881063,0.0,0.0,4.8881063
13659,NGFR,-122.49022,-4.888029,0.0,0.0,4.888029
3228,VIT,112.141,4.8867803,0.0,0.0,4.8867803
736,TPTE2,122.83659,4.886063,0.0,0.0,4.886063
13547,NACA,-122.46389,-4.8851576,0.0,0.0,4.8851576
162,MET,123.09686,4.883803,0.0,0.0,4.883803
1514,MAST4,122.33794,4.8832626,0.0,0.0,4.8832626
1703,MST1R,122.058754,4.882819,0.0,0.0,4.882819
12334,ARHGAP45,-122.06814,-4.881062,0.0,0.0,4.881062
1016,TTLL11,122.699974,4.8808064,0.0,0.0,4.8808064
41,PCA3,123.203735,4.877866,0.0,0.0,4.877866
597,CD226,122.90311,4.8774443,0.0,0.0,4.8774443
1085,MAGI1,122.661224,4.876987,0.0,0.0,4.876987
13380,MEIS3,-122.432175,-4.8756948,0.0,0.0,4.8756948
14812,ENDOG,-123.032555,-4.875207,0.0,0.0,4.875207
338,LCP2,123.008705,4.874547,0.0,0.0,4.874547
1292,HECW2-AS1,122.54012,4.874469,0.0,0.0,4.874469
13742,SET,-122.51135,-4.8722687,0.0,0.0,4.8722687
1300,AKAP6,122.53358,4.8715167,0.0,0.0,4.8715167
14557,RRS1,-122.776726,-4.8708935,0.0,0.0,4.8708935
1127,CPEB2-DT,122.64116,4.8703213,0.0,0.0,4.8703213
14222,RPL27,-122.64139,-4.869785,0.0,0.0,4.869785
11859,HAND1,-121.46481,-4.86876,0.0,0.0,4.86876
13259,RPL10A,-122.40812,-4.868057,0.0,0.0,4.868057
14382,NPDC1,-122.7007,-4.865762,0.0,0.0,4.865762
12985,PLTP,-122.34442,-4.865756,0.0,0.0,4.865756
13797,SAC3D1,-122.52533,-4.864208,0.0,0.0,4.864208
429,MR1,122.96442,4.863045,0.0,0.0,4.863045
293,HFM1,123.02887,4.8619614,0.0,0.0,4.8619614
11105,TROAP,-118.89917,-4.859783,0.0,0.0,4.859783
14009,TYMS,-122.57672,-4.8591237,0.0,0.0,4.8591237
12713,CDC42EP2,-122.257744,-4.858871,0.0,0.0,4.858871
943,BMPR1B,122.735664,4.858134,0.0,0.0,4.858134
1207,VSTM2B,122.59292,4.8575835,0.0,0.0,4.8575835
12900,NUDT10,-122.32026,-4.8569894,0.0,0.0,4.8569894
12930,DHCR24,-122.32855,-4.855215,0.0,0.0,4.855215
1374,DTNA,122.47695,4.8548226,0.0,0.0,4.8548226
12550,EMC10,-122.19718,-4.8533545,0.0,0.0,4.8533545
12429,CMTM1,-122.13129,-4.8527775,0.0,0.0,4.8527775
13703,MYCL,-122.49874,-4.852665,0.0,0.0,4.852665
1040,GSAP,122.68548,4.8514314,0.0,0.0,4.8514314
14483,GAPDH,-122.74055,-4.8509197,0.0,0.0,4.8509197
12362,GHET1,-122.0894,-4.8472095,0.0,0.0,4.8472095
11273,CENPE,-119.68095,-4.846046,0.0,0.0,4.846046
1133,ABCA12,122.6393,4.8443017,0.0,0.0,4.8443017
13146,IFITM1,-122.38479,-4.8439255,0.0,0.0,4.8439255
12400,HOTAIRM1,-122.10972,-4.8426757,0.0,0.0,4.8426757
13171,SALL2,-122.39109,-4.8418283,0.0,0.0,4.8418283
12998,NFE2,-122.34801,-4.841699,0.0,0.0,4.841699
10945,CD2BP2-DT,-117.7341,-4.8378057,0.0,0.0,4.8378057
11333,TUBB3,-119.914955,-4.8364387,0.0,0.0,4.8364387
12516,EMILIN1,-122.17904,-4.835855,0.0,0.0,4.835855
9896,LINC02245,-103.18215,-4.8347125,0.0,0.0,4.8347125
1376,PCSK2,122.47521,4.8331814,0.0,0.0,4.8331814
13157,CNIH2,-122.3876,-4.8323,0.0,0.0,4.8323
14273,HOGA1,-122.662094,-4.8322725,0.0,0.0,4.8322725
1216,FAM124B,122.58932,4.830665,0.0,0.0,4.830665
14514,AMACR,-122.75446,-4.829698,0.0,0.0,4.829698
13553,PTMA,-122.46451,-4.829514,0.0,0.0,4.829514
291,CDH23,123.02955,4.8290462,0.0,0.0,4.8290462
12682,RPL38,-122.24537,-4.8288274,0.0,0.0,4.8288274
14791,CHMP4C,-122.989525,-4.8283443,0.0,0.0,4.8283443
60,GRAMD2A,123.17233,4.8276463,0.0,0.0,4.8276463
12237,SPINT1-AS1,-121.98279,-4.8255424,0.0,0.0,4.8255424
423,PPM1L,122.96697,4.822765,0.0,0.0,4.822765
13191,APOC1,-122.39667,-4.8211193,0.0,0.0,4.8211193
11050,NR2F2,-118.51051,-4.820271,0.0,0.0,4.820271
3101,GPT,113.709076,4.819992,0.0,0.0,4.819992
14419,UCP2,-122.71553,-4.8182735,0.0,0.0,4.8182735
931,C19orf18,122.743515,4.817272,0.0,0.0,4.817272
1068,CRYBG1,122.6683,4.815639,0.0,0.0,4.815639
12043,CDKN3,-121.756584,-4.8119645,0.0,0.0,4.8119645
399,SNTB1,122.97807,4.8111405,0.0,0.0,4.8111405
13953,VAT1,-122.56298,-4.811138,0.0,0.0,4.811138
1411,LEMD1,122.43946,4.809607,0.0,0.0,4.809607
74,KIAA1217,123.16056,4.809526,0.0,0.0,4.809526
13976,PHLDA3,-122.56812,-4.8089995,0.0,0.0,4.8089995
12935,SHD,-122.33047,-4.806639,0.0,0.0,4.806639
424,RHD,122.96613,4.8057904,0.0,0.0,4.8057904
11503,TK1,-120.58545,-4.8057413,0.0,0.0,4.8057413
2583,SH3TC2-DT,118.17301,4.804485,0.0,0.0,4.804485
14722,NUDT14,-122.90172,-4.7961793,0.0,0.0,4.7961793
681,DNAH5,122.86794,4.791914,0.0,0.0,4.791914
12584,ARL4D,-122.20704,-4.791631,0.0,0.0,4.791631
12436,RAB3IL1,-122.134094,-4.7912736,0.0,0.0,4.7912736
1111,NME9,122.64869,4.790588,0.0,0.0,4.790588
1669,TRAC,122.10887,4.789054,0.0,0.0,4.789054
107,FGD3,123.1323,4.7883477,0.0,0.0,4.7883477
14365,QPRT,-122.696884,-4.788199,0.0,0.0,4.788199
997,ANO3,122.71124,4.7859,0.0,0.0,4.7859
1294,MLXIPL,122.53795,4.785488,0.0,0.0,4.785488
13732,SEC61G,-122.50848,-4.7845564,0.0,0.0,4.7845564
12967,RPL34,-122.340935,-4.7844844,0.0,0.0,4.7844844
1299,KLHL32,122.53494,4.783672,0.0,0.0,4.783672
10472,HJURP,-112.90078,-4.782558,0.0,0.0,4.782558
626,CASC11,122.890625,4.782441,0.0,0.0,4.782441
8794,LINC02591,-72.03464,-4.7818613,0.0,0.0,4.7818613
376,CBLB,122.99062,4.7800946,0.0,0.0,4.7800946
812,PAQR9,122.798874,4.7792997,0.0,0.0,4.7792997
1796,PPP1R17,121.85018,4.7782555,0.0,0.0,4.7782555
12460,PCDHGA6,-122.14465,-4.776828,0.0,0.0,4.776828
14735,S1PR1,-122.91725,-4.7750473,0.0,0.0,4.7750473
14331,PCDHGA3,-122.68324,-4.7748713,0.0,0.0,4.7748713
14412,ORAI1,-122.71278,-4.7740936,0.0,0.0,4.7740936
640,KCNB2,122.886055,4.7702856,0.0,0.0,4.7702856
14764,TNNC2,-122.94696,-4.7672987,0.0,0.0,4.7672987
1202,PLBD1-AS1,122.59494,4.7666626,0.0,0.0,4.7666626
12448,SNAI2,-122.13981,-4.765748,0.0,0.0,4.765748
673,LSINCT5,122.87074,4.7656736,0.0,0.0,4.7656736
12891,HMGA2,-122.31513,-4.7656493,0.0,0.0,4.7656493
14208,DYNLL1,-122.637344,-4.765641,0.0,0.0,4.765641
13479,CDRT4,-122.45204,-4.765233,0.0,0.0,4.765233
1382,SRL,122.473724,4.762758,0.0,0.0,4.762758
323,ATP6V0A4,123.01765,4.762178,0.0,0.0,4.762178
11365,TSPAN7,-120.06052,-4.7610126,0.0,0.0,4.7610126
13916,SMIM1,-122.54983,-4.7606483,0.0,0.0,4.7606483
13605,MATR3,-122.477516,-4.7604046,0.0,0.0,4.7604046
975,PLPP4,122.72221,4.7583504,0.0,0.0,4.7583504
119,ZNF350-AS1,123.12294,4.7561393,0.0,0.0,4.7561393
527,BCL6,122.93038,4.7560234,0.0,0.0,4.7560234
13069,CCKBR,-122.36585,-4.7540803,0.0,0.0,4.7540803
174,LRGUK,123.08733,4.7540574,0.0,0.0,4.7540574
485,ANKMY1,122.947075,4.752807,0.0,0.0,4.752807
13327,TRIM21,-122.422325,-4.752318,0.0,0.0,4.752318
14390,ORAI3,-122.70259,-4.7522264,0.0,0.0,4.7522264
1801,LMOD3,121.83495,4.7521424,0.0,0.0,4.7521424
632,LRFN2,122.88967,4.751615,0.0,0.0,4.751615
12139,LRRC32,-121.86918,-4.751283,0.0,0.0,4.751283
12574,LINC00311,-122.205055,-4.750773,0.0,0.0,4.750773
12652,SIPA1,-122.234085,-4.746247,0.0,0.0,4.746247
2897,COL15A1,115.62275,4.7451863,0.0,0.0,4.7451863
669,EPN2-AS1,122.872116,4.743477,0.0,0.0,4.743477
12508,CDH24,-122.174545,-4.7412515,0.0,0.0,4.7412515
363,NRG2,122.99709,4.7387805,0.0,0.0,4.7387805
1198,LYG1,122.59993,4.7387776,0.0,0.0,4.7387776
12376,FOXC1,-122.09821,-4.7368174,0.0,0.0,4.7368174
913,LINC00652,122.74962,4.736758,0.0,0.0,4.736758
1064,LUZP2,122.67031,4.736363,0.0,0.0,4.736363
960,PABPC4-AS1,122.72782,4.7354617,0.0,0.0,4.7354617
13868,C9orf40,-122.54069,-4.7352676,0.0,0.0,4.7352676
10005,NRN1,-105.55066,-4.73486,0.0,0.0,4.73486
12799,SPIN4,-122.28528,-4.734789,0.0,0.0,4.734789
11671,FOXL1,-121.06565,-4.734103,0.0,0.0,4.734103
14047,ZNF467,-122.591415,-4.731459,0.0,0.0,4.731459
12601,FLT3LG,-122.21544,-4.730238,0.0,0.0,4.730238
9339,MT3,-89.6862,-4.729907,0.0,0.0,4.729907
13098,LMO3,-122.371544,-4.7296576,0.0,0.0,4.7296576
911,STXBP5L,122.75078,4.729608,0.0,0.0,4.729608
14056,NME4,-122.592606,-4.728515,0.0,0.0,4.728515
13207,HSP90B1,-122.39944,-4.7265716,0.0,0.0,4.7265716
10461,CDC20,-112.75498,-4.724616,0.0,0.0,4.724616
916,NEAT1,122.74852,4.7239504,0.0,0.0,4.7239504
14377,ENO1,-122.69994,-4.7216105,0.0,0.0,4.7216105
171,PDE8A,123.088005,4.7212677,0.0,0.0,4.7212677
11881,SH3BGRL3,-121.50423,-4.720641,0.0,0.0,4.720641
1686,CASS4,122.08123,4.716885,0.0,0.0,4.716885
387,LINC00511,122.98344,4.7167244,0.0,0.0,4.7167244
12911,ARHGEF16,-122.323746,-4.7122226,0.0,0.0,4.7122226
12511,C12orf57,-122.17663,-4.7116694,0.0,0.0,4.7116694
12879,AMOT,-122.31012,-4.7113175,0.0,0.0,4.7113175
449,IL12A-AS1,122.95729,4.710274,0.0,0.0,4.710274
12923,HAUS7,-122.32689,-4.708269,0.0,0.0,4.708269
1762,TDRD1,121.94104,4.708005,0.0,0.0,4.708005
12021,HMMR,-121.721214,-4.70771,0.0,0.0,4.70771
145,STXBP5,123.10529,4.7071867,0.0,0.0,4.7071867
13276,NDNF,-122.410385,-4.7058215,0.0,0.0,4.7058215
8877,DLGAP5,-74.62976,-4.705401,0.0,0.0,4.705401
12582,COL1A2,-122.20654,-4.7046094,0.0,0.0,4.7046094
970,ZFPM2,122.72374,4.7045956,0.0,0.0,4.7045956
10726,LINC01914,-115.61387,-4.703324,0.0,0.0,4.703324
12065,TRIM34,-121.79115,-4.7030416,0.0,0.0,4.7030416
10480,AURKB,-112.98616,-4.7029877,0.0,0.0,4.7029877
12440,ROBO3,-122.13552,-4.701797,0.0,0.0,4.701797
2049,PDZRN3,121.10029,4.7012997,0.0,0.0,4.7012997
980,CAMKMT,122.71905,4.700383,0.0,0.0,4.700383
12812,MAF,-122.28827,-4.7002378,0.0,0.0,4.7002378
190,KCNAB1,123.079796,4.698417,0.0,0.0,4.698417
12901,RPL27A,-122.320465,-4.698288,0.0,0.0,4.698288
11714,RXRG,-121.145325,-4.6976438,0.0,0.0,4.6976438
12717,USP27X,-122.25937,-4.6976237,0.0,0.0,4.6976237
12741,TRMT112,-122.26686,-4.696985,0.0,0.0,4.696985
13733,RPL21,-122.50863,-4.6951966,0.0,0.0,4.6951966
10002,FGF8,-105.527115,-4.69443,0.0,0.0,4.69443
12578,B3GNT4,-122.20565,-4.693385,0.0,0.0,4.693385
2169,PPARGC1B,120.45921,4.692449,0.0,0.0,4.692449
12627,PRSS8,-122.22688,-4.6905584,0.0,0.0,4.6905584
1811,LINC00882,121.815346,4.690393,0.0,0.0,4.690393
12827,B3GALT1,-122.294136,-4.690165,0.0,0.0,4.690165
12390,RAP2B,-122.106415,-4.689574,0.0,0.0,4.689574
14720,MRFAP1,-122.90151,-4.6892457,0.0,0.0,4.6892457
1605,CPNE4,122.21261,4.686684,0.0,0.0,4.686684
515,DLEC1,122.93494,4.6857743,0.0,0.0,4.6857743
536,PARD3B,122.9272,4.6855965,0.0,0.0,4.6855965
14486,PGAM4,-122.74187,-4.6848907,0.0,0.0,4.6848907
13922,MYL6B,-122.551254,-4.682547,0.0,0.0,4.682547
831,DENND5B-AS1,122.788284,4.681157,0.0,0.0,4.681157
13408,ZNF607,-122.43875,-4.6808634,0.0,0.0,4.6808634
436,VDR,122.96279,4.680405,0.0,0.0,4.680405
13672,CDC25A,-122.49253,-4.678707,0.0,0.0,4.678707
1387,CNTN3,122.467865,4.6772747,0.0,0.0,4.6772747
2474,LINC00964,118.92519,4.6755815,0.0,0.0,4.6755815
13943,FGFBP3,-122.56009,-4.6720934,0.0,0.0,4.6720934
103,ITGB7,123.13456,4.672059,0.0,0.0,4.672059
11075,COX4I2,-118.69909,-4.6706104,0.0,0.0,4.6706104
13015,ZNHIT1,-122.35222,-4.6681123,0.0,0.0,4.6681123
12123,CACNG6,-121.851654,-4.6674657,0.0,0.0,4.6674657
12356,STAR,-122.084984,-4.666754,0.0,0.0,4.666754
1297,LAMA2,122.53632,4.6647806,0.0,0.0,4.6647806
1785,CARD11,121.879326,4.663322,0.0,0.0,4.663322
1578,LRMDA,122.24566,4.661638,0.0,0.0,4.661638
12916,ZNF343,-122.32518,-4.661104,0.0,0.0,4.661104
12645,DCLK3,-122.232925,-4.657944,0.0,0.0,4.657944
1034,CDH17,122.692215,4.655833,0.0,0.0,4.655833
13159,WFDC2,-122.38769,-4.654944,0.0,0.0,4.654944
1563,C10orf67,122.264465,4.6524115,0.0,0.0,4.6524115
14665,GNG5,-122.85022,-4.6518397,0.0,0.0,4.6518397
878,LRRC4C,122.76859,4.650432,0.0,0.0,4.650432
14389,TSR3,-122.70212,-4.649514,0.0,0.0,4.649514
13209,RPS20,-122.39974,-4.647547,0.0,0.0,4.647547
1937,C9orf153,121.43995,4.6465473,0.0,0.0,4.6465473
13989,COPE,-122.57129,-4.6456366,0.0,0.0,4.6456366
11645,F12,-121.01462,-4.6442475,0.0,0.0,4.6442475
642,SLC9C2,122.88509,4.6436872,0.0,0.0,4.6436872
3565,SLC5A1,107.727745,4.641846,0.0,0.0,4.641846
12082,RD3,-121.808334,-4.640314,0.0,0.0,4.640314
11150,GINS2,-119.17038,-4.6399956,0.0,0.0,4.6399956
1864,PHACTR1,121.665054,4.638964,0.0,0.0,4.638964
1102,PCDHGA1,122.65535,4.637184,0.0,0.0,4.637184
13764,CHD4,-122.51665,-4.6371455,0.0,0.0,4.6371455
1008,MIR181A2HG,122.70393,4.636496,0.0,0.0,4.636496
14253,CDV3,-122.65336,-4.6346054,0.0,0.0,4.6346054
12467,FLRT3,-122.14641,-4.6342454,0.0,0.0,4.6342454
13329,PHGDH,-122.42248,-4.6341634,0.0,0.0,4.6341634
1249,GARNL3,122.57097,4.6320066,0.0,0.0,4.6320066
873,C19orf38,122.77061,4.630646,0.0,0.0,4.630646
1243,TMEM117,122.574646,4.6297145,0.0,0.0,4.6297145
775,TRPC4,122.81443,4.6267085,0.0,0.0,4.6267085
380,MLKL,122.99011,4.6254416,0.0,0.0,4.6254416
389,CRTC3-AS1,122.98292,4.623705,0.0,0.0,4.623705
13198,PET117,-122.39838,-4.6225204,0.0,0.0,4.6225204
12503,MYL12B,-122.172775,-4.6218143,0.0,0.0,4.6218143
1026,LAT2,122.69639,4.62161,0.0,0.0,4.62161
13844,EFNA3,-122.53556,-4.6202087,0.0,0.0,4.6202087
1941,INHBB,121.435776,4.619794,0.0,0.0,4.619794
1266,CPEB3,122.56232,4.6180224,0.0,0.0,4.6180224
615,PATJ,122.89723,4.615435,0.0,0.0,4.615435
1037,LYG2,122.68723,4.614315,0.0,0.0,4.614315
14166,STARD10,-122.625465,-4.614066,0.0,0.0,4.614066
14099,FDXACB1,-122.60605,-4.613542,0.0,0.0,4.613542
1980,KCNMA1-AS1,121.356224,4.612841,0.0,0.0,4.612841
13743,ZNF547,-122.51154,-4.6124635,0.0,0.0,4.6124635
13328,TYMP,-122.42233,-4.612337,0.0,0.0,4.612337
12988,PFN2,-122.34507,-4.611769,0.0,0.0,4.611769
12493,NOTCH3,-122.16661,-4.6110754,0.0,0.0,4.6110754
2189,LPAR6,120.39563,4.610912,0.0,0.0,4.610912
13465,ARPC1B,-122.44974,-4.610857,0.0,0.0,4.610857
1812,LYPLAL1-DT,121.811874,4.610587,0.0,0.0,4.610587
13117,TCF15,-122.375824,-4.610095,0.0,0.0,4.610095
13360,HSP90AA1,-122.42883,-4.60921,0.0,0.0,4.60921
252,SAMMSON,123.051094,4.6087136,0.0,0.0,4.6087136
11,LINC02363,123.251976,4.605992,0.0,0.0,4.605992
2497,PLIN5,118.8124,4.605448,0.0,0.0,4.605448
1416,ARHGEF6,122.43488,4.6053815,0.0,0.0,4.6053815
351,VSTM4,123.00252,4.6037183,0.0,0.0,4.6037183
13895,UXT-AS1,-122.544716,-4.60203,0.0,0.0,4.60203
14406,HINT1,-122.70994,-4.6009083,0.0,0.0,4.6009083
13488,ZMAT2,-122.45348,-4.5999064,0.0,0.0,4.5999064
14124,TIGD2,-122.61271,-4.5992975,0.0,0.0,4.5992975
12498,CNTFR,-122.16751,-4.598973,0.0,0.0,4.598973
10464,TTK,-112.775024,-4.5974216,0.0,0.0,4.5974216
14240,SYTL1,-122.64838,-4.596878,0.0,0.0,4.596878
11437,ACOXL-AS1,-120.31278,-4.596739,0.0,0.0,4.596739
14440,TRAPPC1,-122.724205,-4.5959363,0.0,0.0,4.5959363
860,SRGAP3,122.7768,4.594977,0.0,0.0,4.594977
17,KIAA1614,123.24221,4.594899,0.0,0.0,4.594899
14587,C18orf32,-122.78935,-4.593338,0.0,0.0,4.593338
857,WARS2-AS1,122.77751,4.592786,0.0,0.0,4.592786
12321,ZNF841,-122.057014,-4.591604,0.0,0.0,4.591604
308,SLC14A2,123.02354,4.591526,0.0,0.0,4.591526
14684,LAGE3,-122.86565,-4.59108,0.0,0.0,4.59108
10182,IGFBP5,-108.679504,-4.5879974,0.0,0.0,4.5879974
201,RFX2,123.075325,4.5858307,0.0,0.0,4.5858307
10867,NEIL3,-117.05053,-4.583747,0.0,0.0,4.583747
11406,LINC02371,-120.22172,-4.583025,0.0,0.0,4.583025
725,ADAMTS9-AS2,122.84171,4.5823946,0.0,0.0,4.5823946
384,HYAL1,122.988045,4.582041,0.0,0.0,4.582041
270,NRF1,123.04014,4.581593,0.0,0.0,4.581593
945,PDE10A,122.73519,4.5806775,0.0,0.0,4.5806775
593,BATF2,122.90516,4.579879,0.0,0.0,4.579879
11200,TCF21,-119.37409,-4.5764937,0.0,0.0,4.5764937
842,LINC02615,122.78476,4.5749507,0.0,0.0,4.5749507
600,STXBP5-AS1,122.90156,4.5743294,0.0,0.0,4.5743294
1515,BTC,122.33731,4.5739765,0.0,0.0,4.5739765
13318,CGB7,-122.42045,-4.5739336,0.0,0.0,4.5739336
13361,ST7-AS1,-122.429,-4.573807,0.0,0.0,4.573807
12477,AMIGO2,-122.15569,-4.572627,0.0,0.0,4.572627
12152,FTL,-121.883865,-4.5718427,0.0,0.0,4.5718427
939,RP1,122.74002,4.5712023,0.0,0.0,4.5712023
1019,PLD1,122.698456,4.56979,0.0,0.0,4.56979
13226,SLC25A1,-122.40275,-4.569586,0.0,0.0,4.569586
839,ARMH3,122.78615,4.5695605,0.0,0.0,4.5695605
12479,DBH-AS1,-122.155914,-4.569358,0.0,0.0,4.569358
499,TMEM131L,122.9422,4.5663075,0.0,0.0,4.5663075
13100,PWP2,-122.37205,-4.5648317,0.0,0.0,4.5648317
11500,LRRTM1,-120.56683,-4.559039,0.0,0.0,4.559039
1166,BEST2,122.61614,4.5572824,0.0,0.0,4.5572824
11673,ADAM20,-121.06995,-4.5558233,0.0,0.0,4.5558233
426,DNAJC9-AS1,122.96509,4.5541224,0.0,0.0,4.5541224
11715,IGF2-AS,-121.14741,-4.5523725,0.0,0.0,4.5523725
5279,LMCD1,69.799446,4.550815,0.0,0.0,4.550815
12948,MCM2,-122.332,-4.55004,0.0,0.0,4.55004
12892,CITED1,-122.31561,-4.549419,0.0,0.0,4.549419
114,RUNX2,123.12732,4.549182,0.0,0.0,4.549182
2063,MAOA,121.059265,4.5482554,0.0,0.0,4.5482554
13883,PRRG1,-122.543236,-4.546353,0.0,0.0,4.546353
33,ANGPT2,123.21041,4.544878,0.0,0.0,4.544878
661,ZNF586,122.87457,4.544822,0.0,0.0,4.544822
2526,ANGPTL4,118.590256,4.5424027,0.0,0.0,4.5424027
1752,DACH2,121.957306,4.540424,0.0,0.0,4.540424
1912,NR1H4,121.52125,4.54014,0.0,0.0,4.54014
10829,TNFSF13,-116.65363,-4.5394254,0.0,0.0,4.5394254
13628,TTC4,-122.483475,-4.5384912,0.0,0.0,4.5384912
12444,DDX19B,-122.13827,-4.5369883,0.0,0.0,4.5369883
11778,KCNA5,-121.30137,-4.5366597,0.0,0.0,4.5366597
564,TMPRSS5,122.917915,4.535884,0.0,0.0,4.535884
13031,EIF4EBP1,-122.35537,-4.534198,0.0,0.0,4.534198
1041,PITPNM2,122.68503,4.532852,0.0,0.0,4.532852
13774,MELTF-AS1,-122.51874,-4.5320444,0.0,0.0,4.5320444
877,NOXRED1,122.768776,4.5306773,0.0,0.0,4.5306773
12754,PGGHG,-122.272026,-4.5286617,0.0,0.0,4.5286617
12108,GATA2,-121.83438,-4.526598,0.0,0.0,4.526598
12684,CLIC3,-122.24714,-4.5252304,0.0,0.0,4.5252304
14569,TOMM22,-122.783005,-4.5248747,0.0,0.0,4.5248747
13970,ZC3HAV1L,-122.56688,-4.5238466,0.0,0.0,4.5238466
14565,GFY,-122.77953,-4.52363,0.0,0.0,4.52363
14474,REEP6,-122.73676,-4.5227776,0.0,0.0,4.5227776
95,KCNB1,123.14206,4.521602,0.0,0.0,4.521602
14022,RBM34,-122.58184,-4.521175,0.0,0.0,4.521175
13632,JPT1,-122.48406,-4.5209384,0.0,0.0,4.5209384
3552,C1QL3,107.95847,4.5191956,0.0,0.0,4.5191956
13066,SHMT2,-122.36543,-4.519071,0.0,0.0,4.519071
13652,NFKBIE,-122.487625,-4.5189023,0.0,0.0,4.5189023
14690,PRMT6,-122.871376,-4.518752,0.0,0.0,4.518752
1239,SNTN,122.576645,4.5185146,0.0,0.0,4.5185146
1158,LINC02603,122.62075,4.518472,0.0,0.0,4.518472
14585,TPI1,-122.78929,-4.5161366,0.0,0.0,4.5161366
82,CCDC178,123.1539,4.511262,0.0,0.0,4.511262
14090,ALKBH7,-122.60352,-4.5108323,0.0,0.0,4.5108323
14802,NES,-123.0067,-4.5095034,0.0,0.0,4.5095034
1303,ACACB,122.53201,4.5091553,0.0,0.0,4.5091553
1169,LINC00534,122.615425,4.506867,0.0,0.0,4.506867
1677,FHL2,122.096855,4.502583,0.0,0.0,4.502583
1090,NAV2-AS3,122.6603,4.50052,0.0,0.0,4.50052
1727,SLC8A1-AS1,122.02275,4.4998055,0.0,0.0,4.4998055
13321,FAM89A,-122.42105,-4.498661,0.0,0.0,4.498661
12300,GPBAR1,-122.03656,-4.4951186,0.0,0.0,4.4951186
14709,HTRA1,-122.89168,-4.493889,0.0,0.0,4.493889
1598,TMEM233,122.21842,4.4931493,0.0,0.0,4.4931493
13877,DUSP23,-122.542694,-4.4930196,0.0,0.0,4.4930196
1327,LINC02532,122.514824,4.4920597,0.0,0.0,4.4920597
14068,CHKB,-122.596565,-4.491794,0.0,0.0,4.491794
1975,TAPBPL,121.37176,4.4916973,0.0,0.0,4.4916973
14589,PRDX5,-122.79073,-4.491548,0.0,0.0,4.491548
14800,BMP7,-123.00371,-4.4912567,0.0,0.0,4.4912567
10290,CLSPN,-110.30575,-4.490503,0.0,0.0,4.490503
13776,C19orf53,-122.51945,-4.490357,0.0,0.0,4.490357
13437,SNRPE,-122.445496,-4.4890857,0.0,0.0,4.4890857
688,CLTCL1,122.86541,4.482888,0.0,0.0,4.482888
2285,VIPR2,119.93672,4.482736,0.0,0.0,4.482736
601,BCAR3,122.901375,4.4810038,0.0,0.0,4.4810038
14420,FKBP4,-122.71561,-4.480285,0.0,0.0,4.480285
12962,PRELID1,-122.33905,-4.480024,0.0,0.0,4.480024
13264,PCAT6,-122.40883,-4.4792914,0.0,0.0,4.4792914
10387,KCNG1,-111.909164,-4.479281,0.0,0.0,4.479281
2399,COA6-AS1,119.372116,4.4791365,0.0,0.0,4.4791365
1393,LBP,122.46109,4.479006,0.0,0.0,4.479006
1736,TTPA,122.00934,4.4784284,0.0,0.0,4.4784284
194,OSBPL6,123.07758,4.4767966,0.0,0.0,4.4767966
12549,BTN3A3,-122.19708,-4.476663,0.0,0.0,4.476663
12439,LINC01140,-122.13504,-4.4763093,0.0,0.0,4.4763093
1295,PLCXD3,122.53777,4.4758615,0.0,0.0,4.4758615
9258,ZNF687-AS1,-87.33989,-4.4756236,0.0,0.0,4.4756236
13981,TOMM20,-122.56966,-4.4748616,0.0,0.0,4.4748616
1641,MAEL,122.1555,4.4746513,0.0,0.0,4.4746513
12213,ADRA2B,-121.9525,-4.4740963,0.0,0.0,4.4740963
696,SLC6A7,122.86074,4.47149,0.0,0.0,4.47149
12679,TSKU,-122.24489,-4.470757,0.0,0.0,4.470757
1958,C4BPB,121.40363,4.470529,0.0,0.0,4.470529
1451,PLCH1,122.40975,4.4693103,0.0,0.0,4.4693103
1395,LINC01476,122.45998,4.469175,0.0,0.0,4.469175
12377,ID2-AS1,-122.09839,-4.4677505,0.0,0.0,4.4677505
2447,RAD9B,119.08978,4.46761,0.0,0.0,4.46761
335,IMMP2L,123.00927,4.466253,0.0,0.0,4.466253
1056,KANK1,122.675186,4.465019,0.0,0.0,4.465019
767,ADCY10,122.818184,4.4643555,0.0,0.0,4.4643555
897,C10orf55,122.75642,4.462537,0.0,0.0,4.462537
11775,PIEZO1,-121.29944,-4.4615912,0.0,0.0,4.4615912
14422,MSMO1,-122.71743,-4.461101,0.0,0.0,4.461101
13193,MYRF,-122.39708,-4.4571724,0.0,0.0,4.4571724
13124,SNRNP27,-122.37785,-4.457166,0.0,0.0,4.457166
13586,FASN,-122.47357,-4.4570065,0.0,0.0,4.4570065
13389,HMGN2,-122.43409,-4.456004,0.0,0.0,4.456004
14055,DMKN,-122.59255,-4.4557943,0.0,0.0,4.4557943
10713,LMO2,-115.50731,-4.4528804,0.0,0.0,4.4528804
12918,LGALSL,-122.32559,-4.451878,0.0,0.0,4.451878
13949,FGF13-AS1,-122.56097,-4.4511685,0.0,0.0,4.4511685
12125,PCDHGA11,-121.85331,-4.450708,0.0,0.0,4.450708
13587,LINC01465,-122.473694,-4.4506927,0.0,0.0,4.4506927
14137,ZNF571-AS1,-122.618835,-4.4506106,0.0,0.0,4.4506106
102,UMAD1,123.135414,4.4496126,0.0,0.0,4.4496126
11477,CACNA1G,-120.47513,-4.449483,0.0,0.0,4.449483
13092,HNMT,-122.37064,-4.4473815,0.0,0.0,4.4473815
13176,PSAT1,-122.39243,-4.446992,0.0,0.0,4.446992
3185,EREG,112.599945,4.445474,0.0,0.0,4.445474
12080,VPREB3,-121.80816,-4.4448643,0.0,0.0,4.4448643
10460,FLT1,-112.75235,-4.444395,0.0,0.0,4.444395
1940,MEOX1,121.4377,4.444075,0.0,0.0,4.444075
12618,EDA2R,-122.22409,-4.4426894,0.0,0.0,4.4426894
14718,SSBP4,-122.90044,-4.441378,0.0,0.0,4.441378
1143,KLHDC1,122.62933,4.4410896,0.0,0.0,4.4410896
12847,RPL10,-122.30025,-4.439265,0.0,0.0,4.439265
8151,MIR1915HG,-46.805267,-4.4374614,0.0,0.0,4.4374614
11247,MRAP2,-119.57336,-4.4356995,0.0,0.0,4.4356995
10827,TNFRSF6B,-116.61363,-4.4345765,0.0,0.0,4.4345765
14155,CDK5,-122.6228,-4.433954,0.0,0.0,4.433954
13082,BNIP3,-122.36905,-4.433559,0.0,0.0,4.433559
13837,RPL39L,-122.53327,-4.4331017,0.0,0.0,4.4331017
13249,COL1A1,-122.40674,-4.429816,0.0,0.0,4.429816
14551,MRPL17,-122.77411,-4.4297743,0.0,0.0,4.4297743
569,IL34,122.91496,4.429536,0.0,0.0,4.429536
1076,LINC00640,122.665436,4.429065,0.0,0.0,4.429065
8259,CRHBP,-51.444862,-4.428595,0.0,0.0,4.428595
14726,EID1,-122.906265,-4.427745,0.0,0.0,4.427745
13588,WNT5A,-122.47393,-4.4275775,0.0,0.0,4.4275775
12544,ZC3H11A,-122.19463,-4.4271765,0.0,0.0,4.4271765
11091,SPRY4,-118.84648,-4.4261007,0.0,0.0,4.4261007
13620,ODC1,-122.48204,-4.4238596,0.0,0.0,4.4238596
2997,SPI1,114.72789,4.422423,0.0,0.0,4.422423
13723,NHP2,-122.5053,-4.4221783,0.0,0.0,4.4221783
14809,SLC25A5,-123.02696,-4.421528,0.0,0.0,4.421528
12956,LEF1,-122.33574,-4.419276,0.0,0.0,4.419276
13371,BZW1,-122.43082,-4.417736,0.0,0.0,4.417736
994,CFAP57,122.71229,4.4164906,0.0,0.0,4.4164906
12089,IGDCC3,-121.81703,-4.4146886,0.0,0.0,4.4146886
13140,SNRPF,-122.38313,-4.4133945,0.0,0.0,4.4133945
11656,TFAP2A,-121.03216,-4.412392,0.0,0.0,4.412392
1931,FGF1,121.47338,4.411561,0.0,0.0,4.411561
827,MOB3B,122.79081,4.410964,0.0,0.0,4.410964
12097,ZNF878,-121.82667,-4.4076505,0.0,0.0,4.4076505
13143,ZBTB33,-122.38409,-4.407452,0.0,0.0,4.407452
12352,UBB,-122.081924,-4.4073462,0.0,0.0,4.4073462
2402,NR0B2,119.35083,4.404821,0.0,0.0,4.404821
1414,TTN-AS1,122.437775,4.404717,0.0,0.0,4.404717
13463,ELOB,-122.44921,-4.403027,0.0,0.0,4.403027
2319,KCNJ2-AS1,119.74943,4.398943,0.0,0.0,4.398943
13947,SUPT4H1,-122.56074,-4.396488,0.0,0.0,4.396488
311,TGFBR3,123.02195,4.3925524,0.0,0.0,4.3925524
2582,SLC15A2,118.17396,4.3912573,0.0,0.0,4.3912573
13635,MAGEH1,-122.484795,-4.3911324,0.0,0.0,4.3911324
11132,PCDHGA2,-119.0832,-4.3906317,0.0,0.0,4.3906317
12327,NBL1,-122.06134,-4.390378,0.0,0.0,4.390378
591,ADARB2,122.90573,4.3893805,0.0,0.0,4.3893805
14657,FOXN3-AS1,-122.84443,-4.386643,0.0,0.0,4.386643
12797,PRR7,-122.28422,-4.385753,0.0,0.0,4.385753
13483,PAPSS2,-122.45257,-4.3845243,0.0,0.0,4.3845243
134,LINC00504,123.11393,4.382234,0.0,0.0,4.382234
721,GALNT15,122.84433,4.3809357,0.0,0.0,4.3809357
11860,KCNAB3,-121.47401,-4.3797884,0.0,0.0,4.3797884
732,PCSK6,122.83911,4.3759613,0.0,0.0,4.3759613
1335,DGKB,122.51002,4.3758793,0.0,0.0,4.3758793
2375,PRELID2,119.471306,4.375533,0.0,0.0,4.375533
8471,MEG8,-59.835373,-4.375014,0.0,0.0,4.375014
10391,APELA,-111.955795,-4.374724,0.0,0.0,4.374724
14058,TDRP,-122.59333,-4.3723087,0.0,0.0,4.3723087
1615,TMEM52B,122.19716,4.372166,0.0,0.0,4.372166
10633,RAD51AP1,-114.67791,-4.371956,0.0,0.0,4.371956
602,KCNK1,122.90099,4.371217,0.0,0.0,4.371217
2037,LMO7-AS1,121.164444,4.3712044,0.0,0.0,4.3712044
1543,GJB1,122.29621,4.3709354,0.0,0.0,4.3709354
1712,XKR7,122.042755,4.370637,0.0,0.0,4.370637
1331,PDE4D,122.511986,4.370515,0.0,0.0,4.370515
14318,MRPS28,-122.6788,-4.369665,0.0,0.0,4.369665
11765,TMSB15B-AS1,-121.28145,-4.3676786,0.0,0.0,4.3676786
12102,GALNT5,-121.83028,-4.3657193,0.0,0.0,4.3657193
14734,RTN4,-122.916466,-4.365155,0.0,0.0,4.365155
14638,PAF1,-122.82626,-4.3639107,0.0,0.0,4.3639107
1577,MPRIP-AS1,122.24727,4.362362,0.0,0.0,4.362362
12254,FBLN1,-122.00082,-4.3607416,0.0,0.0,4.3607416
14211,GPX4,-122.638016,-4.3607106,0.0,0.0,4.3607106
11730,TPPP3,-121.19609,-4.360649,0.0,0.0,4.360649
1027,SCART1,122.6963,4.3603477,0.0,0.0,4.3603477
13482,CENPB,-122.45235,-4.360202,0.0,0.0,4.360202
13965,ROMO1,-122.566376,-4.358473,0.0,0.0,4.358473
14494,WNT11,-122.74458,-4.357961,0.0,0.0,4.357961
478,MYT1L,122.949,4.3577924,0.0,0.0,4.3577924
993,GDF5,122.7127,4.3550954,0.0,0.0,4.3550954
12643,IMPDH2,-122.232086,-4.3541107,0.0,0.0,4.3541107
12633,TMEM221,-122.22832,-4.3539925,0.0,0.0,4.3539925
11755,ARHGDIB,-121.26208,-4.35272,0.0,0.0,4.35272
13643,PCBP1,-122.48569,-4.3503594,0.0,0.0,4.3503594
1042,RBM15-AS1,122.68266,4.349431,0.0,0.0,4.349431
489,DNHD1,122.94416,4.349284,0.0,0.0,4.349284
14158,BUD31,-122.623116,-4.3486233,0.0,0.0,4.3486233
1902,PLEKHF1,121.54784,4.348258,0.0,0.0,4.348258
14769,EID2,-122.95534,-4.345989,0.0,0.0,4.345989
2748,MIR4435-2HG,116.97015,4.3438745,0.0,0.0,4.3438745
1307,VLDLR-AS1,122.529884,4.3422523,0.0,0.0,4.3422523
11522,CFAP206,-120.63904,-4.3402386,0.0,0.0,4.3402386
14038,UBL5,-122.5885,-4.339938,0.0,0.0,4.339938
948,SLC7A6,122.73327,4.33953,0.0,0.0,4.33953
13840,AGRN,-122.53383,-4.3350434,0.0,0.0,4.3350434
1107,SYNDIG1,122.65278,4.334429,0.0,0.0,4.334429
1843,DOK5,121.73937,4.3329825,0.0,0.0,4.3329825
535,TMEM164,122.92727,4.332414,0.0,0.0,4.332414
12960,TMSB15B,-122.33857,-4.3298645,0.0,0.0,4.3298645
11271,ACHE,-119.67506,-4.3287373,0.0,0.0,4.3287373
14275,CHMP2A,-122.66213,-4.326665,0.0,0.0,4.326665
1318,FBXL7,122.52003,4.326629,0.0,0.0,4.326629
12148,PCDHGA5,-121.88097,-4.3264027,0.0,0.0,4.3264027
1006,SCGN,122.705284,4.326335,0.0,0.0,4.326335
14248,GGN,-122.65306,-4.326192,0.0,0.0,4.326192
493,ANKAR,122.94311,4.325617,0.0,0.0,4.325617
12081,TMEM54,-121.8082,-4.3245554,0.0,0.0,4.3245554
819,CDKL4,122.794464,4.3241014,0.0,0.0,4.3241014
1519,CRPPA,122.328316,4.3235583,0.0,0.0,4.3235583
1860,UNC13C,121.682594,4.323062,0.0,0.0,4.323062
12129,PCDH18,-121.85712,-4.3225656,0.0,0.0,4.3225656
12860,IGFBP3,-122.30425,-4.322527,0.0,0.0,4.322527
11329,FOXC2,-119.90562,-4.3225207,0.0,0.0,4.3225207
13490,FAM110A,-122.45388,-4.321886,0.0,0.0,4.321886
1197,CIITA,122.601326,4.32178,0.0,0.0,4.32178
852,ELL2,122.77855,4.3208985,0.0,0.0,4.3208985
13511,GMNN,-122.457085,-4.320405,0.0,0.0,4.320405
12251,ACKR1,-121.99471,-4.3193564,0.0,0.0,4.3193564
891,TAFA2,122.76352,4.3190875,0.0,0.0,4.3190875
1689,INPP4B,122.07651,4.3167324,0.0,0.0,4.3167324
904,PCP4L1,122.7523,4.3163714,0.0,0.0,4.3163714
965,GAREM1,122.72516,4.31439,0.0,0.0,4.31439
1028,EVA1A,122.695145,4.3140936,0.0,0.0,4.3140936
13862,PLEK2,-122.539566,-4.3133883,0.0,0.0,4.3133883
14374,BEX3,-122.699615,-4.3129387,0.0,0.0,4.3129387
12064,KITLG,-121.789825,-4.3128405,0.0,0.0,4.3128405
12418,DTX4,-122.12522,-4.3106217,0.0,0.0,4.3106217
10498,VTN,-113.12391,-4.3092494,0.0,0.0,4.3092494
2126,SFRP4,120.73274,4.3088026,0.0,0.0,4.3088026
1326,LINC00880,122.51603,4.3084664,0.0,0.0,4.3084664
1007,NIBAN3,122.70505,4.304623,0.0,0.0,4.304623
13202,WASIR2,-122.39884,-4.3023734,0.0,0.0,4.3023734
13384,ZMYND19,-122.43268,-4.296799,0.0,0.0,4.296799
12749,LINC01962,-122.26907,-4.2964125,0.0,0.0,4.2964125
11977,INSL3,-121.66511,-4.294475,0.0,0.0,4.294475
402,MIR193BHG,122.977196,4.2932878,0.0,0.0,4.2932878
12990,SPECC1,-122.34515,-4.292899,0.0,0.0,4.292899
13792,OST4,-122.5236,-4.292593,0.0,0.0,4.292593
14524,ATP5F1E,-122.75782,-4.291031,0.0,0.0,4.291031
1433,BHMT,122.425545,4.290972,0.0,0.0,4.290972
918,SLC13A4,122.748146,4.2909594,0.0,0.0,4.2909594
13638,GGCT,-122.48508,-4.2894115,0.0,0.0,4.2894115
14481,NXPH3,-122.73952,-4.289074,0.0,0.0,4.289074
14033,PJA1,-122.58734,-4.288003,0.0,0.0,4.288003
1405,TMEM213,122.44966,4.2877393,0.0,0.0,4.2877393
13090,BTN2A2,-122.37043,-4.28772,0.0,0.0,4.28772
12483,MATN3,-122.16144,-4.28509,0.0,0.0,4.28509
1764,SUN3,121.93392,4.2848973,0.0,0.0,4.2848973
13113,SHC1,-122.374664,-4.284626,0.0,0.0,4.284626
1055,SHANK1,122.67698,4.2836046,0.0,0.0,4.2836046
1800,RASEF,121.835915,4.2817817,0.0,0.0,4.2817817
12331,E2F1,-122.06254,-4.277837,0.0,0.0,4.277837
14065,RHPN1-AS1,-122.59609,-4.277281,0.0,0.0,4.277281
2789,PIR,116.6535,4.2736583,0.0,0.0,4.2736583
972,LINC01562,122.72315,4.2734017,0.0,0.0,4.2734017
13655,EIF3G,-122.48815,-4.2724905,0.0,0.0,4.2724905
13478,DNALI1,-122.45185,-4.272429,0.0,0.0,4.272429
2207,GYPE,120.32793,4.2710457,0.0,0.0,4.2710457
10974,CACNA1G-AS1,-118.003105,-4.2708807,0.0,0.0,4.2708807
13889,DCTN1,-122.544205,-4.2699776,0.0,0.0,4.2699776
1346,DRC1,122.50215,4.269029,0.0,0.0,4.269029
129,SPATA12,123.1185,4.2685857,0.0,0.0,4.2685857
4195,DNAI1,96.53688,4.2676044,0.0,0.0,4.2676044
1117,ZHX2,122.646126,4.2662106,0.0,0.0,4.2662106
1030,ARHGAP31-AS1,122.69468,4.2640967,0.0,0.0,4.2640967
14077,RNF7,-122.5993,-4.2628646,0.0,0.0,4.2628646
11585,KIF1A,-120.82811,-4.2614493,0.0,0.0,4.2614493
20,KCNIP3,123.23354,4.260469,0.0,0.0,4.260469
592,TNIP3,122.905655,4.260388,0.0,0.0,4.260388
1806,FSTL4,121.82483,4.2602777,0.0,0.0,4.2602777
13533,PSD,-122.46059,-4.2595434,0.0,0.0,4.2595434
369,ATG7,122.99262,4.259226,0.0,0.0,4.259226
11905,PCDHGA9,-121.548386,-4.258244,0.0,0.0,4.258244
9775,ASPM,-100.86884,-4.257916,0.0,0.0,4.257916
11539,TAC3,-120.692795,-4.256857,0.0,0.0,4.256857
199,RGPD8,123.07574,4.2565565,0.0,0.0,4.2565565
11796,PDLIM4,-121.341896,-4.2549667,0.0,0.0,4.2549667
13443,LRRC59,-122.44631,-4.254493,0.0,0.0,4.254493
14257,CD81,-122.65523,-4.2544217,0.0,0.0,4.2544217
136,ZNF236-DT,123.111534,4.2530556,0.0,0.0,4.2530556
1691,ITIH2,122.074936,4.250388,0.0,0.0,4.250388
1045,EXOC6B,122.68131,4.249942,0.0,0.0,4.249942
14523,GCA,-122.75778,-4.2439637,0.0,0.0,4.2439637
8844,TTR,-73.660286,-4.2436757,0.0,0.0,4.2436757
1139,CCDC154,122.63318,4.243383,0.0,0.0,4.243383
12392,IFI16,-122.10695,-4.243011,0.0,0.0,4.243011
8626,NDC80,-65.17747,-4.241463,0.0,0.0,4.241463
13332,RNF181,-122.42338,-4.2411103,0.0,0.0,4.2411103
12414,C1QTNF6,-122.12197,-4.2398124,0.0,0.0,4.2398124
1058,NPAS3,122.6731,4.2377477,0.0,0.0,4.2377477
13444,NOP53,-122.44644,-4.237376,0.0,0.0,4.237376
11672,NREP,-121.06851,-4.2370405,0.0,0.0,4.2370405
2026,SAMD12,121.19212,4.236138,0.0,0.0,4.236138
13241,AP2S1,-122.40617,-4.235667,0.0,0.0,4.235667
12071,LINC02367,-121.799545,-4.234377,0.0,0.0,4.234377
14670,BRK1,-122.85495,-4.2341447,0.0,0.0,4.2341447
924,TMCO4,122.74609,4.2333565,0.0,0.0,4.2333565
12032,SYCE1L,-121.74049,-4.2330723,0.0,0.0,4.2330723
278,NCF2,123.03733,4.2325454,0.0,0.0,4.2325454
13165,NEFH,-122.389175,-4.231996,0.0,0.0,4.231996
13826,HENMT1,-122.531784,-4.2308197,0.0,0.0,4.2308197
14617,FIBP,-122.81418,-4.230317,0.0,0.0,4.230317
14781,PCBD1,-122.972565,-4.2302556,0.0,0.0,4.2302556
13581,KLF16,-122.4718,-4.2298937,0.0,0.0,4.2298937
798,ZNF460-AS1,122.806175,4.228691,0.0,0.0,4.228691
10951,PLPPR4,-117.805,-4.228217,0.0,0.0,4.228217
2455,CKMT2,119.03083,4.2275686,0.0,0.0,4.2275686
8826,S100A8,-73.10736,-4.2268977,0.0,0.0,4.2268977
13827,DAD1,-122.53193,-4.2266183,0.0,0.0,4.2266183
2637,DNAAF3,117.81904,4.2260337,0.0,0.0,4.2260337
1787,LINC00310,121.8759,4.2243524,0.0,0.0,4.2243524
2951,CAVIN2,115.14276,4.2240777,0.0,0.0,4.2240777
999,NDST4,122.708954,4.219774,0.0,0.0,4.219774
14431,SELENON,-122.72137,-4.2196,0.0,0.0,4.2196
12926,SERPINE2,-122.32727,-4.2174134,0.0,0.0,4.2174134
13225,ATF7,-122.40258,-4.217022,0.0,0.0,4.217022
224,ANKS1B,123.06432,4.2167144,0.0,0.0,4.2167144
12802,PSMD10,-122.28571,-4.216673,0.0,0.0,4.216673
1281,ARL15,122.54997,4.2163706,0.0,0.0,4.2163706
13592,DNAJB11,-122.474884,-4.2162285,0.0,0.0,4.2162285
13252,NSA2,-122.40724,-4.2150793,0.0,0.0,4.2150793
14702,CDKN1B,-122.88255,-4.214851,0.0,0.0,4.214851
14423,SF3B6,-122.71776,-4.214706,0.0,0.0,4.214706
1386,LRRK2,122.4688,4.2130523,0.0,0.0,4.2130523
11681,FN1,-121.08348,-4.2129483,0.0,0.0,4.2129483
2234,ACTL6B,120.1893,4.211375,0.0,0.0,4.211375
11009,ADAMTS8,-118.25585,-4.210808,0.0,0.0,4.210808
2857,EFHC2,115.957405,4.2102423,0.0,0.0,4.2102423
2100,EGF,120.87282,4.209116,0.0,0.0,4.209116
11252,TMEM225B,-119.5911,-4.208925,0.0,0.0,4.208925
13397,PGRMC1,-122.434975,-4.208306,0.0,0.0,4.208306
370,HPSE2,122.992294,4.2074647,0.0,0.0,4.2074647
166,LINC00858,123.09558,4.207037,0.0,0.0,4.207037
496,CPA2,122.94267,4.2060747,0.0,0.0,4.2060747
12398,PGF,-122.10943,-4.2050524,0.0,0.0,4.2050524
12012,ADA,-121.710655,-4.2044883,0.0,0.0,4.2044883
1807,ANK1,121.8242,4.2039585,0.0,0.0,4.2039585
14188,SQLE,-122.631165,-4.2029176,0.0,0.0,4.2029176
14039,SAP30,-122.58855,-4.198738,0.0,0.0,4.198738
14217,SSR4,-122.63954,-4.198352,0.0,0.0,4.198352
11855,PIGY-DT,-121.45533,-4.196927,0.0,0.0,4.196927
14482,ZNF775,-122.740326,-4.194353,0.0,0.0,4.194353
12685,PLXND1,-122.24747,-4.1919107,0.0,0.0,4.1919107
764,DAZL,122.82062,4.191801,0.0,0.0,4.191801
1438,ILDR1,122.420586,4.1895037,0.0,0.0,4.1895037
13139,RSL24D1,-122.382996,-4.189238,0.0,0.0,4.189238
12461,LRRC46,-122.14511,-4.1888804,0.0,0.0,4.1888804
14007,POLE3,-122.57579,-4.1885085,0.0,0.0,4.1885085
2309,CDK15,119.812164,4.1879015,0.0,0.0,4.1879015
1761,ABCB4,121.94226,4.18702,0.0,0.0,4.18702
2488,METTL24,118.84378,4.186952,0.0,0.0,4.186952
10820,CT66,-116.57059,-4.1854024,0.0,0.0,4.1854024
13859,CKMT1B,-122.53896,-4.185208,0.0,0.0,4.185208
14242,TMEM191C,-122.64938,-4.184734,0.0,0.0,4.184734
14428,DNAJA1,-122.72047,-4.1822066,0.0,0.0,4.1822066
14036,BOK,-122.58787,-4.1812243,0.0,0.0,4.1812243
13179,GNAI2,-122.39333,-4.1810894,0.0,0.0,4.1810894
13324,NT5DC2,-122.4212,-4.1805162,0.0,0.0,4.1805162
13879,HTATSF1,-122.54276,-4.17984,0.0,0.0,4.17984
1545,STON1-GTF2A1L,122.29426,4.179539,0.0,0.0,4.179539
1449,CTNND2,122.41207,4.1782,0.0,0.0,4.1782
1365,DOCK4,122.485725,4.1777043,0.0,0.0,4.1777043
12505,CHD3,-122.17309,-4.1771255,0.0,0.0,4.1771255
14218,RPL26L1,-122.639656,-4.1766653,0.0,0.0,4.1766653
1179,RNF213-AS1,122.609985,4.1764903,0.0,0.0,4.1764903
11320,ENC1,-119.87243,-4.175637,0.0,0.0,4.175637
748,HNF4G,122.830376,4.174154,0.0,0.0,4.174154
5670,NNMT,56.259575,4.172424,0.0,0.0,4.172424
1025,ADCY9,122.69641,4.172332,0.0,0.0,4.172332
14139,HSBP1,-122.619484,-4.1710234,0.0,0.0,4.1710234
12161,CAVIN3,-121.89128,-4.170125,0.0,0.0,4.170125
12692,KIAA1614-AS1,-122.2501,-4.169328,0.0,0.0,4.169328
13141,ST13,-122.38337,-4.1691976,0.0,0.0,4.1691976
12655,SFRP1,-122.23475,-4.1675124,0.0,0.0,4.1675124
1311,RBM20,122.526505,4.167388,0.0,0.0,4.167388
2347,STEAP2,119.58833,4.165599,0.0,0.0,4.165599
666,IQCH,122.87284,4.165313,0.0,0.0,4.165313
11174,SMIM24,-119.26689,-4.1643906,0.0,0.0,4.1643906
12301,SNAI1,-122.03802,-4.1639977,0.0,0.0,4.1639977
458,FGD4,122.95423,4.16255,0.0,0.0,4.16255
1564,LHFPL6,122.26387,4.160649,0.0,0.0,4.160649
13024,ASIC1,-122.354225,-4.15826,0.0,0.0,4.15826
13053,HYAL3,-122.36224,-4.1568985,0.0,0.0,4.1568985
12937,ST3GAL5,-122.33065,-4.154936,0.0,0.0,4.154936
13829,CCT5,-122.532234,-4.154733,0.0,0.0,4.154733
12246,SPATA18,-121.993576,-4.154418,0.0,0.0,4.154418
14457,BDH2,-122.72964,-4.154384,0.0,0.0,4.154384
926,TPK1,122.74581,4.1541214,0.0,0.0,4.1541214
1485,OPHN1,122.367516,4.1535826,0.0,0.0,4.1535826
11829,BTN3A1,-121.40177,-4.15312,0.0,0.0,4.15312
11982,CD74,-121.67051,-4.1526146,0.0,0.0,4.1526146
1854,CPNE8,121.70161,4.1523724,0.0,0.0,4.1523724
13894,TIMM10,-122.544655,-4.1519623,0.0,0.0,4.1519623
10816,MOXD1,-116.52681,-4.1516943,0.0,0.0,4.1516943
1788,GABRR2,121.87484,4.1512656,0.0,0.0,4.1512656
12989,HSPH1,-122.34511,-4.151094,0.0,0.0,4.151094
10997,CENPU,-118.17113,-4.150997,0.0,0.0,4.150997
1369,ALPK1,122.4846,4.1483083,0.0,0.0,4.1483083
13843,KRTDAP,-122.53517,-4.146231,0.0,0.0,4.146231
1191,GTF2IRD2B,122.60442,4.1458173,0.0,0.0,4.1458173
10549,PRSS53,-113.64479,-4.1433525,0.0,0.0,4.1433525
444,DEPTOR,122.960335,4.142817,0.0,0.0,4.142817
2248,SLC25A34,120.118515,4.141505,0.0,0.0,4.141505
739,DEUP1,122.83632,4.140897,0.0,0.0,4.140897
12636,RGMB-AS1,-122.229965,-4.1391034,0.0,0.0,4.1391034
984,CCDC146,122.71678,4.138839,0.0,0.0,4.138839
267,USP54,123.04246,4.1385813,0.0,0.0,4.1385813
13497,CDKN2D,-122.455376,-4.138235,0.0,0.0,4.138235
14725,PNMA1,-122.904526,-4.136403,0.0,0.0,4.136403
13593,IK,-122.47503,-4.1354876,0.0,0.0,4.1354876
354,BDNF-AS,123.00118,4.135061,0.0,0.0,4.135061
1315,KCTD19,122.52125,4.13169,0.0,0.0,4.13169
1776,ISM1,121.911415,4.1314263,0.0,0.0,4.1314263
14711,LAP3,-122.8919,-4.1312795,0.0,0.0,4.1312795
9399,SLC34A2,-91.24699,-4.131187,0.0,0.0,4.131187
1972,DES,121.37262,4.1301236,0.0,0.0,4.1301236
14025,RPS4Y1,-122.583206,-4.1281843,0.0,0.0,4.1281843
14623,TMEM121,-122.81646,-4.1262226,0.0,0.0,4.1262226
13675,THAP11,-122.49298,-4.1252294,0.0,0.0,4.1252294
14302,YWHAB,-122.67278,-4.122824,0.0,0.0,4.122824
12677,TXN,-122.244225,-4.1227283,0.0,0.0,4.1227283
12457,PNMA8C,-122.14406,-4.1226153,0.0,0.0,4.1226153
13871,METTL1,-122.541245,-4.119097,0.0,0.0,4.119097
1379,ADHFE1,122.47457,4.118994,0.0,0.0,4.118994
13372,MGAT3,-122.43097,-4.1181054,0.0,0.0,4.1181054
2350,PDE4A,119.58287,4.117631,0.0,0.0,4.117631
13775,LSM4,-122.51895,-4.11763,0.0,0.0,4.11763
766,ZNF541,122.81922,4.1172,0.0,0.0,4.1172
855,LINC00265,122.77828,4.1158915,0.0,0.0,4.1158915
13442,ZNF593,-122.44603,-4.1151466,0.0,0.0,4.1151466
11250,CNRIP1,-119.58183,-4.1143446,0.0,0.0,4.1143446
13365,ABRACL,-122.42983,-4.1133804,0.0,0.0,4.1133804
1844,LINC01900,121.73875,4.113026,0.0,0.0,4.113026
12829,GADD45GIP1,-122.294914,-4.112639,0.0,0.0,4.112639
246,SLC13A3,123.05485,4.111123,0.0,0.0,4.111123
761,TIMM23B,122.822365,4.11051,0.0,0.0,4.11051
14417,DCTPP1,-122.71519,-4.110383,0.0,0.0,4.110383
13265,RRAS,-122.40885,-4.1101832,0.0,0.0,4.1101832
326,CDKL1,123.01306,4.109514,0.0,0.0,4.109514
12060,TEKT2,-121.77922,-4.1091976,0.0,0.0,4.1091976
11334,PPP1R1B,-119.91543,-4.109151,0.0,0.0,4.109151
1252,FMO5,122.5703,4.1087704,0.0,0.0,4.1087704
3054,NR4A3,114.17852,4.106311,0.0,0.0,4.106311
14479,MORN2,-122.7389,-4.1049643,0.0,0.0,4.1049643
1516,ZNF596,122.336975,4.103614,0.0,0.0,4.103614
14746,PDK1,-122.9287,-4.1027627,0.0,0.0,4.1027627
12094,GULP1,-121.82451,-4.1027527,0.0,0.0,4.1027527
1756,GALNT16,121.95308,4.1026816,0.0,0.0,4.1026816
1454,RETREG1,122.40472,4.102201,0.0,0.0,4.102201
2029,VAT1L,121.182625,4.1021953,0.0,0.0,4.1021953
14230,CHCHD1,-122.64534,-4.102162,0.0,0.0,4.102162
1338,PTPRE,122.50898,4.1018167,0.0,0.0,4.1018167
851,GPR78,122.77869,4.101259,0.0,0.0,4.101259
678,GTF2IRD1,122.86904,4.10111,0.0,0.0,4.10111
10557,SNCG,-113.74423,-4.099476,0.0,0.0,4.099476
14202,BAIAP2-DT,-122.63595,-4.098735,0.0,0.0,4.098735
3876,MT1M,102.10545,4.0980344,0.0,0.0,4.0980344
12630,PDIA4,-122.2281,-4.0979095,0.0,0.0,4.0979095
14184,KHK,-122.62954,-4.0967927,0.0,0.0,4.0967927
2033,TTC29,121.174866,4.0964913,0.0,0.0,4.0964913
13931,ATF5,-122.55516,-4.096341,0.0,0.0,4.096341
14758,CITED4,-122.93957,-4.0963407,0.0,0.0,4.0963407
11869,EXOC3L1,-121.48389,-4.096014,0.0,0.0,4.096014
12394,HCRT,-122.107315,-4.0960054,0.0,0.0,4.0960054
2560,ATP8A1,118.27778,4.0935016,0.0,0.0,4.0935016
2084,NPTX2,120.96044,4.091411,0.0,0.0,4.091411
2062,NWD2,121.061554,4.090657,0.0,0.0,4.090657
11465,SPRY1,-120.40878,-4.0905395,0.0,0.0,4.0905395
13367,TLCD1,-122.43037,-4.090243,0.0,0.0,4.090243
14439,BAMBI,-122.723335,-4.089733,0.0,0.0,4.089733
1018,VWA8-AS1,122.69923,4.089595,0.0,0.0,4.089595
11208,CMTM5,-119.38716,-4.088305,0.0,0.0,4.088305
859,ADH4,122.77723,4.0881314,0.0,0.0,4.0881314
14144,NOVA1,-122.62001,-4.087033,0.0,0.0,4.087033
13268,SRSF1,-122.40945,-4.086281,0.0,0.0,4.086281
13530,LPAR2,-122.460304,-4.0858026,0.0,0.0,4.0858026
90,SNX29,123.14791,4.0852222,0.0,0.0,4.0852222
12423,RIPK4,-122.12745,-4.085162,0.0,0.0,4.085162
13395,KIRREL1,-122.43472,-4.085135,0.0,0.0,4.085135
9203,GDF6,-85.5559,-4.0849752,0.0,0.0,4.0849752
1745,HNF4A,121.977745,4.084526,0.0,0.0,4.084526
2050,OLFM3,121.09691,4.083755,0.0,0.0,4.083755
11118,PSRC1,-118.995834,-4.083437,0.0,0.0,4.083437
14314,COMMD6,-122.6769,-4.0826693,0.0,0.0,4.0826693
12537,MSX1,-122.19133,-4.080827,0.0,0.0,4.080827
2048,CPNE7,121.1174,4.0792007,0.0,0.0,4.0792007
1986,CRLF1,121.32685,4.078888,0.0,0.0,4.078888
13768,SERBP1,-122.51707,-4.0775366,0.0,0.0,4.0775366
1366,CYP2E1,122.48498,4.0772457,0.0,0.0,4.0772457
2016,LINC02454,121.232704,4.0770135,0.0,0.0,4.0770135
9102,CFI,-82.29672,-4.076437,0.0,0.0,4.076437
288,LTBR,123.03156,4.0745997,0.0,0.0,4.0745997
1750,NCMAP,121.96013,4.073924,0.0,0.0,4.073924
138,PDE5A,123.11147,4.07323,0.0,0.0,4.07323
10478,LYPD1,-112.96987,-4.0725236,0.0,0.0,4.0725236
824,PPP3CC,122.792694,4.0713925,0.0,0.0,4.0713925
10716,ASCL1,-115.55773,-4.0702267,0.0,0.0,4.0702267
10753,KCNV1,-115.86751,-4.0701795,0.0,0.0,4.0701795
14154,NTHL1,-122.622475,-4.0701256,0.0,0.0,4.0701256
2139,CD70,120.66941,4.0681252,0.0,0.0,4.0681252
1770,MGAT5B,121.92516,4.067978,0.0,0.0,4.067978
13125,CALR,-122.37821,-4.0672317,0.0,0.0,4.0672317
9230,SLC6A20,-86.47953,-4.066157,0.0,0.0,4.066157
1793,ART4,121.86522,4.0636406,0.0,0.0,4.0636406
9981,FRZB,-104.80115,-4.063532,0.0,0.0,4.063532
13904,NPM3,-122.547005,-4.0625362,0.0,0.0,4.0625362
13783,MIXL1,-122.522095,-4.062487,0.0,0.0,4.062487
10778,CRABP1,-116.08502,-4.0624533,0.0,0.0,4.0624533
12297,TMEM160,-122.03491,-4.060194,0.0,0.0,4.060194
1653,FAP,122.13899,4.060192,0.0,0.0,4.060192
13123,TCEAL8,-122.37757,-4.059795,0.0,0.0,4.059795
14328,B3GALT6,-122.68212,-4.0592966,0.0,0.0,4.0592966
543,DYNC1I1,122.924255,4.059275,0.0,0.0,4.059275
1946,ARHGEF28,121.42289,4.059196,0.0,0.0,4.059196
594,HOOK2,122.90447,4.058105,0.0,0.0,4.058105
14707,COA4,-122.887634,-4.0570774,0.0,0.0,4.0570774
2576,GPD1L,118.18806,4.0567026,0.0,0.0,4.0567026
9742,GJA9,-100.08444,-4.056686,0.0,0.0,4.056686
14433,TMEM18,-122.721535,-4.055657,0.0,0.0,4.055657
12815,DEGS2,-122.28951,-4.055424,0.0,0.0,4.055424
12887,RPL31,-122.31407,-4.055127,0.0,0.0,4.055127
191,ABCC2,123.07921,4.0536513,0.0,0.0,4.0536513
12170,SHISA3,-121.907585,-4.053574,0.0,0.0,4.053574
1996,MDGA1,121.30271,4.0523615,0.0,0.0,4.0523615
14476,PCYOX1L,-122.73779,-4.051856,0.0,0.0,4.051856
14642,COA3,-122.82876,-4.0500655,0.0,0.0,4.0500655
1685,ESRRG,122.08364,4.049968,0.0,0.0,4.049968
260,RORA-AS1,123.04628,4.0486755,0.0,0.0,4.0486755
11162,KIF23,-119.21302,-4.0483956,0.0,0.0,4.0483956
14190,GSPT2,-122.63239,-4.046534,0.0,0.0,4.046534
11670,MCM5,-121.064064,-4.044803,0.0,0.0,4.044803
2092,CD81-AS1,120.90434,4.044392,0.0,0.0,4.044392
1656,ATCAY,122.13055,4.041849,0.0,0.0,4.041849
11480,YPEL4,-120.48524,-4.0416427,0.0,0.0,4.0416427
2462,IL1R1,119.011444,4.0416102,0.0,0.0,4.0416102
14464,MTPN,-122.73277,-4.0403786,0.0,0.0,4.0403786
1424,FBXL17,122.43156,4.038959,0.0,0.0,4.038959
1465,SAMD4A,122.39495,4.0389514,0.0,0.0,4.0389514
14398,LAMTOR1,-122.70621,-4.0382457,0.0,0.0,4.0382457
2191,KCNJ6,120.38595,4.0374546,0.0,0.0,4.0374546
11803,HMGCLL1,-121.3612,-4.0374107,0.0,0.0,4.0374107
1951,CCDC144NL,121.416,4.0352907,0.0,0.0,4.0352907
13899,ERVK3-1,-122.54614,-4.0335326,0.0,0.0,4.0335326
10454,CHRD,-112.66837,-4.032084,0.0,0.0,4.032084
14512,MAGED2,-122.753586,-4.0310307,0.0,0.0,4.0310307
1204,TOM1L2,122.5944,4.0296793,0.0,0.0,4.0296793
14469,N4BP3,-122.73381,-4.0289664,0.0,0.0,4.0289664
13625,PBDC1,-122.4831,-4.026305,0.0,0.0,4.026305
2034,NKAPL,121.17047,4.0256386,0.0,0.0,4.0256386
13866,MRPL52,-122.5404,-4.025538,0.0,0.0,4.025538
1333,FRMD5,122.51136,4.0254383,0.0,0.0,4.0254383
2236,RHBDL3,120.17703,4.02452,0.0,0.0,4.02452
820,RNLS,122.79355,4.0240154,0.0,0.0,4.0240154
14356,RAB8A,-122.69266,-4.021763,0.0,0.0,4.021763
9874,NR2F1,-102.80222,-4.021269,0.0,0.0,4.021269
12393,TRAF4,-122.10706,-4.0211287,0.0,0.0,4.0211287
85,SH3RF1,123.15103,4.020638,0.0,0.0,4.020638
2478,VSIR,118.91487,4.0205393,0.0,0.0,4.0205393
13986,CHKB-DT,-122.570404,-4.019802,0.0,0.0,4.019802
13750,CCDC167,-122.51362,-4.0190387,0.0,0.0,4.0190387
12358,PMAIP1,-122.08584,-4.0176387,0.0,0.0,4.0176387
11303,PLAU,-119.80865,-4.017405,0.0,0.0,4.017405
44,SH2B3,123.19434,4.016857,0.0,0.0,4.016857
1088,MRTFA,122.660446,4.0166626,0.0,0.0,4.0166626
1517,ENTPD1-AS1,122.33326,4.0158916,0.0,0.0,4.0158916
11710,TRPC3,-121.13221,-4.0144076,0.0,0.0,4.0144076
1942,CNTN2,121.434395,4.0134497,0.0,0.0,4.0134497
1705,LINC02201,122.05453,4.0128956,0.0,0.0,4.0128956
12424,CALHM2,-122.129326,-4.0128403,0.0,0.0,4.0128403
1199,PRKCE,122.597885,4.012692,0.0,0.0,4.012692
731,ACSS3,122.83955,4.0121665,0.0,0.0,4.0121665
12632,FAM72A,-122.22826,-4.0117493,0.0,0.0,4.0117493
11299,ACE,-119.7953,-4.011691,0.0,0.0,4.011691
2021,CDHR3,121.20644,4.010062,0.0,0.0,4.010062
10748,GSTA1,-115.841736,-4.008961,0.0,0.0,4.008961
2499,TRIM7,118.79787,4.008425,0.0,0.0,4.008425
239,CYP3A5,123.05652,4.0071464,0.0,0.0,4.0071464
706,EDARADD,122.85525,4.0030856,0.0,0.0,4.0030856
11111,BTN3A2,-118.95562,-4.002962,0.0,0.0,4.002962
1206,SULT2B1,122.593124,4.0028205,0.0,0.0,4.0028205
2017,GDAP1L1,121.23196,4.0019536,0.0,0.0,4.0019536
12517,GSTP1,-122.17938,-4.0016513,0.0,0.0,4.0016513
14265,DNPH1,-122.658936,-4.00164,0.0,0.0,4.00164
10643,ICAM5,-114.73448,-4.0015335,0.0,0.0,4.0015335
1194,GLS2,122.60255,4.001083,0.0,0.0,4.001083
13810,CNP,-122.5289,-4.000617,0.0,0.0,4.000617
13093,TRIAP1,-122.3709,-4.000352,0.0,0.0,4.000352
1784,TTLL10,121.88448,4.000216,0.0,0.0,4.000216
14459,FRAT2,-122.73086,-4.000178,0.0,0.0,4.000178
12464,EIF4A1,-122.14596,-3.9999213,0.0,0.0,3.9999213
12639,DAB2,-122.23136,-3.997394,0.0,0.0,3.997394
12308,SLC2A1,-122.04241,-3.996548,0.0,0.0,3.996548
9643,COL12A1,-98.07503,-3.9955895,0.0,0.0,3.9955895
13192,ZNF358,-122.39689,-3.9949884,0.0,0.0,3.9949884
13431,KDELR1,-122.44387,-3.9941318,0.0,0.0,3.9941318
1344,STK31,122.503654,3.9936078,0.0,0.0,3.9936078
385,PLAC8L1,122.98772,3.9920702,0.0,0.0,3.9920702
13158,NUDT15,-122.38765,-3.9892876,0.0,0.0,3.9892876
1832,BCL2,121.77021,3.9887557,0.0,0.0,3.9887557
14426,INAFM2,-122.719795,-3.9870772,0.0,0.0,3.9870772
13946,RGS14,-122.56053,-3.9867241,0.0,0.0,3.9867241
13216,GSTO1,-122.40113,-3.986301,0.0,0.0,3.986301
11851,FOXS1,-121.446526,-3.9861739,0.0,0.0,3.9861739
12044,B3GAT1,-121.75826,-3.9829102,0.0,0.0,3.9829102
539,IL18,122.926216,3.9822173,0.0,0.0,3.9822173
14591,CCDC28B,-122.79222,-3.982213,0.0,0.0,3.982213
13320,SSRP1,-122.42054,-3.9821389,0.0,0.0,3.9821389
11941,SPINT1,-121.615524,-3.9821167,0.0,0.0,3.9821167
13504,COPS9,-122.45617,-3.981268,0.0,0.0,3.981268
9199,NCAPH,-85.48137,-3.9802985,0.0,0.0,3.9802985
13240,PRR13,-122.40599,-3.9795027,0.0,0.0,3.9795027
14530,NDUFA2,-122.76197,-3.979363,0.0,0.0,3.979363
1890,GABBR2,121.58553,3.978436,0.0,0.0,3.978436
7459,LINC02656,-17.873524,-3.9758284,1.896301986383389e-71,2.004851351586259e-71,3.9758284
14698,SMIM3,-122.87768,-3.9738607,0.0,0.0,3.9738607
8760,ITGA6-AS1,-70.61596,-3.9729433,0.0,0.0,3.9729433
1504,GMDS-DT,122.350075,3.9728265,0.0,0.0,3.9728265
1749,TMEM132B,121.96841,3.9722784,0.0,0.0,3.9722784
1419,PDE4B,122.43428,3.9695702,0.0,0.0,3.9695702
13071,APRT,-122.36635,-3.9692814,0.0,0.0,3.9692814
3805,FBXO40,103.46299,3.9688125,0.0,0.0,3.9688125
14027,CACYBP,-122.583496,-3.968748,0.0,0.0,3.968748
261,SRRM5,123.04619,3.968644,0.0,0.0,3.968644
12855,PTPRF,-122.303,-3.9682932,0.0,0.0,3.9682932
2738,RBP2,117.04232,3.967715,0.0,0.0,3.967715
13472,ANP32B,-122.45066,-3.9674768,0.0,0.0,3.9674768
1368,SESN1,122.48466,3.9669585,0.0,0.0,3.9669585
1222,RASGRP3,122.5856,3.9652874,0.0,0.0,3.9652874
1388,VWA8,122.46773,3.9652193,0.0,0.0,3.9652193
13034,TMED3,-122.35657,-3.9640598,0.0,0.0,3.9640598
13084,NAGS,-122.369385,-3.9637084,0.0,0.0,3.9637084
10321,SYT10,-110.83558,-3.963566,0.0,0.0,3.963566
13886,MCM3,-122.543755,-3.9633553,0.0,0.0,3.9633553
8320,MYLK,-53.750065,-3.9630003,0.0,0.0,3.9630003
3508,SEPTIN4,108.57212,3.9621398,0.0,0.0,3.9621398
3719,CPNE5,105.2226,3.9617321,0.0,0.0,3.9617321
664,SLC45A1,122.873085,3.961178,0.0,0.0,3.961178
1851,ACER2,121.70628,3.960664,0.0,0.0,3.960664
10252,LIN28A,-109.75027,-3.9604611,0.0,0.0,3.9604611
3119,INSRR,113.437904,3.9603841,0.0,0.0,3.9603841
12410,L1CAM,-122.118706,-3.960369,0.0,0.0,3.960369
1903,FOXB1,121.54174,3.9593036,0.0,0.0,3.9593036
330,CEACAM1,123.01198,3.9586895,0.0,0.0,3.9586895
556,AGBL3,122.91965,3.9520912,0.0,0.0,3.9520912
14163,CCT7,-122.62473,-3.9519587,0.0,0.0,3.9519587
13599,RPL36AL,-122.476234,-3.9515808,0.0,0.0,3.9515808
152,PSMD6-AS2,123.10406,3.9508357,0.0,0.0,3.9508357
500,SLC22A5,122.941826,3.950684,0.0,0.0,3.950684
1501,TSNARE1,122.351875,3.9505913,0.0,0.0,3.9505913
2276,TENT5A,119.98198,3.9504983,0.0,0.0,3.9504983
14364,TPRG1L,-122.69672,-3.9493852,0.0,0.0,3.9493852
443,CSTF3-DT,122.96051,3.9482977,0.0,0.0,3.9482977
11554,CD248,-120.71697,-3.9475982,0.0,0.0,3.9475982
1869,MIR99AHG,121.64217,3.9474428,0.0,0.0,3.9474428
1013,NEXN-AS1,122.70053,3.9472265,0.0,0.0,3.9472265
13782,PRDX4,-122.52184,-3.9468882,0.0,0.0,3.9468882
331,BNIPL,123.010956,3.946594,0.0,0.0,3.946594
4360,CNTD1,93.01959,3.9464152,0.0,0.0,3.9464152
10902,IRX2,-117.355774,-3.9445884,0.0,0.0,3.9445884
13738,C1QBP,-122.50896,-3.9444704,0.0,0.0,3.9444704
12691,NUDT18,-122.24992,-3.944169,0.0,0.0,3.944169
603,PTAFR,122.90021,3.94172,0.0,0.0,3.94172
700,B3GLCT,122.858376,3.9407709,0.0,0.0,3.9407709
12236,NHLH1,-121.98258,-3.940258,0.0,0.0,3.940258
1618,SLC18A2,122.19418,3.9387329,0.0,0.0,3.9387329
11742,LINC01063,-121.2341,-3.93815,0.0,0.0,3.93815
1401,CFAP299,122.45339,3.937819,0.0,0.0,3.937819
12657,KCTD14,-122.23527,-3.9366446,0.0,0.0,3.9366446
12333,CCDC71L,-122.06456,-3.9363105,0.0,0.0,3.9363105
9888,SNCB,-103.102615,-3.9357045,0.0,0.0,3.9357045
10303,TAGLN2,-110.5815,-3.9356928,0.0,0.0,3.9356928
12513,EXOC3L4,-122.17748,-3.9341443,0.0,0.0,3.9341443
8097,DIPK1B,-44.80369,-3.9280808,0.0,0.0,3.9280808
2587,SH3TC1,118.14678,3.9271393,0.0,0.0,3.9271393
742,CFLAR,122.83455,3.9264114,0.0,0.0,3.9264114
805,BCAS3,122.8014,3.926162,0.0,0.0,3.926162
1549,IL2RB,122.2826,3.9252248,0.0,0.0,3.9252248
13457,MAZ,-122.44872,-3.9252212,0.0,0.0,3.9252212
848,KIF9-AS1,122.78023,3.924771,0.0,0.0,3.924771
14610,CCT2,-122.81015,-3.9210718,0.0,0.0,3.9210718
1522,MYO18B,122.32225,3.920248,0.0,0.0,3.920248
12304,S100A13,-122.03962,-3.9202461,0.0,0.0,3.9202461
2077,GRHL2,120.9944,3.9195073,0.0,0.0,3.9195073
12385,EEF2,-122.10358,-3.9178514,0.0,0.0,3.9178514
13777,TMPO,-122.51951,-3.916992,0.0,0.0,3.916992
14270,VPS25,-122.66058,-3.9160335,0.0,0.0,3.9160335
1763,DGKK,121.93969,3.915993,0.0,0.0,3.915993
14015,TRAPPC6A,-122.578674,-3.915538,0.0,0.0,3.915538
10931,AKR1C3,-117.5978,-3.9147902,0.0,0.0,3.9147902
1629,GFRA2,122.17214,3.9136822,0.0,0.0,3.9136822
1022,TANGO2,122.6974,3.9132388,0.0,0.0,3.9132388
1638,ALOX5AP,122.15815,3.9129722,0.0,0.0,3.9129722
1271,DLGAP1-AS5,122.56022,3.91273,0.0,0.0,3.91273
1550,SDK1,122.2801,3.9122822,0.0,0.0,3.9122822
11248,ACKR2,-119.57785,-3.9121718,0.0,0.0,3.9121718
14399,RNASEH1,-122.70652,-3.9116235,0.0,0.0,3.9116235
2544,LINC00702,118.418335,3.909142,0.0,0.0,3.909142
12825,SOX4,-122.29402,-3.9077787,0.0,0.0,3.9077787
1790,CLDN2,121.87255,3.9076357,0.0,0.0,3.9076357
863,CYP51A1-AS1,122.77604,3.9055238,0.0,0.0,3.9055238
1609,CLIC5,122.20369,3.905097,0.0,0.0,3.905097
10051,PRSS56,-106.38759,-3.904687,0.0,0.0,3.904687
200,LACTB2-AS1,123.07545,3.9039083,0.0,0.0,3.9039083
150,AVIL,123.10427,3.903199,0.0,0.0,3.903199
6,ERO1B,123.280205,3.9027607,0.0,0.0,3.9027607
11684,KPNA2,-121.087265,-3.9010715,0.0,0.0,3.9010715
1081,EBI3,122.6631,3.899951,0.0,0.0,3.899951
11413,INSIG1,-120.23733,-3.8999226,0.0,0.0,3.8999226
1721,A1CF,122.02864,3.897671,0.0,0.0,3.897671
2984,ACKR3,114.88837,3.8974667,0.0,0.0,3.8974667
1112,CACNA2D1,122.64868,3.8963952,0.0,0.0,3.8963952
8083,CDCA8,-44.590443,-3.8955572,0.0,0.0,3.8955572
12964,GAL3ST3,-122.33925,-3.8947883,0.0,0.0,3.8947883
711,ADAMTS20,122.85169,3.894103,0.0,0.0,3.894103
1437,NUTM2G,122.4222,3.8937204,0.0,0.0,3.8937204
13631,GNB2,-122.48385,-3.893077,0.0,0.0,3.893077
446,GRAMD1C,122.958534,3.8923335,0.0,0.0,3.8923335
14765,PPIC,-122.94786,-3.8922737,0.0,0.0,3.8922737
2559,DM1-AS,118.285866,3.890506,0.0,0.0,3.890506
1959,SLC27A2,121.40195,3.888952,0.0,0.0,3.888952
56,EFCAB10,123.178024,3.8870564,0.0,0.0,3.8870564
482,ZNF235,122.94798,3.8861225,0.0,0.0,3.8861225
1907,ZDHHC19,121.53508,3.8841004,0.0,0.0,3.8841004
14306,DACT3,-122.67466,-3.8836393,0.0,0.0,3.8836393
2055,RABGAP1L-DT,121.073074,3.88344,0.0,0.0,3.88344
1086,KIFC3,122.660515,3.8827376,0.0,0.0,3.8827376
13294,AIDA,-122.41459,-3.882369,0.0,0.0,3.882369
12312,C18orf54,-122.049965,-3.8805728,0.0,0.0,3.8805728
12571,ZNF711,-122.20433,-3.8788817,0.0,0.0,3.8788817
12473,PRTG,-122.153915,-3.8787942,0.0,0.0,3.8787942
13748,LAMTOR4,-122.513054,-3.8780408,0.0,0.0,3.8780408
13374,DLL3,-122.43103,-3.8765578,0.0,0.0,3.8765578
1626,CCDC198,122.18258,3.8760145,0.0,0.0,3.8760145
13565,FAM32A,-122.46794,-3.8746645,0.0,0.0,3.8746645
11682,NXPH2,-121.086395,-3.8730485,0.0,0.0,3.8730485
1952,NKAIN3,121.415054,3.8722157,0.0,0.0,3.8722157
1352,ROR1,122.50066,3.8717728,0.0,0.0,3.8717728
13248,LMOD1,-122.40673,-3.8712273,0.0,0.0,3.8712273
10514,NETO1,-113.28653,-3.8710558,0.0,0.0,3.8710558
12637,CBS,-122.22997,-3.8704388,0.0,0.0,3.8704388
13480,IGF2BP3,-122.45207,-3.870384,0.0,0.0,3.870384
1642,AK5,122.1555,3.8698149,0.0,0.0,3.8698149
11095,FOXD3-AS1,-118.8614,-3.86953,0.0,0.0,3.86953
11957,MLLT11,-121.63399,-3.869082,0.0,0.0,3.869082
59,UST,123.17274,3.86899,0.0,0.0,3.86899
1985,SLC1A2,121.32836,3.8676658,0.0,0.0,3.8676658
2315,LINC01460,119.790054,3.867644,0.0,0.0,3.867644
12938,RCOR2,-122.330765,-3.8642406,0.0,0.0,3.8642406
12728,POP7,-122.26305,-3.8642309,0.0,0.0,3.8642309
12112,C2CD4C,-121.84058,-3.863673,0.0,0.0,3.863673
10181,TBX18,-108.67061,-3.8619041,0.0,0.0,3.8619041
1969,DDR2,121.37835,3.8599648,0.0,0.0,3.8599648
303,SLC8B1,123.02512,3.8592029,0.0,0.0,3.8592029
12174,TRAF5,-121.916954,-3.8582258,0.0,0.0,3.8582258
12818,SALL4,-122.29087,-3.8581593,0.0,0.0,3.8581593
13908,GABARAPL2,-122.54794,-3.8576708,0.0,0.0,3.8576708
1737,TFCP2L1,122.000786,3.856565,0.0,0.0,3.856565
2394,SCN3A,119.37995,3.8565142,0.0,0.0,3.8565142
11336,NNAT,-119.91698,-3.85443,0.0,0.0,3.85443
11572,NTF3,-120.796844,-3.8526037,0.0,0.0,3.8526037
1735,ANKRD30BL,122.01135,3.8524847,0.0,0.0,3.8524847
2511,TINAGL1,118.73326,3.8519824,0.0,0.0,3.8519824
14088,DEK,-122.60307,-3.8517866,0.0,0.0,3.8517866
14612,MGAT2,-122.81135,-3.8508527,0.0,0.0,3.8508527
14667,POLE4,-122.85099,-3.850506,0.0,0.0,3.850506
1823,CACNG3,121.79767,3.850487,0.0,0.0,3.850487
2025,SYNPO,121.19522,3.8504548,0.0,0.0,3.8504548
1926,GLYATL2,121.489204,3.8504183,0.0,0.0,3.8504183
299,DPH6,123.02653,3.849855,0.0,0.0,3.849855
525,PARVB,122.93135,3.849582,0.0,0.0,3.849582
1576,ASB16,122.24768,3.849459,0.0,0.0,3.849459
959,ACOXL,122.7285,3.8485823,0.0,0.0,3.8485823
1291,ANK2,122.54114,3.8485653,0.0,0.0,3.8485653
2107,DNAH11,120.8395,3.8483722,0.0,0.0,3.8483722
12128,FTH1,-121.85692,-3.8474257,0.0,0.0,3.8474257
9926,ADAMTS19,-103.78285,-3.8466253,0.0,0.0,3.8466253
13418,COMMD8,-122.441734,-3.8458164,0.0,0.0,3.8458164
1939,UNC5A,121.43876,3.84321,0.0,0.0,3.84321
818,CFAP69,122.794586,3.8425148,0.0,0.0,3.8425148
12562,CELSR3,-122.2014,-3.8415732,0.0,0.0,3.8415732
754,NEK11,122.82546,3.8414052,0.0,0.0,3.8414052
13114,PSMB6,-122.37483,-3.8410013,0.0,0.0,3.8410013
658,DIP2C,122.87693,3.8405352,0.0,0.0,3.8405352
1180,RAP2C-AS1,122.60962,3.8398383,0.0,0.0,3.8398383
2312,CYYR1-AS1,119.8,3.8396869,0.0,0.0,3.8396869
10288,FZD1,-110.28179,-3.8386137,0.0,0.0,3.8386137
12117,AGTRAP,-121.84454,-3.8378656,0.0,0.0,3.8378656
1509,ARID5B,122.34501,3.8378055,0.0,0.0,3.8378055
14348,TSPYL4,-122.68913,-3.8377492,0.0,0.0,3.8377492
2550,LPXN,118.33796,3.83761,0.0,0.0,3.83761
811,ACRV1,122.79897,3.8369162,0.0,0.0,3.8369162
1862,SLC27A1,121.67285,3.8364317,0.0,0.0,3.8364317
12427,PLSCR1,-122.13081,-3.8346064,0.0,0.0,3.8346064
12931,AURKA,-122.32959,-3.8338144,0.0,0.0,3.8338144
11233,IGFBP2,-119.530075,-3.833392,0.0,0.0,3.833392
13936,MAPK3,-122.55664,-3.8329391,0.0,0.0,3.8329391
12176,RNASEH2A,-121.917244,-3.832226,0.0,0.0,3.832226
13303,LMNB1,-122.416664,-3.8319874,0.0,0.0,3.8319874
12791,FADD,-122.28214,-3.830299,0.0,0.0,3.830299
13726,RTRAF,-122.50599,-3.8296535,0.0,0.0,3.8296535
1398,TRPM6,122.45557,3.8288586,0.0,0.0,3.8288586
13322,POLR2I,-122.42109,-3.8282304,0.0,0.0,3.8282304
1671,PRLR,122.10549,3.8270533,0.0,0.0,3.8270533
14210,LMO4,-122.637886,-3.8265588,0.0,0.0,3.8265588
466,VSTM5,122.952225,3.8261917,0.0,0.0,3.8261917
14786,MAGEF1,-122.979546,-3.8260794,0.0,0.0,3.8260794
13677,RPS19BP1,-122.49321,-3.825939,0.0,0.0,3.825939
11966,CACNA1H,-121.64902,-3.8253603,0.0,0.0,3.8253603
11536,MAPK8IP2,-120.687065,-3.8251605,0.0,0.0,3.8251605
12169,FHL3,-121.90428,-3.823939,0.0,0.0,3.823939
14280,ERH,-122.66259,-3.823608,0.0,0.0,3.823608
1039,CYP1B1-AS1,122.686775,3.8207924,0.0,0.0,3.8207924
169,CDR2,123.09,3.8205545,0.0,0.0,3.8205545
12133,TRIM59,-121.86149,-3.8202968,0.0,0.0,3.8202968
1182,SP2-AS1,122.60872,3.8200378,0.0,0.0,3.8200378
13477,FAM184A,-122.45182,-3.819114,0.0,0.0,3.819114
10305,FAS,-110.583916,-3.8188019,0.0,0.0,3.8188019
502,MPZL3,122.94136,3.8187892,0.0,0.0,3.8187892
13445,B9D2,-122.44652,-3.8178508,0.0,0.0,3.8178508
10627,NPFF,-114.599205,-3.814847,0.0,0.0,3.814847
12268,APLP1,-122.01421,-3.8147364,0.0,0.0,3.8147364
1553,CIB4,122.277306,3.8146586,0.0,0.0,3.8146586
14500,PDZD11,-122.74771,-3.8137348,0.0,0.0,3.8137348
12086,BACH1-IT2,-121.81362,-3.8127592,0.0,0.0,3.8127592
2035,EFCAB6,121.169304,3.8119051,0.0,0.0,3.8119051
13317,VTI1B,-122.420265,-3.8109553,0.0,0.0,3.8109553
13178,RBM15B,-122.393196,-3.8104062,0.0,0.0,3.8104062
787,F3,122.810326,3.809413,0.0,0.0,3.809413
11864,HSPA8,-121.47665,-3.809341,0.0,0.0,3.809341
2714,POF1B,117.20049,3.809335,0.0,0.0,3.809335
151,AGAP4,123.1041,3.8077617,0.0,0.0,3.8077617
379,ITPR2,122.99026,3.8075433,0.0,0.0,3.8075433
2320,SOX5,119.7429,3.8070903,0.0,0.0,3.8070903
395,ZNF407,122.98197,3.8065,0.0,0.0,3.8065
11954,RBM43,-121.630066,-3.8064005,0.0,0.0,3.8064005
1730,TMPRSS6,122.020454,3.8056238,0.0,0.0,3.8056238
7852,NUSAP1,-35.514603,-3.8054368,2.9253779677777345e-276,3.2905787364513905e-276,3.8054368
13769,CCDC85B,-122.51793,-3.804005,0.0,0.0,3.804005
13873,NDUFB11,-122.54176,-3.803851,0.0,0.0,3.803851
1201,ETNPPL,122.597336,3.8036656,0.0,0.0,3.8036656
12593,PRDM8,-122.209625,-3.8028283,0.0,0.0,3.8028283
13368,PPIB,-122.43071,-3.8026328,0.0,0.0,3.8026328
11163,ITPRIPL1,-119.21847,-3.802624,0.0,0.0,3.802624
11456,NAP1L2,-120.374535,-3.8022997,0.0,0.0,3.8022997
806,SLC23A1,122.80089,3.8007581,0.0,0.0,3.8007581
893,SIK2,122.76079,3.8002682,0.0,0.0,3.8002682
14672,TMEM203,-122.85582,-3.7990408,0.0,0.0,3.7990408
13154,MCM4,-122.38742,-3.798739,0.0,0.0,3.798739
885,SCFD2,122.765976,3.796831,0.0,0.0,3.796831
14142,SOX12,-122.61976,-3.7965713,0.0,0.0,3.7965713
11894,HELLS,-121.532936,-3.7958105,0.0,0.0,3.7958105
12743,SNRPB,-122.26727,-3.792113,0.0,0.0,3.792113
7933,CKAP2L,-39.236046,-3.7892478,0.0,0.0,3.7892478
13613,PIK3CD-AS2,-122.47921,-3.7889938,0.0,0.0,3.7889938
374,NOMO2,122.991394,3.7884755,0.0,0.0,3.7884755
1841,PITPNC1,121.74937,3.7881775,0.0,0.0,3.7881775
10493,CHRND,-113.093925,-3.7875216,0.0,0.0,3.7875216
11857,OXCT2,-121.45691,-3.7859511,0.0,0.0,3.7859511
11430,KCNF1,-120.294334,-3.7857046,0.0,0.0,3.7857046
11301,PCDHGB5,-119.80727,-3.7848706,0.0,0.0,3.7848706
12856,FSD1,-122.30331,-3.7843862,0.0,0.0,3.7843862
2484,WDR17,118.886375,3.7843428,0.0,0.0,3.7843428
1054,AMBRA1,122.678375,3.784008,0.0,0.0,3.784008
2105,ADAMTS16,120.84678,3.7834084,0.0,0.0,3.7834084
10856,ATG9B,-116.93796,-3.783182,0.0,0.0,3.783182
540,FBXL20,122.92467,3.781938,0.0,0.0,3.781938
13339,ATOX1,-122.424545,-3.7815025,0.0,0.0,3.7815025
11827,PTPN13,-121.40005,-3.7804575,0.0,0.0,3.7804575
1573,LRRC19,122.252205,3.779926,0.0,0.0,3.779926
14173,FRAT1,-122.626564,-3.7796438,0.0,0.0,3.7796438
2152,GNG7,120.59053,3.7795668,0.0,0.0,3.7795668
327,MTMR3,123.01227,3.7788627,0.0,0.0,3.7788627
10838,APCDD1,-116.78875,-3.778656,0.0,0.0,3.778656
13934,EIF3I,-122.55624,-3.7780523,0.0,0.0,3.7780523
14396,MRPL36,-122.70569,-3.7774966,0.0,0.0,3.7774966
12154,CLIP3,-121.88621,-3.7774768,0.0,0.0,3.7774768
11060,SPP1,-118.574486,-3.7773588,0.0,0.0,3.7773588
1676,IGF2BP2-AS1,122.09864,3.7772503,0.0,0.0,3.7772503
112,PAN3,123.12762,3.7766986,0.0,0.0,3.7766986
14574,PDCL3,-122.78364,-3.7766767,0.0,0.0,3.7766767
14570,DHCR7,-122.78301,-3.7765875,0.0,0.0,3.7765875
10672,UNC5B-AS1,-115.02733,-3.7753034,0.0,0.0,3.7753034
393,FMN2,122.98225,3.7740371,0.0,0.0,3.7740371
927,ANO1,122.744415,3.7739506,0.0,0.0,3.7739506
14628,PGAM1,-122.81856,-3.773869,0.0,0.0,3.773869
9528,RTEL1,-94.6867,-3.7737985,0.0,0.0,3.7737985
13991,STOML2,-122.57188,-3.7734268,0.0,0.0,3.7734268
14490,ST20-AS1,-122.742836,-3.7730985,0.0,0.0,3.7730985
710,TMEM254-AS1,122.852844,3.7722464,0.0,0.0,3.7722464
12145,HIC1,-121.87828,-3.7700305,0.0,0.0,3.7700305
14755,GNAS,-122.93533,-3.769955,0.0,0.0,3.769955
14071,GYG2,-122.597275,-3.769064,0.0,0.0,3.769064
14343,PHPT1,-122.68743,-3.768519,0.0,0.0,3.768519
1542,CHRNB4,122.29642,3.766587,0.0,0.0,3.766587
853,MPP4,122.77842,3.7647898,0.0,0.0,3.7647898
645,ADGRE2,122.88378,3.7642348,0.0,0.0,3.7642348
12905,SERPINH1,-122.32101,-3.7642164,0.0,0.0,3.7642164
14064,CHST14,-122.595634,-3.7638206,0.0,0.0,3.7638206
11631,PCDHGC4,-120.97607,-3.7629464,0.0,0.0,3.7629464
786,LRP5L,122.81069,3.7623112,0.0,0.0,3.7623112
1137,SP140,122.63502,3.7602887,0.0,0.0,3.7602887
14546,TIMM13,-122.77088,-3.7592015,0.0,0.0,3.7592015
2075,NPHS1,121.00062,3.7565315,0.0,0.0,3.7565315
1914,SAMD3,121.51946,3.75558,0.0,0.0,3.75558
1072,ADGRG2,122.66674,3.755344,0.0,0.0,3.755344
10818,POTEI,-116.53759,-3.754796,0.0,0.0,3.754796
832,FERMT3,122.78825,3.7547843,0.0,0.0,3.7547843
1838,DAND5,121.75502,3.753597,0.0,0.0,3.753597
2486,LINC01786,118.857605,3.7529373,0.0,0.0,3.7529373
13062,ING2,-122.36396,-3.7527149,0.0,0.0,3.7527149
13962,NOL12,-122.56624,-3.7526157,0.0,0.0,3.7526157
930,DND1,122.743576,3.752072,0.0,0.0,3.752072
12688,LSM7,-122.24921,-3.7520146,0.0,0.0,3.7520146
12902,ZCCHC3,-122.32081,-3.7512953,0.0,0.0,3.7512953
13215,CKAP2,-122.40094,-3.7510095,0.0,0.0,3.7510095
10636,LRRC10B,-114.68691,-3.7507071,0.0,0.0,3.7507071
13574,NDUFAF3,-122.46964,-3.7488978,0.0,0.0,3.7488978
11940,THY1,-121.615395,-3.748364,0.0,0.0,3.748364
2827,HJV,116.31172,3.74817,0.0,0.0,3.74817
13744,EIF3F,-122.511635,-3.7479732,0.0,0.0,3.7479732
10511,RAB33A,-113.25979,-3.7473364,0.0,0.0,3.7473364
958,CCDC62,122.72878,3.7472017,0.0,0.0,3.7472017
833,ACKR4,122.78816,3.7468946,0.0,0.0,3.7468946
2796,PRRX1,116.59956,3.7468603,0.0,0.0,3.7468603
12522,EPHB4,-122.18315,-3.7467096,0.0,0.0,3.7467096
10510,KIF11,-113.25064,-3.7462168,0.0,0.0,3.7462168
14189,NAP1L1,-122.63142,-3.7454557,0.0,0.0,3.7454557
13471,NOLC1,-122.45063,-3.745273,0.0,0.0,3.745273
13458,CDCA4,-122.44873,-3.745194,0.0,0.0,3.745194
1097,ADGRE5,122.657776,3.7447157,0.0,0.0,3.7447157
2459,NTM,119.0235,3.7438855,0.0,0.0,3.7438855
14005,P3H4,-122.57486,-3.7432604,0.0,0.0,3.7432604
13501,CNPY3,-122.455795,-3.7417448,0.0,0.0,3.7417448
1334,JAZF1,122.51094,3.7413728,0.0,0.0,3.7413728
11305,CLDN19,-119.82166,-3.7413664,0.0,0.0,3.7413664
13273,USP51,-122.40986,-3.7412877,0.0,0.0,3.7412877
14645,MMP15,-122.83286,-3.7402844,0.0,0.0,3.7402844
10860,LINC01209,-116.96753,-3.7376928,0.0,0.0,3.7376928
908,CCDC7,122.75163,3.7357445,0.0,0.0,3.7357445
13682,COX7C,-122.49447,-3.7352843,0.0,0.0,3.7352843
207,TIAM2,123.07165,3.7341888,0.0,0.0,3.7341888
14102,NDUFS5,-122.60692,-3.7338383,0.0,0.0,3.7338383
992,BASP1-AS1,122.713486,3.733354,0.0,0.0,3.733354
14467,ARMCX2,-122.733505,-3.7322752,0.0,0.0,3.7322752
14271,BANF1,-122.66179,-3.731702,0.0,0.0,3.731702
13436,MRPL54,-122.4454,-3.7312493,0.0,0.0,3.7312493
3557,TPCN1,107.88976,3.7309165,0.0,0.0,3.7309165
10209,NRN1L,-109.03611,-3.7301722,0.0,0.0,3.7301722
11975,HMGB2,-121.66295,-3.7295995,0.0,0.0,3.7295995
11973,GNG8,-121.6596,-3.7293754,0.0,0.0,3.7293754
14692,ARMCX6,-122.872,-3.7291005,0.0,0.0,3.7291005
13037,ZC3HAV1,-122.35826,-3.7288451,0.0,0.0,3.7288451
614,SBF2,122.897675,3.7286825,0.0,0.0,3.7286825
13238,NXT2,-122.404915,-3.7284026,0.0,0.0,3.7284026
1781,NMNAT2,121.890724,3.7280827,0.0,0.0,3.7280827
14633,PGK1,-122.82187,-3.7263095,0.0,0.0,3.7263095
12001,HAPLN4,-121.69407,-3.725199,0.0,0.0,3.725199
1982,GPR68,121.34856,3.7243917,0.0,0.0,3.7243917
1153,DIPK1A,122.62264,3.7237942,0.0,0.0,3.7237942
1744,ZDHHC11,121.97991,3.7237883,0.0,0.0,3.7237883
13888,SVBP,-122.54411,-3.723455,0.0,0.0,3.723455
907,TNS1,122.75192,3.7229035,0.0,0.0,3.7229035
11568,CDH11,-120.77611,-3.722059,0.0,0.0,3.722059
185,SPIDR,123.08252,3.7219658,0.0,0.0,3.7219658
12258,FBXO5,-122.00421,-3.72146,0.0,0.0,3.72146
13984,TUSC1,-122.56981,-3.7205164,0.0,0.0,3.7205164
740,CUBN,122.83625,3.7198653,0.0,0.0,3.7198653
2314,OSBPL10-AS1,119.79133,3.7195532,0.0,0.0,3.7195532
2861,EBF1,115.93421,3.7163944,0.0,0.0,3.7163944
13977,ATXN7L3B,-122.56835,-3.7162697,0.0,0.0,3.7162697
12245,SMIM10L2A,-121.99278,-3.7135558,0.0,0.0,3.7135558
1583,BTBD18,122.23936,3.7118244,0.0,0.0,3.7118244
13469,OSTC,-122.45044,-3.711528,0.0,0.0,3.711528
10149,RASD1,-108.1599,-3.7110527,0.0,0.0,3.7110527
1957,SLC16A7,121.40389,3.7084575,0.0,0.0,3.7084575
11758,ALCAM,-121.26645,-3.708135,0.0,0.0,3.708135
550,TRPM7,122.92176,3.708111,0.0,0.0,3.708111
1506,HDAC9,122.34804,3.7074049,0.0,0.0,3.7074049
14660,NDUFS6,-122.84645,-3.7070885,0.0,0.0,3.7070885
12874,UBE2T,-122.30884,-3.7051232,0.0,0.0,3.7051232
9391,LINC01836,-91.00827,-3.7047787,0.0,0.0,3.7047787
14550,FANCE,-122.773285,-3.7029614,0.0,0.0,3.7029614
13773,ATP6V1G1,-122.518425,-3.7025487,0.0,0.0,3.7025487
13813,MRPL40,-122.529434,-3.701623,0.0,0.0,3.701623
1559,PDC,122.26802,3.7005525,0.0,0.0,3.7005525
617,P4HA3,122.89494,3.700434,0.0,0.0,3.700434
2150,JAM2,120.59556,3.6995766,0.0,0.0,3.6995766
2254,KCNMA1,120.10352,3.6990519,0.0,0.0,3.6990519
13229,DCTN3,-122.40351,-3.69883,0.0,0.0,3.69883
14705,RNF208,-122.88475,-3.6982152,0.0,0.0,3.6982152
2881,TRAPPC12-AS1,115.76666,3.6981802,0.0,0.0,3.6981802
12005,TLR6,-121.70307,-3.6967666,0.0,0.0,3.6967666
11251,KIF18A,-119.58859,-3.6954412,0.0,0.0,3.6954412
14484,GLRX5,-122.741035,-3.6947896,0.0,0.0,3.6947896
11763,LIF,-121.28086,-3.6938038,0.0,0.0,3.6938038
14488,C19orf81,-122.74244,-3.693055,0.0,0.0,3.693055
5475,TTTY14,62.842377,3.6926365,0.0,0.0,3.6926365
14371,ZNF503-AS2,-122.698364,-3.6896574,0.0,0.0,3.6896574
11475,TMEM158,-120.46567,-3.689613,0.0,0.0,3.689613
11194,S1PR5,-119.354805,-3.6894672,0.0,0.0,3.6894672
8829,CDC45,-73.13618,-3.6890867,0.0,0.0,3.6890867
1754,KCNH6,121.9561,3.688241,0.0,0.0,3.688241
11012,CELF6,-118.282486,-3.6882322,0.0,0.0,3.6882322
2162,MISP,120.4952,3.6863341,0.0,0.0,3.6863341
2237,CHRM2,120.16711,3.6858387,0.0,0.0,3.6858387
14308,CYB5A,-122.675224,-3.685623,0.0,0.0,3.685623
2469,HSD11B1-AS1,118.9853,3.6833792,0.0,0.0,3.6833792
1923,TP73,121.49659,3.6832242,0.0,0.0,3.6832242
13099,NIFK,-122.37176,-3.6830242,0.0,0.0,3.6830242
12179,ELL3,-121.91874,-3.682943,0.0,0.0,3.682943
1029,ABCA5,122.69507,3.6823497,0.0,0.0,3.6823497
2879,KYNU,115.790886,3.6818147,0.0,0.0,3.6818147
11211,SLFN12,-119.39999,-3.6815372,0.0,0.0,3.6815372
13800,SLC39A8,-122.52591,-3.6805646,0.0,0.0,3.6805646
2106,ZNF804A,120.84104,3.6803312,0.0,0.0,3.6803312
14588,VAMP3,-122.78998,-3.6789968,0.0,0.0,3.6789968
14558,GAMT,-122.77684,-3.6787422,0.0,0.0,3.6787422
1540,SLC35F1,122.297226,3.6786911,0.0,0.0,3.6786911
14434,MTHFS,-122.72166,-3.6775963,0.0,0.0,3.6775963
11455,OR4P4,-120.36981,-3.676343,0.0,0.0,3.676343
2167,PECAM1,120.464455,3.6758862,0.0,0.0,3.6758862
14355,C6orf120,-122.6922,-3.6748168,0.0,0.0,3.6748168
1168,SKAP1,122.61547,3.6745498,0.0,0.0,3.6745498
11828,LRRN4,-121.400444,-3.6725667,0.0,0.0,3.6725667
13079,KLHDC7A,-122.368774,-3.672423,0.0,0.0,3.672423
2157,BEST3,120.52669,3.671243,0.0,0.0,3.671243
12816,TRAPPC2L,-122.28952,-3.6710038,0.0,0.0,3.6710038
1644,NYX,122.15008,3.6692367,0.0,0.0,3.6692367
11832,LOX,-121.40547,-3.6669874,0.0,0.0,3.6669874
2373,IFIT2,119.4761,3.6657336,0.0,0.0,3.6657336
2331,HMCN2,119.67381,3.6654294,0.0,0.0,3.6654294
1861,RBFOX3,121.67287,3.6653883,0.0,0.0,3.6653883
11644,GINS4,-121.0121,-3.6648848,0.0,0.0,3.6648848
1815,DCDC1,121.808334,3.6648655,0.0,0.0,3.6648655
12426,RPA4,-122.13003,-3.6635864,0.0,0.0,3.6635864
12370,TOMM7,-122.09336,-3.6635523,0.0,0.0,3.6635523
2116,GLYATL1,120.7931,3.6632981,0.0,0.0,3.6632981
1586,EYA2,122.23697,3.6627827,0.0,0.0,3.6627827
1458,MTTP,122.399796,3.6621025,0.0,0.0,3.6621025
12257,FAM162A,-122.00408,-3.6612601,0.0,0.0,3.6612601
11990,FGFR2,-121.67762,-3.6603162,0.0,0.0,3.6603162
2657,ANO5,117.66393,3.6596322,0.0,0.0,3.6596322
13805,BCL2L2,-122.527336,-3.6591203,0.0,0.0,3.6591203
12383,ECM1,-122.103516,-3.658562,0.0,0.0,3.658562
9310,PTCHD1,-88.877815,-3.6582675,0.0,0.0,3.6582675
978,FKBP6,122.72121,3.657221,0.0,0.0,3.657221
3504,DNAJC5G,108.64235,3.6571662,0.0,0.0,3.6571662
12854,ANAPC11,-122.30236,-3.656933,0.0,0.0,3.656933
3169,GRIK1-AS1,112.796364,3.656545,0.0,0.0,3.656545
10573,MRGPRF,-113.85078,-3.6561,0.0,0.0,3.6561
12028,MATN2,-121.73471,-3.6558998,0.0,0.0,3.6558998
11448,APOA1,-120.33824,-3.655748,0.0,0.0,3.655748
10593,CENPK,-114.10165,-3.6542578,0.0,0.0,3.6542578
14341,DNAJA2,-122.68689,-3.653887,0.0,0.0,3.653887
2512,COL6A6,118.72745,3.6530778,0.0,0.0,3.6530778
2182,KCNK10,120.41508,3.6524615,0.0,0.0,3.6524615
11222,TNNC1,-119.462654,-3.651647,0.0,0.0,3.651647
269,RNASEH2B-AS1,123.041466,3.6516042,0.0,0.0,3.6516042
11203,SOD3,-119.37741,-3.651577,0.0,0.0,3.651577
14516,MRPL21,-122.7554,-3.6514647,0.0,0.0,3.6514647
11899,STC2,-121.536224,-3.6498544,0.0,0.0,3.6498544
14370,CHMP5,-122.697395,-3.6493204,0.0,0.0,3.6493204
13088,SAP18,-122.37001,-3.6490993,0.0,0.0,3.6490993
13831,SCAND1,-122.53246,-3.6488333,0.0,0.0,3.6488333
1870,FNDC1,121.637955,3.648775,0.0,0.0,3.648775
1455,STYK1,122.4038,3.6443787,0.0,0.0,3.6443787
12813,PSMC5,-122.28866,-3.6441283,0.0,0.0,3.6441283
2097,CEMIP,120.87547,3.6432662,0.0,0.0,3.6432662
11104,UPK3BL2,-118.89629,-3.6427135,0.0,0.0,3.6427135
10143,AQP3,-108.07507,-3.6417618,0.0,0.0,3.6417618
14259,ISOC2,-122.656075,-3.6377804,0.0,0.0,3.6377804
12585,SMPDL3B,-122.207954,-3.637139,0.0,0.0,3.637139
11991,ADGRA2,-121.68121,-3.6368797,0.0,0.0,3.6368797
212,PCOLCE2,123.068634,3.635825,0.0,0.0,3.635825
3879,NCALD,101.99783,3.635475,0.0,0.0,3.635475
123,INPP5B,123.12186,3.6354554,0.0,0.0,3.6354554
11663,SGO2,-121.044495,-3.633059,0.0,0.0,3.633059
14596,ABHD14A,-122.79398,-3.6326227,0.0,0.0,3.6326227
6456,OTULINL,26.336182,3.6323757,7.389897063931598e-153,8.045185594595136e-153,3.6323757
12725,ATP5MC2,-122.26242,-3.6312582,0.0,0.0,3.6312582
11868,LINC02562,-121.48313,-3.6310894,0.0,0.0,3.6310894
13983,DBN1,-122.569756,-3.6304228,0.0,0.0,3.6304228
14267,TP53I3,-122.66011,-3.6267757,0.0,0.0,3.6267757
13820,AHCY,-122.53027,-3.6244693,0.0,0.0,3.6244693
1471,ACYP2,122.38831,3.6230457,0.0,0.0,3.6230457
14729,CD59,-122.913284,-3.6228266,0.0,0.0,3.6228266
14443,PDCD5,-122.726234,-3.6227841,0.0,0.0,3.6227841
14368,RAB5IF,-122.697334,-3.622267,0.0,0.0,3.622267
347,POU6F1,123.004814,3.6219552,0.0,0.0,3.6219552
14673,COPS5,-122.85619,-3.621628,0.0,0.0,3.621628
1571,HGD,122.25418,3.6213167,0.0,0.0,3.6213167
2257,PIGZ,120.09413,3.6204197,0.0,0.0,3.6204197
11744,MATN1-AS1,-121.23619,-3.6202579,0.0,0.0,3.6202579
964,RASGEF1C,122.72559,3.6195216,0.0,0.0,3.6195216
11019,LINC01116,-118.33322,-3.6193564,0.0,0.0,3.6193564
1774,LINC00670,121.91567,3.6175003,0.0,0.0,3.6175003
10560,RARRES2,-113.75768,-3.616661,0.0,0.0,3.616661
9632,BUB1B,-97.650826,-3.6165943,0.0,0.0,3.6165943
651,CLEC16A,122.88072,3.6163516,0.0,0.0,3.6163516
9101,ADCY6-DT,-82.25918,-3.6159937,0.0,0.0,3.6159937
1938,LRRTM4,121.438835,3.612666,0.0,0.0,3.612666
1309,DDX60L,122.52839,3.6124744,0.0,0.0,3.6124744
1620,SLC26A4,122.192276,3.6121573,0.0,0.0,3.6121573
899,SLC49A4,122.754135,3.6113858,0.0,0.0,3.6113858
13119,HMGCS1,-122.37679,-3.6099977,0.0,0.0,3.6099977
1355,COBL,122.49586,3.60975,0.0,0.0,3.60975
13214,LAMTOR2,-122.4009,-3.6093402,0.0,0.0,3.6093402
11661,LRRC4,-121.03991,-3.6091304,0.0,0.0,3.6091304
2153,ASTN2,120.57792,3.6080816,0.0,0.0,3.6080816
3680,SCPEP1,105.74099,3.6076224,0.0,0.0,3.6076224
963,RNF180,122.72592,3.6070223,0.0,0.0,3.6070223
300,SYNE3,123.02552,3.6061811,0.0,0.0,3.6061811
2180,CCDC13,120.42216,3.6051505,0.0,0.0,3.6051505
14626,ECHS1,-122.81763,-3.605137,0.0,0.0,3.605137
625,ARHGEF33,122.89094,3.6048014,0.0,0.0,3.6048014
469,MEGF9,122.951515,3.6047852,0.0,0.0,3.6047852
12908,MED17,-122.32273,-3.6039965,0.0,0.0,3.6039965
132,INTS9,123.11528,3.6035938,0.0,0.0,3.6035938
3471,SMCO1,109.06749,3.6035218,0.0,0.0,3.6035218
12648,LRRC8D,-122.23348,-3.602802,0.0,0.0,3.602802
2250,SLA,120.113754,3.6024377,0.0,0.0,3.6024377
13645,CCDC86,-122.48618,-3.6021144,0.0,0.0,3.6021144
1795,TEKT3,121.855545,3.602069,0.0,0.0,3.602069
11741,RGPD5,-121.23055,-3.6015909,0.0,0.0,3.6015909
2652,PLPP7,117.70787,3.599997,0.0,0.0,3.599997
1066,RNF150,122.66941,3.5976698,0.0,0.0,3.5976698
1541,FBP2,122.29648,3.5967076,0.0,0.0,3.5967076
13413,DPF1,-122.44017,-3.5952134,0.0,0.0,3.5952134
96,FRMD4A,123.13981,3.5952132,0.0,0.0,3.5952132
1084,PLPP1,122.66138,3.5945208,0.0,0.0,3.5945208
12223,LINC00852,-121.96304,-3.5932913,0.0,0.0,3.5932913
10696,LINC01638,-115.2532,-3.5924702,0.0,0.0,3.5924702
12850,CBARP,-122.30125,-3.5914135,0.0,0.0,3.5914135
14624,ZNF853,-122.81684,-3.5901916,0.0,0.0,3.5901916
11986,LINC02084,-121.674,-3.589903,0.0,0.0,3.589903
13401,PDIA6,-122.437035,-3.5891187,0.0,0.0,3.5891187
1772,SYNPO2,121.92473,3.5885503,0.0,0.0,3.5885503
1128,MSANTD1,122.64109,3.5883615,0.0,0.0,3.5883615
2012,IL6R,121.24973,3.58812,0.0,0.0,3.58812
1434,PLCD4,122.42407,3.5880854,0.0,0.0,3.5880854
13825,CCDC124,-122.53158,-3.5877478,0.0,0.0,3.5877478
1493,LINC01231,122.35947,3.587661,0.0,0.0,3.587661
3357,NEGR1,110.48186,3.5874228,0.0,0.0,3.5874228
9705,HES1,-99.38308,-3.5871375,0.0,0.0,3.5871375
13611,ETNK2,-122.479195,-3.586433,0.0,0.0,3.586433
13585,PHF23,-122.473434,-3.5863035,0.0,0.0,3.5863035
439,PAK5,122.9618,3.5859826,0.0,0.0,3.5859826
10474,SLITRK5,-112.91633,-3.5847573,0.0,0.0,3.5847573
1431,RRH,122.42626,3.5835273,0.0,0.0,3.5835273
581,VPS13B,122.90746,3.5831473,0.0,0.0,3.5831473
13455,RAPGEF6,-122.44869,-3.5814211,0.0,0.0,3.5814211
14228,ORMDL2,-122.64487,-3.5813863,0.0,0.0,3.5813863
13919,DNLZ,-122.550354,-3.581264,0.0,0.0,3.581264
11528,ANXA5,-120.655426,-3.580625,0.0,0.0,3.580625
1751,CABP4,121.95972,3.5803363,0.0,0.0,3.5803363
14366,APLP2,-122.69692,-3.5794876,0.0,0.0,3.5794876
14575,GHITM,-122.7845,-3.5792782,0.0,0.0,3.5792782
14121,CALM3,-122.61236,-3.579001,0.0,0.0,3.579001
2136,KCNG3,120.67731,3.578758,0.0,0.0,3.578758
1448,ZBTB20-AS2,122.41275,3.5773888,0.0,0.0,3.5773888
3229,DNM1P35,112.1379,3.5773761,0.0,0.0,3.5773761
2103,LINC01954,120.86103,3.5751545,0.0,0.0,3.5751545
2177,GLP2R,120.43326,3.5745258,0.0,0.0,3.5745258
12198,LINC01309,-121.93756,-3.5736728,0.0,0.0,3.5736728
12083,TMEM258,-121.81087,-3.5732667,0.0,0.0,3.5732667
1570,CHD5,122.25489,3.5723526,0.0,0.0,3.5723526
659,AKR1E2,122.875206,3.5717087,0.0,0.0,3.5717087
12871,JUND,-122.30802,-3.5698614,0.0,0.0,3.5698614
255,TTC7A,123.049904,3.569846,0.0,0.0,3.569846
12929,PALM,-122.32834,-3.5688908,0.0,0.0,3.5688908
1173,MAST2,122.61323,3.5681987,0.0,0.0,3.5681987
12975,PARK7,-122.34256,-3.5675707,0.0,0.0,3.5675707
12271,POLR2L,-122.01572,-3.5672808,0.0,0.0,3.5672808
1759,RGL1,121.94616,3.5663788,0.0,0.0,3.5663788
11281,B3GALT5-AS1,-119.71084,-3.5662856,0.0,0.0,3.5662856
872,DMTN,122.77075,3.565812,0.0,0.0,3.565812
13420,FAAP20,-122.44192,-3.565703,0.0,0.0,3.565703
14808,TSPAN13,-123.02646,-3.5647883,0.0,0.0,3.5647883
14123,SIRPA,-122.61255,-3.5646148,0.0,0.0,3.5646148
2221,PAX7,120.246605,3.563303,0.0,0.0,3.563303
13435,AIP,-122.445045,-3.56283,0.0,0.0,3.56283
12185,KIF4B,-121.92689,-3.5624335,0.0,0.0,3.5624335
11058,COL9A3,-118.563484,-3.5623536,0.0,0.0,3.5623536
1439,KCNQ4,122.42018,3.5618644,0.0,0.0,3.5618644
1378,RUNDC3B,122.474785,3.561634,0.0,0.0,3.561634
11357,CTHRC1,-120.023346,-3.561566,0.0,0.0,3.561566
12721,HNRNPA1,-122.26038,-3.5604305,0.0,0.0,3.5604305
2858,TNFAIP8L3,115.95333,3.560025,0.0,0.0,3.560025
79,DOCK6,123.1548,3.5590994,0.0,0.0,3.5590994
13452,TRIM28,-122.44839,-3.5585003,0.0,0.0,3.5585003
788,FAM13B,122.81015,3.5581026,0.0,0.0,3.5581026
13054,HMGN1,-122.36241,-3.556687,0.0,0.0,3.556687
1489,DMGDH,122.364265,3.5563018,0.0,0.0,3.5563018
13058,MRPS2,-122.36344,-3.5558171,0.0,0.0,3.5558171
2129,SLC6A13,120.70977,3.5544312,0.0,0.0,3.5544312
11245,SRCAP,-119.563896,-3.5544071,0.0,0.0,3.5544071
1098,SKOR1,122.65765,3.5528164,0.0,0.0,3.5528164
7862,MCM10,-36.252487,-3.5525565,9.079065982968537e-288,1.0238888874869315e-287,3.5525565
12307,CD63,-122.04237,-3.5524554,0.0,0.0,3.5524554
14118,EMILIN2,-122.61205,-3.5522318,0.0,0.0,3.5522318
13875,GALT,-122.54194,-3.551495,0.0,0.0,3.551495
11423,GNG3,-120.26553,-3.5505931,0.0,0.0,3.5505931
12415,REM2,-122.12224,-3.5503287,0.0,0.0,3.5503287
14303,IGSF3,-122.673,-3.549244,0.0,0.0,3.549244
356,SIPA1L3,123.00068,3.5484493,0.0,0.0,3.5484493
14332,CENPX,-122.68348,-3.5475395,0.0,0.0,3.5475395
14421,TPM1,-122.715805,-3.546896,0.0,0.0,3.546896
13375,MSANTD3,-122.43131,-3.546468,0.0,0.0,3.546468
1305,ECHDC2,122.53147,3.546153,0.0,0.0,3.546153
13998,TMEM45A,-122.57374,-3.5447314,0.0,0.0,3.5447314
467,GHRL,122.95214,3.5444312,0.0,0.0,3.5444312
2109,CALN1,120.82989,3.5442555,0.0,0.0,3.5442555
13390,CENPV,-122.434265,-3.5439494,0.0,0.0,3.5439494
1038,NIM1K,122.68723,3.5428398,0.0,0.0,3.5428398
11896,FBLL1,-121.53388,-3.542712,0.0,0.0,3.542712
14384,CELSR2,-122.70123,-3.5424788,0.0,0.0,3.5424788
12862,PPP1R35,-122.30533,-3.540706,0.0,0.0,3.540706
11885,FAM111A-DT,-121.52281,-3.5398247,0.0,0.0,3.5398247
1149,AKAP13,122.62341,3.539715,0.0,0.0,3.539715
2057,STIM1,121.07079,3.5388558,0.0,0.0,3.5388558
11300,OGDHL,-119.80326,-3.5384605,0.0,0.0,3.5384605
566,SCUBE2,122.91654,3.5355752,0.0,0.0,3.5355752
11494,NCS1,-120.55171,-3.534689,0.0,0.0,3.534689
713,LRP2BP,122.85087,3.533622,0.0,0.0,3.533622
12416,PSPN,-122.122665,-3.533013,0.0,0.0,3.533013
2226,GRID2,120.2147,3.5323696,0.0,0.0,3.5323696
14268,BEX4,-122.660355,-3.531734,0.0,0.0,3.531734
13961,VMA21,-122.56592,-3.5311067,0.0,0.0,3.5311067
13183,GPR108,-122.39417,-3.5306373,0.0,0.0,3.5306373
12826,RABGEF1,-122.294106,-3.5302818,0.0,0.0,3.5302818
869,LEKR1,122.77193,3.5302062,0.0,0.0,3.5302062
2228,PIEZO2,120.210686,3.5301335,0.0,0.0,3.5301335
12248,PCDHGB1,-121.99419,-3.529796,0.0,0.0,3.529796
10826,KLHL41,-116.603935,-3.5293012,0.0,0.0,3.5293012
14235,GPX7,-122.64635,-3.5274148,0.0,0.0,3.5274148
1363,ST7,122.488625,3.527183,0.0,0.0,3.527183
12701,XKR8,-122.25428,-3.5268238,0.0,0.0,3.5268238
14379,BORCS6,-122.69999,-3.5260632,0.0,0.0,3.5260632
54,CROCC,123.17827,3.5257852,0.0,0.0,3.5257852
1384,IL19,122.47221,3.5250757,0.0,0.0,3.5250757
13618,ACVR2B,-122.48156,-3.5244546,0.0,0.0,3.5244546
13545,NONO,-122.46379,-3.5241177,0.0,0.0,3.5241177
12122,MYO1B,-121.851135,-3.5237522,0.0,0.0,3.5237522
1646,SCN5A,122.14394,3.5233388,0.0,0.0,3.5233388
1821,HS3ST3A1,121.79996,3.5222876,0.0,0.0,3.5222876
13577,SLC25A10,-122.47001,-3.5215616,0.0,0.0,3.5215616
2343,IGSF9B,119.61236,3.5210524,0.0,0.0,3.5210524
13896,PRMT1,-122.54597,-3.5201669,0.0,0.0,3.5201669
9316,SCIN,-89.00084,-3.519451,0.0,0.0,3.519451
2280,CA3,119.96026,3.518192,0.0,0.0,3.518192
13514,OCIAD2,-122.457664,-3.5175822,0.0,0.0,3.5175822
2018,LINC01732,121.22226,3.5174859,0.0,0.0,3.5174859
13353,CCND1,-122.426445,-3.5168629,0.0,0.0,3.5168629
13219,G6PC3,-122.40171,-3.5162148,0.0,0.0,3.5162148
14627,HDHD2,-122.81847,-3.5154395,0.0,0.0,3.5154395
7839,TAFA4,-34.633938,-3.514768,7.796270745724701e-263,8.741041081784325e-263,3.514768
13554,CBX3,-122.46453,-3.514133,0.0,0.0,3.514133
655,EIF2AK3,122.878746,3.5138304,0.0,0.0,3.5138304
11562,IGLON5,-120.75658,-3.51364,0.0,0.0,3.51364
490,FTX,122.94381,3.5134947,0.0,0.0,3.5134947
1773,RDH12,121.92296,3.5130582,0.0,0.0,3.5130582
2711,MS4A15,117.21967,3.510768,0.0,0.0,3.510768
2960,KLHL7,115.07521,3.5107284,0.0,0.0,3.5107284
13438,RSL1D1,-122.44558,-3.50955,0.0,0.0,3.50955
12680,LINC00867,-122.24493,-3.5092912,0.0,0.0,3.5092912
1916,FRMPD3,121.51169,3.508967,0.0,0.0,3.508967
259,FBXW7,123.04687,3.5074625,0.0,0.0,3.5074625
3662,BRINP3,106.06012,3.5069861,0.0,0.0,3.5069861
542,RPTOR,122.92446,3.5067165,0.0,0.0,3.5067165
1567,DLGAP1,122.25699,3.5064936,0.0,0.0,3.5064936
9371,EPHA8,-90.608696,-3.506269,0.0,0.0,3.506269
2027,ENPP2,121.19134,3.5053911,0.0,0.0,3.5053911
1289,RPS6KL1,122.54154,3.5049636,0.0,0.0,3.5049636
1164,SLC24A3,122.61686,3.503707,0.0,0.0,3.503707
1412,TULP2,122.43837,3.5029218,0.0,0.0,3.5029218
3292,SPHKAP,111.35121,3.5026903,0.0,0.0,3.5026903
1011,CACNB4,122.70221,3.5019288,0.0,0.0,3.5019288
12434,TRO,-122.13331,-3.501879,0.0,0.0,3.501879
1556,TPRG1-AS1,122.2731,3.5010383,0.0,0.0,3.5010383
1400,RGPD1,122.45499,3.5010312,0.0,0.0,3.5010312
13824,STX1B,-122.531425,-3.500308,0.0,0.0,3.500308
1971,TTYH2,121.37491,3.4972174,0.0,0.0,3.4972174
2193,SLC15A3,120.38273,3.4968596,0.0,0.0,3.4968596
795,BICRAL,122.80746,3.496377,0.0,0.0,3.496377
13712,SSB,-122.50147,-3.4960623,0.0,0.0,3.4960623
13930,MPND,-122.554665,-3.494958,0.0,0.0,3.494958
12247,C1QL1,-121.993706,-3.494948,0.0,0.0,3.494948
14140,RBBP9,-122.61949,-3.4943073,0.0,0.0,3.4943073
1791,ATP2C2-AS1,121.86754,3.4935188,0.0,0.0,3.4935188
13524,TAF6,-122.45887,-3.4934978,0.0,0.0,3.4934978
12515,GALK1,-122.17784,-3.4931524,0.0,0.0,3.4931524
13551,EIF4G2,-122.464386,-3.492735,0.0,0.0,3.492735
11431,TMEM74B,-120.29523,-3.4926112,0.0,0.0,3.4926112
2543,ADAMTS7,118.4233,3.4922135,0.0,0.0,3.4922135
13664,HSD17B10,-122.49105,-3.490439,0.0,0.0,3.490439
973,ATP13A4,122.723145,3.4900014,0.0,0.0,3.4900014
14351,TCEAL4,-122.69052,-3.4898071,0.0,0.0,3.4898071
2019,RALGPS1,121.219185,3.4896295,0.0,0.0,3.4896295
435,GRIK4,122.963,3.487163,0.0,0.0,3.487163
13932,ISG15,-122.55555,-3.4868472,0.0,0.0,3.4868472
3518,ACSM3,108.38498,3.485983,0.0,0.0,3.485983
11062,SLC7A3,-118.59568,-3.4858618,0.0,0.0,3.4858618
14407,SUMO3,-122.709984,-3.4852169,0.0,0.0,3.4852169
2346,ACSM1,119.59115,3.4847043,0.0,0.0,3.4847043
254,ANKRD27,123.05021,3.4846532,0.0,0.0,3.4846532
6025,CRISPLD2,42.400986,3.484392,0.0,0.0,3.484392
10370,S100A6,-111.69423,-3.4836335,0.0,0.0,3.4836335
459,C12orf60,122.954155,3.4826863,0.0,0.0,3.4826863
14774,RBM38,-122.96151,-3.4820487,0.0,0.0,3.4820487
1889,AFG1L,121.58602,3.481952,0.0,0.0,3.481952
1015,ARHGEF10L,122.700294,3.4814813,0.0,0.0,3.4814813
1250,NRG1,122.57094,3.481384,0.0,0.0,3.481384
14074,EIF3E,-122.59885,-3.4810169,0.0,0.0,3.4810169
14312,LIPT2,-122.676125,-3.4801865,0.0,0.0,3.4801865
13528,SMIM10L2B,-122.4601,-3.4800885,0.0,0.0,3.4800885
1244,FCHSD2,122.57373,3.4791028,0.0,0.0,3.4791028
611,KCNK4,122.898834,3.4789844,0.0,0.0,3.4789844
14751,DMAC1,-122.93431,-3.478328,0.0,0.0,3.478328
2403,LINC00607,119.34928,3.4772713,0.0,0.0,3.4772713
1268,ERBB4,122.562065,3.4763877,0.0,0.0,3.4763877
434,MTFR1,122.96335,3.4751508,0.0,0.0,3.4751508
3022,GEM,114.552765,3.4748664,0.0,0.0,3.4748664
12722,COX6C,-122.261,-3.4744632,0.0,0.0,3.4744632
11825,EPB41L4A-AS1,-121.39881,-3.473141,0.0,0.0,3.473141
280,ADGRL2,123.037,3.4723601,0.0,0.0,3.4723601
13884,CCT6A,-122.5433,-3.4715755,0.0,0.0,3.4715755
3047,MBOAT1,114.26447,3.4715054,0.0,0.0,3.4715054
12940,UQCR10,-122.33105,-3.4706597,0.0,0.0,3.4706597
12622,ADRA2C,-122.22464,-3.4702127,0.0,0.0,3.4702127
14655,C5orf24,-122.84432,-3.4699016,0.0,0.0,3.4699016
13906,TOR1A,-122.54763,-3.4688196,0.0,0.0,3.4688196
2782,TDRD6,116.69816,3.4681575,0.0,0.0,3.4681575
649,APC2,122.882614,3.4680398,0.0,0.0,3.4680398
10971,POLD4,-117.98255,-3.4675412,0.0,0.0,3.4675412
14646,SCOC,-122.83381,-3.4670331,0.0,0.0,3.4670331
2198,TRIM72,120.36848,3.4668722,0.0,0.0,3.4668722
1520,CLMAT3,122.32688,3.4667397,0.0,0.0,3.4667397
11473,CHST2,-120.464294,-3.4657643,0.0,0.0,3.4657643
2645,MAMLD1,117.74358,3.4639566,0.0,0.0,3.4639566
2472,SOAT2,118.94348,3.4639297,0.0,0.0,3.4639297
13640,UBE2Q1,-122.48542,-3.463854,0.0,0.0,3.463854
10512,HMCN1,-113.28223,-3.46358,0.0,0.0,3.46358
2420,C16orf89,119.23228,3.4635413,0.0,0.0,3.4635413
11192,OAF,-119.35463,-3.463141,0.0,0.0,3.463141
3312,NOXA1,111.05699,3.4630353,0.0,0.0,3.4630353
1537,PLA2G4C,122.30331,3.4601078,0.0,0.0,3.4601078
2165,GPAT3,120.47483,3.4595566,0.0,0.0,3.4595566
1627,GABRG1,122.181854,3.4594963,0.0,0.0,3.4594963
13266,DGCR6L,-122.40936,-3.4592159,0.0,0.0,3.4592159
12190,SULT4A1,-121.93096,-3.4575064,0.0,0.0,3.4575064
13197,SERF2,-122.3979,-3.4568238,0.0,0.0,3.4568238
314,RAD52,123.02016,3.4568021,0.0,0.0,3.4568021
12313,ZPR1,-122.050705,-3.4550872,0.0,0.0,3.4550872
88,KIAA1328,123.150566,3.4536674,0.0,0.0,3.4536674
13549,ERP29,-122.46424,-3.4521337,0.0,0.0,3.4521337
14092,RETREG2,-122.60423,-3.4520385,0.0,0.0,3.4520385
796,DENND4A,122.806854,3.4515998,0.0,0.0,3.4515998
11519,ADAMTS1,-120.62814,-3.449063,0.0,0.0,3.449063
1852,EPHA10,121.704765,3.448878,0.0,0.0,3.448878
9311,TAGLN3,-88.910385,-3.447428,0.0,0.0,3.447428
14731,KCNMB4,-122.91472,-3.4468536,0.0,0.0,3.4468536
13951,CYSRT1,-122.56177,-3.4465566,0.0,0.0,3.4465566
11106,LYPD6,-118.91008,-3.4458463,0.0,0.0,3.4458463
1264,NDRG4,122.562584,3.445783,0.0,0.0,3.445783
14313,ATP5F1D,-122.676285,-3.445455,0.0,0.0,3.445455
13692,FKBP8,-122.49683,-3.4450068,0.0,0.0,3.4450068
10072,TJP2,-106.75503,-3.4446194,0.0,0.0,3.4446194
2127,CDK18,120.71519,3.4441323,0.0,0.0,3.4441323
12045,PCNA,-121.7598,-3.4435573,0.0,0.0,3.4435573
1607,CLDN14,122.21121,3.4435015,0.0,0.0,3.4435015
13130,SNRPD1,-122.3804,-3.4434736,0.0,0.0,3.4434736
13223,VIM-AS1,-122.40236,-3.4432669,0.0,0.0,3.4432669
14649,MYL6,-122.83428,-3.4430401,0.0,0.0,3.4430401
13105,PSMB5,-122.37291,-3.442715,0.0,0.0,3.442715
14445,DPCD,-122.727196,-3.4421046,0.0,0.0,3.4421046
1429,GALNT18,122.42991,3.4414937,0.0,0.0,3.4414937
13005,C8orf58,-122.349815,-3.4408913,0.0,0.0,3.4408913
1518,FAM110B,122.32834,3.440835,0.0,0.0,3.440835
12013,ADCY7,-121.71093,-3.4392953,0.0,0.0,3.4392953
13454,LLPH,-122.44861,-3.439269,0.0,0.0,3.439269
11997,FZD8,-121.686455,-3.439209,0.0,0.0,3.439209
1631,LINC01829,122.16988,3.4388847,0.0,0.0,3.4388847
2214,PLA2G12B,120.27467,3.4383194,0.0,0.0,3.4383194
2880,DIPK2B,115.77268,3.4381235,0.0,0.0,3.4381235
11752,AQP5,-121.25685,-3.4381232,0.0,0.0,3.4381232
2004,EMX2OS,121.28153,3.4367309,0.0,0.0,3.4367309
2558,LRP1B,118.294655,3.4364343,0.0,0.0,3.4364343
11443,GDF7,-120.32793,-3.436261,0.0,0.0,3.436261
1049,APLF,122.67956,3.4354663,0.0,0.0,3.4354663
2201,FUT9,120.35691,3.4352093,0.0,0.0,3.4352093
12715,SMIM15,-122.258064,-3.4352088,0.0,0.0,3.4352088
3175,CCDC85A,112.67873,3.4341376,0.0,0.0,3.4341376
12555,TCEAL9,-122.19908,-3.4340074,0.0,0.0,3.4340074
2334,MTCP1,119.6603,3.433271,0.0,0.0,3.433271
14560,MRPL14,-122.777405,-3.432991,0.0,0.0,3.432991
8928,LINC02422,-76.40518,-3.432472,0.0,0.0,3.432472
84,SEC22A,123.15117,3.43246,0.0,0.0,3.43246
1073,KIAA0825,122.66663,3.432441,0.0,0.0,3.432441
146,SAT1,123.104576,3.4321382,0.0,0.0,3.4321382
2002,BMP8B,121.28606,3.4317288,0.0,0.0,3.4317288
13615,PDAP1,-122.4807,-3.4313886,0.0,0.0,3.4313886
12277,SNRPD2,-122.02072,-3.4313354,0.0,0.0,3.4313354
826,TMEM202-AS1,122.791466,3.430163,0.0,0.0,3.430163
2233,TNFAIP2,120.19131,3.4297333,0.0,0.0,3.4297333
1089,FARS2,122.66039,3.4292517,0.0,0.0,3.4292517
1948,FRMPD1,121.42242,3.4286427,0.0,0.0,3.4286427
1944,CHODL,121.42736,3.4267576,0.0,0.0,3.4267576
10582,CALHM5,-113.94652,-3.4253197,0.0,0.0,3.4253197
1613,PCAT1,122.19741,3.425099,0.0,0.0,3.425099
124,SLC10A7,123.121765,3.4244595,0.0,0.0,3.4244595
13242,SSR2,-122.406265,-3.4234145,0.0,0.0,3.4234145
1269,SFTPD,122.56137,3.4229379,0.0,0.0,3.4229379
11033,APLNR,-118.39608,-3.422878,0.0,0.0,3.422878
846,MAP2K5,122.78154,3.4228065,0.0,0.0,3.4228065
13118,FAM89B,-122.3759,-3.422484,0.0,0.0,3.422484
9337,MGP,-89.60604,-3.4217067,0.0,0.0,3.4217067
14089,TFAM,-122.603424,-3.4211912,0.0,0.0,3.4211912
501,TYW1B,122.94168,3.4211552,0.0,0.0,3.4211552
11621,PCDHGB2,-120.945946,-3.4209485,0.0,0.0,3.4209485
2294,ADRA1B,119.90025,3.4191012,0.0,0.0,3.4191012
1529,BEAN1,122.30994,3.4184794,0.0,0.0,3.4184794
13939,SLC35C1,-122.55755,-3.4180696,0.0,0.0,3.4180696
9995,ACAD11,-105.19544,-3.4176805,0.0,0.0,3.4176805
2577,PDIA2,118.18639,3.416169,0.0,0.0,3.416169
14160,MRPS34,-122.62417,-3.41488,0.0,0.0,3.41488
14276,NUTF2,-122.662155,-3.4147265,0.0,0.0,3.4147265
13449,CBX5,-122.447334,-3.4143145,0.0,0.0,3.4143145
122,NBPF12,123.12188,3.4138134,0.0,0.0,3.4138134
13755,AURKAIP1,-122.51451,-3.4133089,0.0,0.0,3.4133089
12017,STAMBPL1,-121.71375,-3.4126446,0.0,0.0,3.4126446
8713,CCL21,-68.7093,-3.4123404,0.0,0.0,3.4123404
2411,TCP11,119.2767,3.4122808,0.0,0.0,3.4122808
8104,ZNRD2,-45.044765,-3.4119127,0.0,0.0,3.4119127
3695,ASIC3,105.480095,3.4110785,0.0,0.0,3.4110785
223,AHI1,123.0651,3.4094653,0.0,0.0,3.4094653
920,WDR37,122.747604,3.408716,0.0,0.0,3.408716
10388,RTKN2,-111.92223,-3.4086046,0.0,0.0,3.4086046
14522,C1orf122,-122.75704,-3.4085786,0.0,0.0,3.4085786
14703,RTL8B,-122.88281,-3.4084601,0.0,0.0,3.4084601
8943,MUSTN1,-76.98375,-3.4081402,0.0,0.0,3.4081402
1898,LRRD1,121.563644,3.4065921,0.0,0.0,3.4065921
3390,TNS2,110.07986,3.406071,0.0,0.0,3.406071
10309,BMPER,-110.63613,-3.4059598,0.0,0.0,3.4059598
10029,FMOD,-106.0658,-3.4058669,0.0,0.0,3.4058669
14182,POLR3K,-122.62913,-3.4058008,0.0,0.0,3.4058008
14548,SLC25A3,-122.77228,-3.405247,0.0,0.0,3.405247
2203,RHOH,120.34104,3.404394,0.0,0.0,3.404394
10170,IL32,-108.510185,-3.404324,0.0,0.0,3.404324
1753,CRYGS,121.95644,3.4040966,0.0,0.0,3.4040966
1135,LINC01909,122.63688,3.4039638,0.0,0.0,3.4039638
1973,MOV10L1,121.3725,3.4038525,0.0,0.0,3.4038525
11261,NRROS,-119.629974,-3.403287,0.0,0.0,3.403287
14650,BAG1,-122.834885,-3.403286,0.0,0.0,3.403286
517,PCBP3,122.93438,3.4016275,0.0,0.0,3.4016275
457,CBR4,122.9543,3.4009159,0.0,0.0,3.4009159
2122,RARB,120.74904,3.400065,0.0,0.0,3.400065
14552,AASDHPPT,-122.77517,-3.3996842,0.0,0.0,3.3996842
13081,CAMLG,-122.36903,-3.3991253,0.0,0.0,3.3991253
11129,COLEC11,-119.07227,-3.398949,0.0,0.0,3.398949
11185,LINC00538,-119.31666,-3.3976285,0.0,0.0,3.3976285
11956,CENPH,-121.63233,-3.397546,0.0,0.0,3.397546
2926,CRIP3,115.338524,3.3969386,0.0,0.0,3.3969386
2241,B4GALNT3,120.14331,3.396804,0.0,0.0,3.396804
1574,CLIC2,122.25207,3.3966112,0.0,0.0,3.3966112
2304,LINC02762,119.843445,3.396159,0.0,0.0,3.396159
9924,DDIT4,-103.73474,-3.395824,0.0,0.0,3.395824
2088,TTC39A-AS1,120.93748,3.3957024,0.0,0.0,3.3957024
14360,METRN,-122.69525,-3.394724,0.0,0.0,3.394724
1597,CHPT1,122.21869,3.3944712,0.0,0.0,3.3944712
1539,TRAPPC9,122.29899,3.3944285,0.0,0.0,3.3944285
12230,ZFAS1,-121.96881,-3.3937013,0.0,0.0,3.3937013
12662,POMP,-122.237946,-3.3936117,0.0,0.0,3.3936117
10754,SOX11,-115.86812,-3.3931944,0.0,0.0,3.3931944
2769,RGMA,116.7882,3.392444,0.0,0.0,3.392444
10771,ZNF385A,-115.99697,-3.3912065,0.0,0.0,3.3912065
1842,KIAA2012,121.745575,3.3903055,0.0,0.0,3.3903055
12880,UXT,-122.3106,-3.3897092,0.0,0.0,3.3897092
10828,EME1,-116.63582,-3.3879924,0.0,0.0,3.3879924
14767,RAB3IP,-122.951866,-3.3873417,0.0,0.0,3.3873417
12898,COX7A2,-122.31896,-3.3872576,0.0,0.0,3.3872576
936,TMEM45B,122.74162,3.3872426,0.0,0.0,3.3872426
2429,ELN,119.19334,3.3870385,0.0,0.0,3.3870385
13684,SEMA6B,-122.4949,-3.3869448,0.0,0.0,3.3869448
2476,P3H3,118.91746,3.3857057,0.0,0.0,3.3857057
1342,PSD3,122.50455,3.3855615,0.0,0.0,3.3855615
14676,MOB4,-122.858246,-3.3853025,0.0,0.0,3.3853025
12195,FDXR,-121.933586,-3.3847578,0.0,0.0,3.3847578
11326,ANKRD18B,-119.89564,-3.3847177,0.0,0.0,3.3847177
1936,NHSL1,121.440605,3.3845575,0.0,0.0,3.3845575
13695,COPRS,-122.49711,-3.3845508,0.0,0.0,3.3845508
10111,EPS8L2,-107.51173,-3.3832433,0.0,0.0,3.3832433
14450,ATP5ME,-122.72809,-3.3830698,0.0,0.0,3.3830698
727,CKMT2-AS1,122.841156,3.3807554,0.0,0.0,3.3807554
11156,CYP27A1,-119.18682,-3.3803186,0.0,0.0,3.3803186
10792,PYDC1,-116.221306,-3.379517,0.0,0.0,3.379517
12538,MEX3D,-122.191666,-3.379512,0.0,0.0,3.379512
875,CUEDC1,122.76952,3.378907,0.0,0.0,3.378907
14282,RNASEH2C,-122.66299,-3.3787577,0.0,0.0,3.3787577
8836,GDF3,-73.35919,-3.378629,0.0,0.0,3.378629
2308,EPCAM-DT,119.81231,3.3785949,0.0,0.0,3.3785949
13969,LLGL2,-122.566864,-3.3784,0.0,0.0,3.3784
10402,BIK,-112.07951,-3.377659,0.0,0.0,3.377659
2843,SLC8A1,116.12256,3.3770287,0.0,0.0,3.3770287
3139,LINC01801,113.20083,3.3764243,0.0,0.0,3.3764243
13891,TMEM107,-122.54426,-3.3763382,0.0,0.0,3.3763382
13685,PRPS1,-122.49539,-3.3762958,0.0,0.0,3.3762958
1911,PIWIL4,121.522705,3.3761902,0.0,0.0,3.3761902
10434,C17orf107,-112.462875,-3.3758335,0.0,0.0,3.3758335
2602,TMEM130,117.98967,3.3754408,0.0,0.0,3.3754408
12886,GTF2F1,-122.31406,-3.3744662,0.0,0.0,3.3744662
1163,DNAH7,122.61853,3.3736494,0.0,0.0,3.3736494
13624,PPA1,-122.48267,-3.3733025,0.0,0.0,3.3733025
2502,ST6GALNAC5,118.77728,3.3730755,0.0,0.0,3.3730755
14387,MRPL44,-122.70154,-3.3721137,0.0,0.0,3.3721137
1739,ZYG11A,121.99655,3.371463,0.0,0.0,3.371463
2263,ISM2,120.06765,3.3711767,0.0,0.0,3.3711767
12875,DTYMK,-122.309135,-3.3699467,0.0,0.0,3.3699467
2944,COL5A3,115.17557,3.3690374,0.0,0.0,3.3690374
13326,HDGF,-122.42129,-3.3686125,0.0,0.0,3.3686125
1422,ABLIM1,122.43313,3.367395,0.0,0.0,3.367395
1200,ADCY8,122.59737,3.366272,0.0,0.0,3.366272
14324,PFKP,-122.68185,-3.3662565,0.0,0.0,3.3662565
13604,PBXIP1,-122.47693,-3.36587,0.0,0.0,3.36587
14141,SNRNP25,-122.6195,-3.3650963,0.0,0.0,3.3650963
2087,LONRF2,120.94236,3.3647766,0.0,0.0,3.3647766
400,CPEB1-AS1,122.97782,3.3638625,0.0,0.0,3.3638625
14736,ST6GALNAC4,-122.91756,-3.3622086,0.0,0.0,3.3622086
13911,GUK1,-122.54886,-3.3612773,0.0,0.0,3.3612773
12024,SULT1C4,-121.7249,-3.3610392,0.0,0.0,3.3610392
4217,HBA1,96.10148,3.3604424,0.0,0.0,3.3604424
2186,BRWD1-AS1,120.40828,3.360186,0.0,0.0,3.360186
13523,PYCR1,-122.458824,-3.3598,0.0,0.0,3.3598
1640,FAAH2,122.15604,3.3596342,0.0,0.0,3.3596342
1562,KCNE1,122.26533,3.3590596,0.0,0.0,3.3590596
1221,ST3GAL1,122.58574,3.3588963,0.0,0.0,3.3588963
11800,TBC1D10C,-121.36017,-3.3583107,0.0,0.0,3.3583107
1317,RASAL2,122.52046,3.3572114,0.0,0.0,3.3572114
14710,TSPAN2,-122.89181,-3.3571622,0.0,0.0,3.3571622
11531,CYYR1,-120.6655,-3.3570588,0.0,0.0,3.3570588
13396,PSIP1,-122.43483,-3.3556783,0.0,0.0,3.3556783
1296,FAF1,122.53696,3.3552864,0.0,0.0,3.3552864
2123,CGAS,120.74583,3.3546424,0.0,0.0,3.3546424
12030,P2RX5,-121.73727,-3.3534842,0.0,0.0,3.3534842
10588,PLCB2,-114.02582,-3.3530777,0.0,0.0,3.3530777
504,MBD5,122.94003,3.3529975,0.0,0.0,3.3529975
1460,GBE1,122.39885,3.352291,0.0,0.0,3.352291
10530,COTL1,-113.398155,-3.352235,0.0,0.0,3.352235
14342,PITPNA-AS1,-122.68739,-3.3512578,0.0,0.0,3.3512578
1783,AK8,121.88547,3.3512454,0.0,0.0,3.3512454
11007,CLU,-118.255005,-3.3491125,0.0,0.0,3.3491125
12232,C11orf91,-121.9707,-3.347885,0.0,0.0,3.347885
13160,SMAD7,-122.38799,-3.347877,0.0,0.0,3.347877
3254,EMCN,111.838165,3.3476927,0.0,0.0,3.3476927
454,CDKAL1,122.95604,3.3476276,0.0,0.0,3.3476276
2783,SLC16A4,116.69059,3.347126,0.0,0.0,3.347126
6790,ESCO2,11.921344,-3.346785,9.16188250327236e-33,9.50408333258952e-33,3.346785
1724,TOX2,122.02482,3.3464277,0.0,0.0,3.3464277
1524,ABHD3,122.31921,3.34626,0.0,0.0,3.34626
12085,ADGRB1,-121.811554,-3.346089,0.0,0.0,3.346089
1075,PDGFC,122.66571,3.3457696,0.0,0.0,3.3457696
10320,CYB5R2,-110.817764,-3.344533,0.0,0.0,3.344533
11734,QPCT,-121.212,-3.3442934,0.0,0.0,3.3442934
2899,EEPD1,115.57816,3.3442235,0.0,0.0,3.3442235
1666,TMEM74,122.11688,3.3440485,0.0,0.0,3.3440485
14106,SKP1,-122.60741,-3.3432794,0.0,0.0,3.3432794
2441,ADAP2,119.13719,3.342465,0.0,0.0,3.342465
12910,PSMB4,-122.32327,-3.3415978,0.0,0.0,3.3415978
2508,NFIA-AS2,118.74858,3.3414543,0.0,0.0,3.3414543
10589,NPAP1,-114.03941,-3.341427,0.0,0.0,3.341427
2660,DOCK2,117.63991,3.341069,0.0,0.0,3.341069
2261,TG,120.08375,3.3410578,0.0,0.0,3.3410578
14291,CISD2,-122.667816,-3.341048,0.0,0.0,3.341048
14300,CCT3,-122.67193,-3.3404932,0.0,0.0,3.3404932
12977,MANF,-122.34359,-3.337998,0.0,0.0,3.337998
1324,GACAT2,122.51723,3.3378196,0.0,0.0,3.3378196
3146,ETFDH,113.106224,3.33766,0.0,0.0,3.33766
13334,A1BG-AS1,-122.42374,-3.3372393,0.0,0.0,3.3372393
12611,VANGL2,-122.219955,-3.3369477,0.0,0.0,3.3369477
2094,PFKFB2,120.88446,3.3363721,0.0,0.0,3.3363721
1031,SIK3,122.694374,3.336171,0.0,0.0,3.336171
9448,CCNB2,-92.517136,-3.3360085,0.0,0.0,3.3360085
14519,CHID1,-122.75654,-3.3359149,0.0,0.0,3.3359149
9769,PRSS45P,-100.68117,-3.335781,0.0,0.0,3.335781
1272,ARSG,122.558784,3.3351805,0.0,0.0,3.3351805
13560,WBP11,-122.467064,-3.3350074,0.0,0.0,3.3350074
11103,SH3BGR,-118.89266,-3.3335025,0.0,0.0,3.3335025
92,TRIM4,123.146965,3.3321414,0.0,0.0,3.3321414
10781,ALAS2,-116.11306,-3.3309648,0.0,0.0,3.3309648
2369,FOSL2,119.49536,3.329749,0.0,0.0,3.329749
1237,TRIO,122.57836,3.329578,0.0,0.0,3.329578
2061,DCDC2,121.06378,3.3293054,0.0,0.0,3.3293054
11909,DUSP4,-121.55724,-3.3286746,0.0,0.0,3.3286746
10555,LOXL3,-113.69997,-3.328595,0.0,0.0,3.328595
12235,ARHGAP28,-121.97518,-3.3276577,0.0,0.0,3.3276577
917,NRG4,122.74836,3.3276412,0.0,0.0,3.3276412
11344,OSR1,-119.98312,-3.3274038,0.0,0.0,3.3274038
1349,EMC1-AS1,122.50154,3.3269222,0.0,0.0,3.3269222
12486,JAGN1,-122.16349,-3.3257928,0.0,0.0,3.3257928
12134,IER5L,-121.86226,-3.3232288,0.0,0.0,3.3232288
13708,ILF2,-122.49996,-3.3231559,0.0,0.0,3.3231559
13788,TSR2,-122.522896,-3.3230088,0.0,0.0,3.3230088
14429,MDH2,-122.72067,-3.3227105,0.0,0.0,3.3227105
2668,NPR3,117.60555,3.322527,0.0,0.0,3.322527
1490,MEI1,122.36337,3.3222158,0.0,0.0,3.3222158
11929,BAX,-121.58674,-3.321928,0.0,0.0,3.321928
13794,GSTZ1,-122.5244,-3.3215003,0.0,0.0,3.3215003
12954,SPDL1,-122.333954,-3.3214905,0.0,0.0,3.3214905
2434,BEGAIN,119.16893,3.3207462,0.0,0.0,3.3207462
13415,CNN3,-122.44134,-3.3202221,0.0,0.0,3.3202221
1404,SLC30A8,122.44989,3.3200045,0.0,0.0,3.3200045
12527,RBM8A,-122.18526,-3.3198602,0.0,0.0,3.3198602
14274,STIP1,-122.662125,-3.3188076,0.0,0.0,3.3188076
13940,RDH11,-122.55803,-3.3185034,0.0,0.0,3.3185034
8369,ATG9A,-55.824966,-3.318471,0.0,0.0,3.318471
13253,FADS1,-122.40777,-3.3179266,0.0,0.0,3.3179266
13678,PUF60,-122.49351,-3.3177142,0.0,0.0,3.3177142
13975,LINC01816,-122.567856,-3.317688,0.0,0.0,3.317688
13526,HEBP2,-122.45957,-3.3171015,0.0,0.0,3.3171015
1195,COMMD10,122.602066,3.3163793,0.0,0.0,3.3163793
14264,PYURF,-122.65853,-3.3163009,0.0,0.0,3.3163009
1232,EML5,122.58201,3.3145957,0.0,0.0,3.3145957
11812,TUBB4A,-121.383575,-3.3134923,0.0,0.0,3.3134923
345,PTPDC1,123.005905,3.3134186,0.0,0.0,3.3134186
13073,GTF2H5,-122.36727,-3.3130155,0.0,0.0,3.3130155
9642,PRRT4,-98.05443,-3.3126066,0.0,0.0,3.3126066
13518,PRDX6,-122.4582,-3.312245,0.0,0.0,3.312245
10414,LINC00632,-112.21589,-3.3120704,0.0,0.0,3.3120704
12939,SEPHS2,-122.33079,-3.3120282,0.0,0.0,3.3120282
10275,AKAP12,-110.030846,-3.3119001,0.0,0.0,3.3119001
2205,TLDC2,120.33214,3.311249,0.0,0.0,3.311249
646,FGGY,122.88378,3.3101082,0.0,0.0,3.3101082
876,ZNF41,122.768845,3.3062859,0.0,0.0,3.3062859
2224,SYK,120.226036,3.3057914,0.0,0.0,3.3057914
956,FOXO1,122.72948,3.305768,0.0,0.0,3.305768
714,TMCC1,122.849365,3.3056366,0.0,0.0,3.3056366
12471,GSTM3,-122.15176,-3.3050778,0.0,0.0,3.3050778
1810,ENTPD1,121.819374,3.3045485,0.0,0.0,3.3045485
14135,SRI,-122.616684,-3.3039958,0.0,0.0,3.3039958
10227,CHST5,-109.410126,-3.303656,0.0,0.0,3.303656
2114,DCUN1D2,120.799126,3.3032107,0.0,0.0,3.3032107
2592,DLGAP1-AS4,118.09349,3.302518,0.0,0.0,3.302518
14411,SMS,-122.71099,-3.3024259,0.0,0.0,3.3024259
11594,RGS10,-120.855606,-3.3001244,0.0,0.0,3.3001244
14073,PTP4A2,-122.59807,-3.2994645,0.0,0.0,3.2994645
11842,BICC1,-121.42983,-3.2984354,0.0,0.0,3.2984354
2504,NTNG1,118.765564,3.297563,0.0,0.0,3.297563
2605,CLDN16,117.96803,3.2974858,0.0,0.0,3.2974858
10263,SNCA,-109.89693,-3.297216,0.0,0.0,3.297216
11310,TFPI2,-119.83915,-3.297203,0.0,0.0,3.297203
1877,ERAP2,121.61621,3.2971888,0.0,0.0,3.2971888
679,PARD3,122.868996,3.2962425,0.0,0.0,3.2962425
11116,LYSMD2,-118.98864,-3.2958865,0.0,0.0,3.2958865
2793,IRF4,116.61582,3.2954054,0.0,0.0,3.2954054
13534,PAICS,-122.46061,-3.294594,0.0,0.0,3.294594
11546,CHST13,-120.70277,-3.2945886,0.0,0.0,3.2945886
13167,POLR1E,-122.38987,-3.2933083,0.0,0.0,3.2933083
1421,IKZF3,122.43313,3.2930424,0.0,0.0,3.2930424
14032,AKR7A2,-122.58728,-3.292669,0.0,0.0,3.292669
2099,DAPP1,120.87334,3.2922235,0.0,0.0,3.2922235
1922,OVCH1-AS1,121.498955,3.292152,0.0,0.0,3.292152
3843,MYH7B,102.7045,3.2921238,0.0,0.0,3.2921238
11499,CRB3,-120.56198,-3.292014,0.0,0.0,3.292014
13083,TKFC,-122.3693,-3.291705,0.0,0.0,3.291705
11767,CILP2,-121.28871,-3.2909346,0.0,0.0,3.2909346
12730,EEF1AKMT2,-122.26341,-3.2906659,0.0,0.0,3.2906659
12208,GNAQ,-121.948296,-3.289314,0.0,0.0,3.289314
1595,DOCK8,122.22038,3.2892258,0.0,0.0,3.2892258
10646,PCDH17,-114.78004,-3.2886484,0.0,0.0,3.2886484
1814,SPAAR,121.80883,3.2877378,0.0,0.0,3.2877378
13284,TMED9,-122.41207,-3.2877266,0.0,0.0,3.2877266
2133,AMY2B,120.68729,3.2872567,0.0,0.0,3.2872567
13405,CHCHD5,-122.43756,-3.2868707,0.0,0.0,3.2868707
12949,FIS1,-122.33202,-3.2859678,0.0,0.0,3.2859678
822,DPH1,122.7929,3.2856655,0.0,0.0,3.2856655
13558,PCAT7,-122.466064,-3.2852356,0.0,0.0,3.2852356
12010,GPR183,-121.70803,-3.2833657,0.0,0.0,3.2833657
13152,LAMTOR5,-122.38709,-3.2828085,0.0,0.0,3.2828085
2149,SYCE2,120.61703,3.2822762,0.0,0.0,3.2822762
13230,ATP5PD,-122.403625,-3.281925,0.0,0.0,3.281925
1410,PRKG1-AS1,122.44499,3.28143,0.0,0.0,3.28143
14373,IFT22,-122.69943,-3.2806246,0.0,0.0,3.2806246
10431,TMEM51-AS1,-112.42765,-3.2804496,0.0,0.0,3.2804496
2640,SPTSSB,117.785645,3.2795305,0.0,0.0,3.2795305
2547,LRRN1,118.36906,3.278678,0.0,0.0,3.278678
2446,TMEM72-AS1,119.120056,3.2769675,0.0,0.0,3.2769675
3564,GNB3,107.735535,3.2769473,0.0,0.0,3.2769473
64,DENND1A,123.16895,3.2762372,0.0,0.0,3.2762372
4236,SLC26A7,95.703735,3.2754378,0.0,0.0,3.2754378
12534,MSL3,-122.18963,-3.2753792,0.0,0.0,3.2753792
329,PTPN7,123.01208,3.2747502,0.0,0.0,3.2747502
9850,GABRB2,-102.48398,-3.274705,0.0,0.0,3.274705
9106,GJA5,-82.52565,-3.2741964,0.0,0.0,3.2741964
1459,CFAP58,122.39904,3.273908,0.0,0.0,3.273908
11395,C14orf132,-120.18274,-3.2733016,0.0,0.0,3.2733016
14619,MRPL28,-122.814255,-3.2726345,0.0,0.0,3.2726345
2519,CYP39A1,118.66386,3.2725472,0.0,0.0,3.2725472
2552,ZNF534,118.32874,3.2714176,0.0,0.0,3.2714176
3265,ABHD1,111.68781,3.2712286,0.0,0.0,3.2712286
1924,CECR3,121.494705,3.2700129,0.0,0.0,3.2700129
2798,LINC01134,116.556694,3.268794,0.0,0.0,3.268794
2178,OSGIN1,120.43086,3.2685037,0.0,0.0,3.2685037
1427,CAMK2B,122.43091,3.267631,0.0,0.0,3.267631
14453,ANAPC13,-122.72895,-3.2672899,0.0,0.0,3.2672899
12883,TET1,-122.311356,-3.2671208,0.0,0.0,3.2671208
315,GCC2-AS1,123.02005,3.2664251,0.0,0.0,3.2664251
1741,FLRT1,121.99411,3.266092,0.0,0.0,3.266092
1003,MBNL1,122.70646,3.265755,0.0,0.0,3.265755
1994,SLC14A1,121.31101,3.2655752,0.0,0.0,3.2655752
13772,RFK,-122.5184,-3.2654207,0.0,0.0,3.2654207
348,FANCC,123.0047,3.262294,0.0,0.0,3.262294
13929,CCNI,-122.55441,-3.2609708,0.0,0.0,3.2609708
2340,PRR15L,119.64971,3.2597885,0.0,0.0,3.2597885
11110,TEX38,-118.932785,-3.259771,0.0,0.0,3.259771
2176,ELAVL4,120.43517,3.2584033,0.0,0.0,3.2584033
11589,IL10RB,-120.84045,-3.257935,0.0,0.0,3.257935
14438,MAPRE1,-122.72251,-3.256433,0.0,0.0,3.256433
461,GAB2,122.953995,3.2562785,0.0,0.0,3.2562785
11024,SUSD2,-118.35499,-3.254005,0.0,0.0,3.254005
3580,FAM90A1,107.38856,3.253836,0.0,0.0,3.253836
14608,SNU13,-122.80768,-3.2537637,0.0,0.0,3.2537637
1760,AKR1D1,121.94257,3.2536383,0.0,0.0,3.2536383
12202,CPA1,-121.93918,-3.2518356,0.0,0.0,3.2518356
13151,MAD2L2,-122.387,-3.2512696,0.0,0.0,3.2512696
1251,NFIA,122.57039,3.2509794,0.0,0.0,3.2509794
2487,CPLX2,118.85597,3.250975,0.0,0.0,3.250975
14393,PLOD1,-122.704124,-3.2509737,0.0,0.0,3.2509737
13342,COX6B1,-122.42471,-3.2509007,0.0,0.0,3.2509007
12705,C11orf68,-122.25599,-3.250587,0.0,0.0,3.250587
1339,SPDYA,122.50857,3.2502062,0.0,0.0,3.2502062
12466,MRPL51,-122.1462,-3.2498434,0.0,0.0,3.2498434
1057,GK,122.67422,3.24969,0.0,0.0,3.24969
1680,BHLHE40-AS1,122.08852,3.24947,0.0,0.0,3.24947
13937,BAD,-122.55702,-3.2494493,0.0,0.0,3.2494493
2649,ST6GALNAC1,117.721176,3.2493775,0.0,0.0,3.2493775
1162,WDR7,122.61876,3.2490764,0.0,0.0,3.2490764
1367,ARHGAP26,122.484764,3.248936,0.0,0.0,3.248936
11694,MYD88,-121.10075,-3.2486997,0.0,0.0,3.2486997
10211,MYL1,-109.084816,-3.2477317,0.0,0.0,3.2477317
11887,CEBPA,-121.52556,-3.247256,0.0,0.0,3.247256
397,ZNF81,122.97923,3.247027,0.0,0.0,3.247027
4005,LINC02029,99.61154,3.2469347,0.0,0.0,3.2469347
12861,PLEKHG4B,-122.30512,-3.246886,0.0,0.0,3.246886
2454,JAKMIP1,119.0411,3.246604,0.0,0.0,3.246604
1353,ABHD18,122.49871,3.2459333,0.0,0.0,3.2459333
3476,TMEM116,108.98256,3.245447,0.0,0.0,3.245447
12432,MRPL11,-122.132225,-3.2453413,0.0,0.0,3.2453413
3209,EFCC1,112.353,3.2448447,0.0,0.0,3.2448447
9931,FAM72C,-103.902855,-3.243341,0.0,0.0,3.243341
2303,SYT12,119.8451,3.2429373,0.0,0.0,3.2429373
2262,PRDM16,120.07271,3.2425296,0.0,0.0,3.2425296
10445,SLC16A3,-112.54054,-3.2425044,0.0,0.0,3.2425044
2038,KLHL29,121.163704,3.2420874,0.0,0.0,3.2420874
177,SLC45A4,123.08468,3.2418272,0.0,0.0,3.2418272
2392,NPL,119.39621,3.241814,0.0,0.0,3.241814
2564,TOX,118.270935,3.2415001,0.0,0.0,3.2415001
2957,CARNS1,115.08333,3.2412198,0.0,0.0,3.2412198
12507,SRSF9,-122.17357,-3.2411075,0.0,0.0,3.2411075
1508,CA13,122.345245,3.2410922,0.0,0.0,3.2410922
6734,KIF14,14.447483,-3.2408319,2.6001545883017586e-47,2.7166532369921366e-47,3.2408319
10849,HOXB7,-116.87528,-3.2407532,0.0,0.0,3.2407532
1263,LCLAT1,122.56279,3.2395275,0.0,0.0,3.2395275
1872,MBNL3,121.63295,3.2389138,0.0,0.0,3.2389138
2065,DUSP1,121.05276,3.2388654,0.0,0.0,3.2388654
11923,ZNF300,-121.57845,-3.2384737,0.0,0.0,3.2384737
14311,DPH3,-122.67605,-3.2384026,0.0,0.0,3.2384026
11077,MED14OS,-118.72321,-3.2379432,0.0,0.0,3.2379432
3408,CAT,109.8429,3.2377064,0.0,0.0,3.2377064
13116,SSR3,-122.37565,-3.2375689,0.0,0.0,3.2375689
12048,S100A16,-121.764,-3.2371974,0.0,0.0,3.2371974
11037,CXCR4,-118.43923,-3.2362578,0.0,0.0,3.2362578
11759,HCN4,-121.26855,-3.2338507,0.0,0.0,3.2338507
2581,RFTN2,118.17736,3.233798,0.0,0.0,3.233798
11023,RIN1,-118.35181,-3.233588,0.0,0.0,3.233588
12982,METTL26,-122.3442,-3.2334962,0.0,0.0,3.2334962
821,HEATR5B,122.7932,3.2317295,0.0,0.0,3.2317295
757,RAPGEFL1,122.82457,3.2312486,0.0,0.0,3.2312486
1406,TBC1D2,122.44911,3.2311585,0.0,0.0,3.2311585
3938,KIAA1755,100.77857,3.2311413,0.0,0.0,3.2311413
12047,AP1S1,-121.76178,-3.2304537,0.0,0.0,3.2304537
13864,CLPP,-122.53994,-3.230149,0.0,0.0,3.230149
3191,SGK1,112.55648,3.229039,0.0,0.0,3.229039
12211,DCLRE1B,-121.95136,-3.2289732,0.0,0.0,3.2289732
14026,MRPL57,-122.58332,-3.2288609,0.0,0.0,3.2288609
9070,PTPRZ1,-80.98596,-3.2286577,0.0,0.0,3.2286577
3946,MYBPC3,100.622116,3.2284935,0.0,0.0,3.2284935
2217,SHROOM4,120.264984,3.2273223,0.0,0.0,3.2273223
12428,RBM42,-122.13092,-3.22696,0.0,0.0,3.22696
2408,CTNNA2,119.30901,3.2265701,0.0,0.0,3.2265701
10988,RDH10,-118.104744,-3.2265255,0.0,0.0,3.2265255
13013,C17orf58,-122.35189,-3.2252371,0.0,0.0,3.2252371
12456,RNF26,-122.14343,-3.224807,0.0,0.0,3.224807
12397,GLMP,-122.109146,-3.2226777,0.0,0.0,3.2226777
12339,LRRC3,-122.07119,-3.2222598,0.0,0.0,3.2222598
753,SLC44A3,122.82699,3.2215147,0.0,0.0,3.2215147
13074,PRR5,-122.367325,-3.2208233,0.0,0.0,3.2208233
2458,NRSN2-AS1,119.02401,3.2203329,0.0,0.0,3.2203329
14491,SH3GLB2,-122.74286,-3.2194676,0.0,0.0,3.2194676
2705,COLQ,117.280525,3.2192273,0.0,0.0,3.2192273
1286,ABHD2,122.544235,3.2178512,0.0,0.0,3.2178512
14201,SNX17,-122.63537,-3.2175965,0.0,0.0,3.2175965
921,CEP85L,122.74671,3.2175379,0.0,0.0,3.2175379
14083,PHB2,-122.60118,-3.2170012,0.0,0.0,3.2170012
2701,PPFIBP2,117.28799,3.216296,0.0,0.0,3.216296
11524,SAMD15,-120.646996,-3.2157352,0.0,0.0,3.2157352
9921,MEGF10,-103.61449,-3.215003,0.0,0.0,3.215003
12465,POLR2G,-122.14602,-3.2149274,0.0,0.0,3.2149274
13596,BOD1,-122.475266,-3.2139547,0.0,0.0,3.2139547
8461,LNCTAM34A,-59.209766,-3.2124543,0.0,0.0,3.2124543
10279,C7orf25,-110.09279,-3.2121348,0.0,0.0,3.2121348
12654,NDUFB7,-122.234634,-3.2113721,0.0,0.0,3.2113721
14127,UQCC3,-122.61338,-3.2111592,0.0,0.0,3.2111592
486,TANGO6,122.94681,3.210825,0.0,0.0,3.210825
2000,GLT1D1,121.29015,3.2104805,0.0,0.0,3.2104805
2368,MME,119.500824,3.2099965,0.0,0.0,3.2099965
14505,TRMT6,-122.749954,-3.20883,0.0,0.0,3.20883
11201,EFS,-119.37511,-3.2080843,0.0,0.0,3.2080843
1487,RCAN2,122.36646,3.207738,0.0,0.0,3.207738
901,ZNF552,122.7532,3.2076755,0.0,0.0,3.2076755
1210,FAM185A,122.59268,3.2065282,0.0,0.0,3.2065282
10874,CKMT1A,-117.144844,-3.205786,0.0,0.0,3.205786
1771,DOP1B,121.92511,3.2057853,0.0,0.0,3.2057853
12694,ATP5MC3,-122.250885,-3.205729,0.0,0.0,3.205729
12915,HNRNPK,-122.32511,-3.203724,0.0,0.0,3.203724
13793,DNMT1,-122.52363,-3.2031293,0.0,0.0,3.2031293
9758,CILP,-100.52875,-3.2022994,0.0,0.0,3.2022994
13950,UFC1,-122.56149,-3.2010913,0.0,0.0,3.2010913
1360,PLB1,122.49156,3.2007596,0.0,0.0,3.2007596
10088,LINC00648,-107.13762,-3.1989405,0.0,0.0,3.1989405
11558,GPR75,-120.73676,-3.1965055,0.0,0.0,3.1965055
1616,TSGA13,122.19617,3.1961896,0.0,0.0,3.1961896
12752,NOP56,-122.271065,-3.1960402,0.0,0.0,3.1960402
12138,NALT1,-121.86504,-3.1942708,0.0,0.0,3.1942708
1704,ZNF718,122.05481,3.1932747,0.0,0.0,3.1932747
13590,MMGT1,-122.47448,-3.192802,0.0,0.0,3.192802
12644,KNSTRN,-122.23244,-3.19199,0.0,0.0,3.19199
2210,FAM186B,120.30039,3.1913626,0.0,0.0,3.1913626
9835,DPPA4,-102.19282,-3.191357,0.0,0.0,3.191357
13017,GRN,-122.35238,-3.190912,0.0,0.0,3.190912
2041,COL8A2,121.151245,3.190502,0.0,0.0,3.190502
10553,ACAT2,-113.694336,-3.1904156,0.0,0.0,3.1904156
2492,TBXA2R,118.826294,3.190377,0.0,0.0,3.190377
13845,NIPSNAP1,-122.53652,-3.1896913,0.0,0.0,3.1896913
4708,SLC6A6,85.1202,3.1893737,0.0,0.0,3.1893737
3094,ALDH1A2,113.75541,3.1893709,0.0,0.0,3.1893709
8996,BANCR,-78.48141,-3.1893232,0.0,0.0,3.1893232
9463,LAMP5,-92.94152,-3.1890512,0.0,0.0,3.1890512
12020,HES4,-121.72005,-3.1887825,0.0,0.0,3.1887825
14171,ARPC2,-122.626366,-3.188775,0.0,0.0,3.188775
14792,VEGFB,-122.98979,-3.1884127,0.0,0.0,3.1884127
1103,FBXL13,122.655304,3.1880786,0.0,0.0,3.1880786
13730,PDRG1,-122.507416,-3.1880157,0.0,0.0,3.1880157
12038,C10orf95,-121.74874,-3.18777,0.0,0.0,3.18777
2366,BMP6,119.50798,3.1870332,0.0,0.0,3.1870332
13378,MZT1,-122.43197,-3.1861477,0.0,0.0,3.1861477
12193,SOD1,-121.93178,-3.185911,0.0,0.0,3.185911
3492,LINC02204,108.78289,3.1857486,0.0,0.0,3.1857486
1502,SNHG31,122.35083,3.1851003,0.0,0.0,3.1851003
11853,PSMC3IP,-121.45284,-3.18369,0.0,0.0,3.18369
11766,MTHFD2,-121.28662,-3.1829154,0.0,0.0,3.1829154
2174,HVCN1,120.44976,3.182905,0.0,0.0,3.182905
12616,CASTOR1,-122.22381,-3.1826036,0.0,0.0,3.1826036
14625,GDE1,-122.81698,-3.1825657,0.0,0.0,3.1825657
1261,BABAM2,122.565125,3.1817586,0.0,0.0,3.1817586
2040,CNNM2,121.15706,3.180347,0.0,0.0,3.180347
11777,TUBB4B,-121.30079,-3.180304,0.0,0.0,3.180304
12506,PPM1M,-122.17346,-3.179839,0.0,0.0,3.179839
2940,LINC02712,115.21235,3.179188,0.0,0.0,3.179188
871,RNF217-AS1,122.77082,3.1785293,0.0,0.0,3.1785293
2823,IL1R2,116.34594,3.1770601,0.0,0.0,3.1770601
3291,ANKRD7,111.389824,3.1765602,0.0,0.0,3.1765602
1964,PPFIBP1,121.38832,3.1762152,0.0,0.0,3.1762152
11283,DENND2D,-119.71819,-3.176087,0.0,0.0,3.176087
9064,FZD7,-80.71583,-3.1760235,0.0,0.0,3.1760235
1106,GGT7,122.65347,3.1751401,0.0,0.0,3.1751401
1999,MYBPC2,121.291016,3.1747985,0.0,0.0,3.1747985
791,PHEX,122.80831,3.1744514,0.0,0.0,3.1744514
13379,RNF227,-122.43216,-3.1723382,0.0,0.0,3.1723382
2483,CASP8,118.88694,3.1718497,0.0,0.0,3.1718497
1246,SYNJ2,122.57293,3.171533,0.0,0.0,3.171533
11782,DLK1,-121.31443,-3.1713169,0.0,0.0,3.1713169
9490,TRIP13,-93.78521,-3.1712005,0.0,0.0,3.1712005
14316,ARL1,-122.678665,-3.1688564,0.0,0.0,3.1688564
3606,SLC27A6,107.03787,3.1688426,0.0,0.0,3.1688426
13807,PHF13,-122.5287,-3.168656,0.0,0.0,3.168656
12396,ZFP36L2,-122.10872,-3.168292,0.0,0.0,3.168292
192,POLH-AS1,123.07915,3.1659117,0.0,0.0,3.1659117
1390,VPS13D,122.46673,3.1655462,0.0,0.0,3.1655462
6548,GTSE1,22.927525,-3.165217,2.469852222531889e-116,2.65360607884457e-116,3.165217
11094,SCARF2,-118.85494,-3.1651795,0.0,0.0,3.1651795
14070,ARL5B,-122.59707,-3.1615148,0.0,0.0,3.1615148
8815,FCN1,-72.73721,-3.1592543,0.0,0.0,3.1592543
12683,PPP1CA,-122.24605,-3.1589472,0.0,0.0,3.1589472
14606,PPIF,-122.804726,-3.1580396,0.0,0.0,3.1580396
11962,NKX3-1,-121.641426,-3.1576834,0.0,0.0,3.1576834
627,NDOR1,122.890594,3.156679,0.0,0.0,3.156679
11662,FNDC9,-121.04412,-3.1565,0.0,0.0,3.1565
1538,GRIP1,122.30303,3.1554146,0.0,0.0,3.1554146
226,SLC25A53,123.06317,3.1551018,0.0,0.0,3.1551018
1984,PLCE1-AS2,121.33456,3.1549602,0.0,0.0,3.1549602
12404,FGFRL1,-122.113434,-3.1534262,0.0,0.0,3.1534262
7250,CDCA3,-8.31,-3.1525733,9.570162706564717e-17,9.817062048766172e-17,3.1525733
11623,CBLN3,-120.95662,-3.1524723,0.0,0.0,3.1524723
776,LRRC43,122.8144,3.152256,0.0,0.0,3.152256
1859,RAI2,121.69189,3.1520603,0.0,0.0,3.1520603
11906,ENO3,-121.55274,-3.1513054,0.0,0.0,3.1513054
1270,CD58,122.5612,3.1511621,0.0,0.0,3.1511621
3434,PDZRN4,109.522316,3.151162,0.0,0.0,3.151162
13244,RAP2A,-122.406425,-3.1511118,0.0,0.0,3.1511118
12187,IDI1,-121.92821,-3.1509838,0.0,0.0,3.1509838
1531,ZBTB7C,122.308624,3.1506138,0.0,0.0,3.1506138
2727,GABRA1,117.10422,3.150491,0.0,0.0,3.150491
11117,IKBKE,-118.99237,-3.1502926,0.0,0.0,3.1502926
3759,CYP4V2,104.36286,3.149402,0.0,0.0,3.149402
13137,NORAD,-122.38239,-3.1483536,0.0,0.0,3.1483536
628,RUBCN,122.890205,3.1479099,0.0,0.0,3.1479099
11873,GRWD1,-121.498146,-3.1476576,0.0,0.0,3.1476576
11816,HSPA5,-121.39119,-3.147403,0.0,0.0,3.147403
364,ATXN7L1,122.996635,3.1472094,0.0,0.0,3.1472094
514,NOCT,122.93554,3.1469817,0.0,0.0,3.1469817
1215,LPP,122.58943,3.1468704,0.0,0.0,3.1468704
12315,BMI1,-122.053246,-3.1457016,0.0,0.0,3.1457016
13704,C9orf78,-122.49886,-3.1450841,0.0,0.0,3.1450841
2081,DCLK2,120.97622,3.1444519,0.0,0.0,3.1444519
12052,PPDPF,-121.768486,-3.1422677,0.0,0.0,3.1422677
11910,ERICD,-121.55875,-3.1416926,0.0,0.0,3.1416926
1651,DNAH6,122.139854,3.1414752,0.0,0.0,3.1414752
8262,SOX2,-51.643463,-3.141141,0.0,0.0,3.141141
2076,ZBTB44-DT,120.994934,3.1407816,0.0,0.0,3.1407816
2001,KANK3,121.28638,3.1398048,0.0,0.0,3.1398048
2667,IMPG2,117.60907,3.138488,0.0,0.0,3.138488
1121,LRRFIP2,122.64453,3.1368885,0.0,0.0,3.1368885
11603,NOS3,-120.89936,-3.1364758,0.0,0.0,3.1364758
12364,VMO1,-122.090065,-3.1346269,0.0,0.0,3.1346269
1617,RHCE,122.19529,3.1344464,0.0,0.0,3.1344464
12124,TMEM191B,-121.85301,-3.132781,0.0,0.0,3.132781
10419,NKD1,-112.25522,-3.1323984,0.0,0.0,3.1323984
13299,PSMD6,-122.41576,-3.1319098,0.0,0.0,3.1319098
10878,LYPD3,-117.18164,-3.1315753,0.0,0.0,3.1315753
13366,ERG28,-122.430275,-3.1315012,0.0,0.0,3.1315012
2359,STMND1,119.53297,3.1313179,0.0,0.0,3.1313179
2028,TGFBR2,121.19007,3.1308155,0.0,0.0,3.1308155
10457,FAM111A,-112.698006,-3.1301208,0.0,0.0,3.1301208
1304,TANC1,122.53169,3.1293666,0.0,0.0,3.1293666
2143,PRRG4,120.66371,3.1283696,0.0,0.0,3.1283696
2155,C5orf63,120.5357,3.1277387,0.0,0.0,3.1277387
2994,SERPINB7,114.78247,3.127629,0.0,0.0,3.127629
14014,ZFPM1,-122.57774,-3.1275146,0.0,0.0,3.1275146
9147,STC1,-83.78946,-3.1256013,0.0,0.0,3.1256013
14510,PRMT5,-122.75272,-3.1255553,0.0,0.0,3.1255553
3668,ARHGAP25,105.9619,3.1255376,0.0,0.0,3.1255376
12857,SPCS1,-122.303375,-3.1247566,0.0,0.0,3.1247566
2059,EWSAT1,121.06634,3.1238983,0.0,0.0,3.1238983
13696,PAWR,-122.49722,-3.1224282,0.0,0.0,3.1224282
8735,EIF4EBP3,-69.73157,-3.1223993,0.0,0.0,3.1223993
10222,AQP6,-109.29006,-3.122294,0.0,0.0,3.122294
13121,TOMM34,-122.377266,-3.1219842,0.0,0.0,3.1219842
73,MCM9,123.16183,3.1219666,0.0,0.0,3.1219666
12155,OGFRL1,-121.886475,-3.1212986,0.0,0.0,3.1212986
3752,TSPEAR,104.559555,3.120939,0.0,0.0,3.120939
11212,DHFR,-119.40311,-3.1197965,0.0,0.0,3.1197965
9644,S100B,-98.09778,-3.1195145,0.0,0.0,3.1195145
12667,RANBP1,-122.24163,-3.1195078,0.0,0.0,3.1195078
12265,TNFRSF10D,-122.00983,-3.1188934,0.0,0.0,3.1188934
11088,PTX3,-118.83841,-3.1186552,0.0,0.0,3.1186552
12706,PUSL1,-122.256,-3.1182518,0.0,0.0,3.1182518
13974,GRPEL1,-122.56735,-3.1181548,0.0,0.0,3.1181548
1354,HPCAL1,122.49863,3.1180594,0.0,0.0,3.1180594
10991,AMN,-118.14698,-3.1180024,0.0,0.0,3.1180024
14414,ARF1,-122.71388,-3.1177897,0.0,0.0,3.1177897
11282,SEC11C,-119.71262,-3.1175737,0.0,0.0,3.1175737
1275,ZNF157,122.55697,3.1171393,0.0,0.0,3.1171393
2042,ADAMTS15,121.13506,3.115946,0.0,0.0,3.115946
2229,LINC02356,120.21009,3.1159048,0.0,0.0,3.1159048
2045,KCNH8,121.13063,3.1154737,0.0,0.0,3.1154737
10904,CD79B,-117.363625,-3.114459,0.0,0.0,3.114459
1706,SERHL2,122.05309,3.1141064,0.0,0.0,3.1141064
3453,LINC01270,109.3041,3.113868,0.0,0.0,3.113868
995,MALAT1,122.71195,3.1137874,0.0,0.0,3.1137874
712,ATP2A1,122.851265,3.1133952,0.0,0.0,3.1133952
14540,VDAC2,-122.768906,-3.113243,0.0,0.0,3.113243
12736,CHRAC1,-122.2653,-3.1123724,0.0,0.0,3.1123724
3402,C10orf71,109.93394,3.1120577,0.0,0.0,3.1120577
2377,CASC18,119.46279,3.1115384,0.0,0.0,3.1115384
1453,SYTL3,122.40657,3.1112564,0.0,0.0,3.1112564
11695,NKILA,-121.10078,-3.1100788,0.0,0.0,3.1100788
9531,NPNT,-94.8059,-3.1098247,0.0,0.0,3.1098247
11938,COX7B,-121.613,-3.1094127,0.0,0.0,3.1094127
10093,IRX4,-107.17079,-3.1092129,0.0,0.0,3.1092129
8630,S100A10,-65.34827,-3.1091034,0.0,0.0,3.1091034
13243,NR2F6,-122.40634,-3.108915,0.0,0.0,3.108915
11190,TMPO-AS1,-119.352196,-3.1085815,0.0,0.0,3.1085815
12310,ZNF217,-122.04419,-3.1082883,0.0,0.0,3.1082883
3089,GYPB,113.779015,3.107879,0.0,0.0,3.107879
9701,AMBP,-99.2497,-3.1076186,0.0,0.0,3.1076186
14180,ALDH9A1,-122.62894,-3.1073158,0.0,0.0,3.1073158
4144,BACH1-AS1,97.30397,3.106054,0.0,0.0,3.106054
880,ERAP1,122.76781,3.1057804,0.0,0.0,3.1057804
1510,SORBS2,122.34452,3.1051593,0.0,0.0,3.1051593
11125,DDN,-119.0537,-3.1039677,0.0,0.0,3.1039677
2471,CHST8,118.94803,3.1036315,0.0,0.0,3.1036315
1997,ABTB2,121.30184,3.1035528,0.0,0.0,3.1035528
4615,HBA2,87.472206,3.102174,0.0,0.0,3.102174
14432,POLR2E,-122.72149,-3.1018538,0.0,0.0,3.1018538
12750,CHEK1,-122.27004,-3.1010766,0.0,0.0,3.1010766
14757,GRHPR,-122.938576,-3.101069,0.0,0.0,3.101069
13388,CRNKL1,-122.433914,-3.1006083,0.0,0.0,3.1006083
929,FMNL2,122.74368,3.1004655,0.0,0.0,3.1004655
12189,RPS6KA6,-121.93042,-3.0999942,0.0,0.0,3.0999942
14385,SWI5,-122.70145,-3.099958,0.0,0.0,3.099958
427,DHX35,122.96506,3.099519,0.0,0.0,3.099519
14497,PTTG1IP,-122.74665,-3.0964746,0.0,0.0,3.0964746
11922,NKX2-5,-121.57665,-3.0963135,0.0,0.0,3.0963135
2824,EPAS1,116.33104,3.0960846,0.0,0.0,3.0960846
870,CFAP54,122.7713,3.0934677,0.0,0.0,3.0934677
12325,SH3BP4,-122.05987,-3.092281,0.0,0.0,3.092281
518,MBNL2,122.93415,3.092189,0.0,0.0,3.092189
10698,LAYN,-115.266945,-3.0920613,0.0,0.0,3.0920613
526,AUTS2,122.93043,3.0903497,0.0,0.0,3.0903497
14029,MAP1LC3B,-122.58468,-3.09019,0.0,0.0,3.09019
2031,LRRC36,121.17777,3.0899644,0.0,0.0,3.0899644
2770,OR7A17,116.785706,3.0892777,0.0,0.0,3.0892777
12970,EI24,-122.34128,-3.0890098,0.0,0.0,3.0890098
230,PIGB,123.06035,3.0888162,0.0,0.0,3.0888162
2633,CCDC27,117.83706,3.0887294,0.0,0.0,3.0887294
10070,ST6GAL2,-106.68952,-3.0884643,0.0,0.0,3.0884643
1470,LINC01273,122.39016,3.0882535,0.0,0.0,3.0882535
1738,RAG1,121.99875,3.08742,0.0,0.0,3.08742
2839,GHR,116.15934,3.0868602,0.0,0.0,3.0868602
12209,AGPAT4,-121.9486,-3.086212,0.0,0.0,3.086212
11770,LINC01126,-121.290276,-3.086098,0.0,0.0,3.086098
11532,CRYGN,-120.6672,-3.0857515,0.0,0.0,3.0857515
1742,LATS2-AS1,121.99253,3.0854352,0.0,0.0,3.0854352
89,EXOC4,123.15016,3.0847936,0.0,0.0,3.0847936
14616,SELENOW,-122.81358,-3.0845423,0.0,0.0,3.0845423
606,GNPTAB,122.89967,3.0839908,0.0,0.0,3.0839908
9880,FBN1,-102.98849,-3.0835152,0.0,0.0,3.0835152
9780,GAL,-100.94113,-3.0829647,0.0,0.0,3.0829647
1423,DLGAP4-AS1,122.433075,3.082258,0.0,0.0,3.082258
665,ANKS1A,122.87305,3.0822337,0.0,0.0,3.0822337
14730,PRDX3,-122.914696,-3.0820258,0.0,0.0,3.0820258
12395,SIGMAR1,-122.108536,-3.0819242,0.0,0.0,3.0819242
14145,DRAP1,-122.62006,-3.080897,0.0,0.0,3.080897
13955,GLO1,-122.563255,-3.0807152,0.0,0.0,3.0807152
14409,APEH,-122.71067,-3.079895,0.0,0.0,3.079895
11569,LINC01144,-120.77856,-3.079231,0.0,0.0,3.079231
10861,RAB36,-116.979996,-3.0791261,0.0,0.0,3.0791261
10697,KREMEN2,-115.26283,-3.0786288,0.0,0.0,3.0786288
4939,STEAP4,79.76737,3.0785315,0.0,0.0,3.0785315
10806,FERMT1,-116.39749,-3.0785072,0.0,0.0,3.0785072
1380,FADS3,122.4739,3.0785012,0.0,0.0,3.0785012
2585,SPSB1,118.16021,3.0778599,0.0,0.0,3.0778599
11372,KCNH7,-120.080605,-3.077459,0.0,0.0,3.077459
13915,ANP32E,-122.54939,-3.0773904,0.0,0.0,3.0773904
2306,BIRC3,119.8228,3.0762832,0.0,0.0,3.0762832
2301,SLC35F3,119.85947,3.0754468,0.0,0.0,3.0754468
14011,AP2M1,-122.57727,-3.0738013,0.0,0.0,3.0738013
12430,TRMT5,-122.131355,-3.0716782,0.0,0.0,3.0716782
11378,PRG4,-120.10118,-3.0709066,0.0,0.0,3.0709066
13029,PGLS,-122.3552,-3.0705638,0.0,0.0,3.0705638
271,ZNF420,123.03997,3.0692225,0.0,0.0,3.0692225
8155,PPP1R14B-AS1,-46.996506,-3.068467,0.0,0.0,3.068467
14506,CAPNS1,-122.75,-3.0681355,0.0,0.0,3.0681355
272,BRAF,123.039925,3.067217,0.0,0.0,3.067217
14037,HNRNPH2,-122.588,-3.0670705,0.0,0.0,3.0670705
1968,TEX22,121.37933,3.066522,0.0,0.0,3.066522
9270,HAPLN1,-87.59858,-3.066476,0.0,0.0,3.066476
12476,DNTTIP2,-122.15519,-3.066105,0.0,0.0,3.066105
12569,EEF1AKMT3,-122.2037,-3.0658367,0.0,0.0,3.0658367
317,CNIH3,123.01956,3.0652022,0.0,0.0,3.0652022
2601,MCOLN2,117.99547,3.0649729,0.0,0.0,3.0649729
2964,CYP2J2,115.03362,3.0646706,0.0,0.0,3.0646706
14333,VBP1,-122.68377,-3.0645719,0.0,0.0,3.0645719
1372,SEMA4B,122.483025,3.0644255,0.0,0.0,3.0644255
12927,TWF1,-122.32764,-3.0642023,0.0,0.0,3.0642023
10594,COL9A1,-114.12045,-3.0641167,0.0,0.0,3.0641167
12635,SNRPB2,-122.22894,-3.0641127,0.0,0.0,3.0641127
13224,GTF3C6,-122.402534,-3.064071,0.0,0.0,3.064071
10728,ONECUT2,-115.64393,-3.0640185,0.0,0.0,3.0640185
1328,LRSAM1,122.51451,3.0639,0.0,0.0,3.0639
2067,DRC7,121.04853,3.0628884,0.0,0.0,3.0628884
9228,BRCA2,-86.33139,-3.06241,0.0,0.0,3.06241
360,USP39,122.99909,3.061282,0.0,0.0,3.061282
14635,TLN1,-122.82286,-3.0607693,0.0,0.0,3.0607693
12504,RRAGA,-122.173065,-3.0600173,0.0,0.0,3.0600173
14299,ATP5F1B,-122.67134,-3.0595353,0.0,0.0,3.0595353
13739,LMAN2,-122.50938,-3.0590672,0.0,0.0,3.0590672
11692,SRM,-121.09792,-3.0581603,0.0,0.0,3.0581603
12305,ATRAID,-122.04011,-3.0577142,0.0,0.0,3.0577142
2406,GAS6-AS1,119.331795,3.0571387,0.0,0.0,3.0571387
11435,TMED6,-120.30479,-3.0571377,0.0,0.0,3.0571377
14615,ATP5F1A,-122.81295,-3.0558262,0.0,0.0,3.0558262
3665,SMTN,106.02336,3.0540507,0.0,0.0,3.0540507
13971,ATP6V0B,-122.566956,-3.0535727,0.0,0.0,3.0535727
8442,NXPH4,-58.35988,-3.0533526,0.0,0.0,3.0533526
1036,TMEM168,122.689,3.0526967,0.0,0.0,3.0526967
14004,TMEM183A,-122.57486,-3.0525658,0.0,0.0,3.0525658
11626,FAAP24,-120.95798,-3.0513275,0.0,0.0,3.0513275
14533,ST3GAL3,-122.76469,-3.0507393,0.0,0.0,3.0507393
14061,TMEM167A,-122.59517,-3.0496805,0.0,0.0,3.0496805
1218,FAM151B,122.588135,3.0494611,0.0,0.0,3.0494611
13967,PHF6,-122.5666,-3.0489147,0.0,0.0,3.0489147
12696,NABP2,-122.25231,-3.0485504,0.0,0.0,3.0485504
2423,TENT5C,119.22528,3.0485382,0.0,0.0,3.0485382
1226,AK9,122.58459,3.0483694,0.0,0.0,3.0483694
8304,SGO1,-53.29579,-3.0480492,0.0,0.0,3.0480492
996,KDM4C,122.71159,3.0479286,0.0,0.0,3.0479286
14131,ADO,-122.614555,-3.0477703,0.0,0.0,3.0477703
14159,PTPN18,-122.62318,-3.0476565,0.0,0.0,3.0476565
2134,ALDH3B2,120.68497,3.0472224,0.0,0.0,3.0472224
2272,DGLUCY,119.99395,3.0468876,0.0,0.0,3.0468876
4091,LINC01252,98.268166,3.0458808,0.0,0.0,3.0458808
1425,NFIB,122.43145,3.045154,0.0,0.0,3.045154
2523,ANO2,118.61504,3.044471,0.0,0.0,3.044471
1513,PLPP3,122.33897,3.0442584,0.0,0.0,3.0442584
582,B3GAT2,122.90746,3.043253,0.0,0.0,3.043253
14152,DHRS13,-122.62186,-3.0431619,0.0,0.0,3.0431619
10968,TFPI,-117.97633,-3.0428183,0.0,0.0,3.0428183
2058,OPTC,121.066826,3.0425644,0.0,0.0,3.0425644
13728,TXN2,-122.50678,-3.0417383,0.0,0.0,3.0417383
12141,CACHD1,-121.87283,-3.041645,0.0,0.0,3.041645
1805,PPM1H,121.82991,3.0412235,0.0,0.0,3.0412235
283,DIAPH2,123.03595,3.0411577,0.0,0.0,3.0411577
1637,ZDHHC14,122.16009,3.0410762,0.0,0.0,3.0410762
12924,LSM10,-122.32699,-3.0402765,0.0,0.0,3.0402765
2349,OLFML2B,119.58388,3.0399663,0.0,0.0,3.0399663
845,RUSC2,122.782074,3.039833,0.0,0.0,3.039833
13340,SMARCA5,-122.42462,-3.0389063,0.0,0.0,3.0389063
2456,ITGB1-DT,119.02801,3.0383797,0.0,0.0,3.0383797
14528,FKBP3,-122.76145,-3.036806,0.0,0.0,3.036806
1624,KLHL31,122.18589,3.0361075,0.0,0.0,3.0361075
3631,CAPN14,106.634514,3.0359914,0.0,0.0,3.0359914
9442,LINGO1-AS1,-92.23497,-3.0343876,0.0,0.0,3.0343876
13928,USP1,-122.55415,-3.034317,0.0,0.0,3.034317
5880,CEP55,47.259193,-3.033865,0.0,0.0,3.033865
1124,GANC,122.64279,3.033557,0.0,0.0,3.033557
14095,SSX2IP,-122.60481,-3.0334485,0.0,0.0,3.0334485
14001,PPM1G,-122.57409,-3.0329306,0.0,0.0,3.0329306
2044,UGDH-AS1,121.13087,3.0310473,0.0,0.0,3.0310473
14537,PKM,-122.76698,-3.0303555,0.0,0.0,3.0303555
2351,RIMS1,119.57487,3.0302985,0.0,0.0,3.0302985
8175,MYH4,-47.87876,-3.0298343,0.0,0.0,3.0298343
2245,DPP10,120.131065,3.0297692,0.0,0.0,3.0297692
98,HSPBAP1,123.13909,3.0292659,0.0,0.0,3.0292659
1165,DNAH1,122.61648,3.028718,0.0,0.0,3.028718
1933,SLC9A5,121.465675,3.0268266,0.0,0.0,3.0268266
12842,MYL5,-122.29832,-3.0265,0.0,0.0,3.0265
1740,SERPINB8,121.9952,3.0259435,0.0,0.0,3.0259435
609,LINC01588,122.89906,3.025748,0.0,0.0,3.025748
9699,RASL11B,-99.20346,-3.025674,0.0,0.0,3.025674
14581,NUDT16L1,-122.78673,-3.0255575,0.0,0.0,3.0255575
14583,PIN1,-122.788124,-3.0252447,0.0,0.0,3.0252447
14599,IARS2,-122.79871,-3.0238361,0.0,0.0,3.0238361
1447,PLEKHA5,122.41295,3.0232015,0.0,0.0,3.0232015
910,NUP50-DT,122.75093,3.023024,0.0,0.0,3.023024
991,PXYLP1,122.713974,3.0227623,0.0,0.0,3.0227623
3541,TMEM100,108.10274,3.021857,0.0,0.0,3.021857
12463,COX4I1,-122.14542,-3.0216923,0.0,0.0,3.0216923
14241,LRRC42,-122.6492,-3.0215259,0.0,0.0,3.0215259
2292,DPPA2,119.90832,3.0210779,0.0,0.0,3.0210779
830,C11orf65,122.78898,3.0205886,0.0,0.0,3.0205886
11826,PIP5KL1,-121.39917,-3.0197735,0.0,0.0,3.0197735
1608,AP4B1-AS1,122.205925,3.0195298,0.0,0.0,3.0195298
3340,SLC9A9,110.62557,3.019405,0.0,0.0,3.019405
1062,APBB2,122.67118,3.01873,0.0,0.0,3.01873
1809,PDE3B,121.820526,3.0186656,0.0,0.0,3.0186656
13727,CADM4,-122.506516,-3.0186489,0.0,0.0,3.0186489
1167,FAM53A,122.615776,3.0174687,0.0,0.0,3.0174687
14564,TXNL4A,-122.77898,-3.0169108,0.0,0.0,3.0169108
12868,EIF2S2,-122.30716,-3.016702,0.0,0.0,3.016702
9462,DKK1,-92.914185,-3.015885,0.0,0.0,3.015885
14214,COA6,-122.63866,-3.0154068,0.0,0.0,3.0154068
2457,CPXM2,119.025406,3.0153668,0.0,0.0,3.0153668
13717,MRM2,-122.50289,-3.0149434,0.0,0.0,3.0149434
12053,SMC4,-121.769264,-3.0147812,0.0,0.0,3.0147812
3258,HTR4,111.77062,3.0141284,0.0,0.0,3.0141284
2078,POT1,120.98899,3.01409,0.0,0.0,3.01409
11538,DBNDD1,-120.69054,-3.0130954,0.0,0.0,3.0130954
11917,IER3-AS1,-121.56827,-3.0129511,0.0,0.0,3.0129511
3496,SPATA17,108.70953,3.0126758,0.0,0.0,3.0126758
11079,HSPA12B,-118.738625,-3.0120556,0.0,0.0,3.0120556
1880,LHFPL4,121.602036,3.0095544,0.0,0.0,3.0095544
12590,PSMA7,-122.20897,-3.0092907,0.0,0.0,3.0092907
14567,PARP1,-122.78084,-3.0088603,0.0,0.0,3.0088603
840,CCNT2-AS1,122.78522,3.0084562,0.0,0.0,3.0084562
1888,GRAMD4,121.58753,3.0082326,0.0,0.0,3.0082326
3486,MX2,108.87536,3.0072823,0.0,0.0,3.0072823
1700,EML6,122.06492,3.0072763,0.0,0.0,3.0072763
14309,MRPL49,-122.67553,-3.0069985,0.0,0.0,3.0069985
12156,MTA2,-121.88687,-3.0061421,0.0,0.0,3.0061421
14477,ARMCX3,-122.738235,-3.0061247,0.0,0.0,3.0061247
12519,BYSL,-122.18084,-3.0054853,0.0,0.0,3.0054853
11667,WNT5B,-121.05966,-3.0045328,0.0,0.0,3.0045328
2339,GFOD1,119.652725,3.0041869,0.0,0.0,3.0041869
12084,CPT1C,-121.81089,-3.0033305,0.0,0.0,3.0033305
14789,MOCS2,-122.98693,-3.0030987,0.0,0.0,3.0030987
14463,NOL7,-122.732704,-3.0024858,0.0,0.0,3.0024858
2678,USP2-AS1,117.522026,3.0019863,0.0,0.0,3.0019863
2089,EXOC3L2,120.92668,3.0017908,0.0,0.0,3.0017908
12904,JMJD8,-122.32098,-3.0011966,0.0,0.0,3.0011966
350,FNDC3B,123.00384,3.000461,0.0,0.0,3.000461
1920,UNC13A,121.50507,3.0002158,0.0,0.0,3.0002158
11563,SPR,-120.75732,-2.9999063,0.0,0.0,2.9999063
12033,UQCRB,-121.74322,-2.999634,0.0,0.0,2.999634
10452,ADAP1,-112.64686,-2.9992068,0.0,0.0,2.9992068
14408,ABHD17A,-122.71057,-2.998871,0.0,0.0,2.998871
11482,ACTRT3,-120.48993,-2.9987428,0.0,0.0,2.9987428
684,KANSL1L,122.86622,2.9980109,0.0,0.0,2.9980109
2085,RYR3,120.95669,2.9969523,0.0,0.0,2.9969523
4082,NR4A1,98.35224,2.996932,0.0,0.0,2.996932
1479,CD80,122.37698,2.9951754,0.0,0.0,2.9951754
8265,L1TD1,-51.72197,-2.9950104,0.0,0.0,2.9950104
3488,BCO2,108.83589,2.9945185,0.0,0.0,2.9945185
12306,BLOC1S4,-122.04175,-2.9924326,0.0,0.0,2.9924326
2575,PAX2,118.1944,2.9923556,0.0,0.0,2.9923556
13681,DNAJC8,-122.493904,-2.9922502,0.0,0.0,2.9922502
101,ZSWIM6,123.13592,2.9922225,0.0,0.0,2.9922225
1548,TICAM1,122.28293,2.992026,0.0,0.0,2.992026
10291,FAM181B,-110.3141,-2.9917645,0.0,0.0,2.9917645
8463,GPR19,-59.378563,-2.9910002,0.0,0.0,2.9910002
3176,ACOT11,112.66636,2.9909735,0.0,0.0,2.9909735
13356,HDGFL2,-122.42783,-2.9904418,0.0,0.0,2.9904418
9063,RASL10A,-80.70901,-2.9888813,0.0,0.0,2.9888813
3835,CACNG7,102.88785,2.988517,0.0,0.0,2.988517
12226,PLXNA1,-121.964836,-2.988434,0.0,0.0,2.988434
7525,PIF1,-20.535389,-2.9867861,1.039772883620334e-93,1.1086973640788822e-93,2.9867861
2719,PAXIP1-AS2,117.13313,2.9865267,0.0,0.0,2.9865267
289,TYW1,123.03058,2.9861171,0.0,0.0,2.9861171
2571,BMP8A,118.22007,2.9860377,0.0,0.0,2.9860377
2856,RSPO2,115.98189,2.9855313,0.0,0.0,2.9855313
1822,EXOG,121.79845,2.9854138,0.0,0.0,2.9854138
13858,MRPL47,-122.5386,-2.9845214,0.0,0.0,2.9845214
11533,OR2AG2,-120.68039,-2.9844368,0.0,0.0,2.9844368
13698,CCT4,-122.49758,-2.9821105,0.0,0.0,2.9821105
12347,SIX4,-122.07589,-2.9818416,0.0,0.0,2.9818416
9905,MYH6,-103.3632,-2.9808059,0.0,0.0,2.9808059
1797,SEC14L2,121.849045,2.98057,0.0,0.0,2.98057
9659,CHRNA3,-98.444,-2.9797592,0.0,0.0,2.9797592
3897,ABRA,101.58498,2.9789188,0.0,0.0,2.9789188
12520,CSTB,-122.181076,-2.9784257,0.0,0.0,2.9784257
1899,LRP4-AS1,121.56238,2.9782624,0.0,0.0,2.9782624
1702,SCAPER,122.06099,2.9782472,0.0,0.0,2.9782472
11520,CARMIL2,-120.628365,-2.9781332,0.0,0.0,2.9781332
13097,DSP,-122.37153,-2.9781275,0.0,0.0,2.9781275
1345,AGAP9,122.50256,2.977982,0.0,0.0,2.977982
4653,PTPRB,86.627815,2.9765565,0.0,0.0,2.9765565
12876,ARF5,-122.3097,-2.975862,0.0,0.0,2.975862
32,THADA,123.211555,2.9758184,0.0,0.0,2.9758184
14597,POLR3GL,-122.795586,-2.9748623,0.0,0.0,2.9748623
2999,GPR35,114.709305,2.974751,0.0,0.0,2.974751
11963,EIF1,-121.64495,-2.973934,0.0,0.0,2.973934
14285,MOCS3,-122.66428,-2.9729478,0.0,0.0,2.9729478
10746,CST3,-115.82403,-2.9723485,0.0,0.0,2.9723485
11883,RNASE1,-121.51296,-2.9723172,0.0,0.0,2.9723172
11920,TSC22D3,-121.57284,-2.9722078,0.0,0.0,2.9722078
116,ADGRF3,123.12674,2.9718764,0.0,0.0,2.9718764
11837,KLHL4,-121.41798,-2.9709048,0.0,0.0,2.9709048
13506,WASF1,-122.456184,-2.9708424,0.0,0.0,2.9708424
1141,RIC3,122.63248,2.9707208,0.0,0.0,2.9707208
3583,PSD4,107.37364,2.9703832,0.0,0.0,2.9703832
1667,ARMH1,122.11506,2.9701812,0.0,0.0,2.9701812
3814,LINC01762,103.31735,2.9696705,0.0,0.0,2.9696705
1391,EIF3CL,122.46467,2.9694319,0.0,0.0,2.9694319
2451,CD69,119.06329,2.9693496,0.0,0.0,2.9693496
11220,FAM131C,-119.460236,-2.9689405,0.0,0.0,2.9689405
12518,ORAI2,-122.180275,-2.9689279,0.0,0.0,2.9689279
13901,ZDHHC4,-122.54643,-2.9686565,0.0,0.0,2.9686565
13799,CCDC43,-122.52557,-2.96854,0.0,0.0,2.96854
10489,MIAT,-113.06653,-2.9675865,0.0,0.0,2.9675865
1428,DYSF,122.4301,2.9674404,0.0,0.0,2.9674404
11342,ADD2,-119.94665,-2.9672084,0.0,0.0,2.9672084
9,TASP1,123.25938,2.9669316,0.0,0.0,2.9669316
10836,BASP1,-116.77766,-2.9669104,0.0,0.0,2.9669104
3470,CAMK1D,109.07357,2.9661627,0.0,0.0,2.9661627
10347,PLPP2,-111.39866,-2.965895,0.0,0.0,2.965895
2718,CD101,117.13921,2.9656034,0.0,0.0,2.9656034
1043,RAB28,122.68201,2.9654796,0.0,0.0,2.9654796
11836,RRBP1,-121.41797,-2.9650846,0.0,0.0,2.9650846
1782,FAM13A-AS1,121.89049,2.9640617,0.0,0.0,2.9640617
2495,ZMIZ1-AS1,118.817764,2.9636564,0.0,0.0,2.9636564
2676,FTCDNL1,117.5297,2.96354,0.0,0.0,2.96354
3100,B3GALT2,113.709694,2.962977,0.0,0.0,2.962977
1766,ARHGEF3,121.92908,2.9628365,0.0,0.0,2.9628365
13046,SHISA5,-122.360985,-2.961442,0.0,0.0,2.961442
12279,POLR2J,-122.024506,-2.9612749,0.0,0.0,2.9612749
14656,ARPC5,-122.84436,-2.960172,0.0,0.0,2.960172
3438,STX19,109.473274,2.9590466,0.0,0.0,2.9590466
509,CRLF3,122.93757,2.958464,0.0,0.0,2.958464
3177,SLC44A5,112.66337,2.9584258,0.0,0.0,2.9584258
654,MAP4K3,122.879036,2.9582202,0.0,0.0,2.9582202
1507,SEMA3F-AS1,122.3456,2.958005,0.0,0.0,2.958005
1601,TINCR,122.21582,2.957653,0.0,0.0,2.957653
10055,GCK,-106.44645,-2.9574618,0.0,0.0,2.9574618
10100,CALCRL,-107.25251,-2.9573436,0.0,0.0,2.9573436
10539,BMF,-113.50952,-2.9572372,0.0,0.0,2.9572372
3932,ADAM19,100.91524,2.9568975,0.0,0.0,2.9568975
1330,TAF4B,122.51342,2.956784,0.0,0.0,2.956784
14283,ZBTB42,-122.663124,-2.9561977,0.0,0.0,2.9561977
693,RTTN,122.86137,2.955937,0.0,0.0,2.955937
10019,CD83,-105.84997,-2.9550297,0.0,0.0,2.9550297
1192,SPATA1,122.60405,2.9550154,0.0,0.0,2.9550154
2213,SSC5D,120.28561,2.9548838,0.0,0.0,2.9548838
13180,CEP19,-122.3934,-2.9544828,0.0,0.0,2.9544828
13914,UBTF,-122.549126,-2.954109,0.0,0.0,2.954109
2171,AGAP5,120.45404,2.9539526,0.0,0.0,2.9539526
2833,LINC02691,116.23193,2.9537497,0.0,0.0,2.9537497
11971,ADM5,-121.65628,-2.953604,0.0,0.0,2.953604
12329,ATP5PF,-122.061874,-2.9535356,0.0,0.0,2.9535356
909,ADK,122.751015,2.9531624,0.0,0.0,2.9531624
3881,ADGRF5,101.92817,2.952127,0.0,0.0,2.952127
3205,NBAT1,112.421906,2.951984,0.0,0.0,2.951984
1214,MAGI2,122.59043,2.9517462,0.0,0.0,2.9517462
12819,HPS6,-122.29136,-2.9516258,0.0,0.0,2.9516258
13206,SLC25A11,-122.39932,-2.9510827,0.0,0.0,2.9510827
12858,CXXC5,-122.30338,-2.9509475,0.0,0.0,2.9509475
14329,SLC25A23,-122.68302,-2.9496489,0.0,0.0,2.9496489
163,SLC38A9,123.095985,2.9490597,0.0,0.0,2.9490597
12641,UBXN1,-122.23146,-2.9481764,0.0,0.0,2.9481764
13909,CCNG1,-122.54842,-2.9477768,0.0,0.0,2.9477768
13918,B4GALT2,-122.5501,-2.9473248,0.0,0.0,2.9473248
2020,ADCY2,121.20947,2.9470162,0.0,0.0,2.9470162
633,ATP6V1C2,122.88942,2.946468,0.0,0.0,2.946468
2069,LAMC2,121.02635,2.9444656,0.0,0.0,2.9444656
14544,SMARCA1,-122.77017,-2.942855,0.0,0.0,2.942855
2039,SLC4A3,121.16117,2.9422312,0.0,0.0,2.9422312
545,KLF7,122.923485,2.9420047,0.0,0.0,2.9420047
3021,GMEB1,114.56231,2.9417496,0.0,0.0,2.9417496
2896,LINC01894,115.624115,2.9415488,0.0,0.0,2.9415488
12881,FUNDC1,-122.31073,-2.9411001,0.0,0.0,2.9411001
8547,USP18,-62.57997,-2.9409928,0.0,0.0,2.9409928
12543,TMA7,-122.19456,-2.9403052,0.0,0.0,2.9403052
2904,GALP,115.55973,2.9399416,0.0,0.0,2.9399416
14743,TIMM9,-122.92745,-2.9390922,0.0,0.0,2.9390922
1486,ADORA2A-AS1,122.36738,2.93908,0.0,0.0,2.93908
12095,CASKIN1,-121.82497,-2.9385717,0.0,0.0,2.9385717
13920,TMEM115,-122.55048,-2.9382746,0.0,0.0,2.9382746
1546,TACC2,122.293816,2.9381366,0.0,0.0,2.9381366
2851,RHBG,116.04388,2.9380574,0.0,0.0,2.9380574
2215,LINC01572,120.27351,2.9378407,0.0,0.0,2.9378407
896,ST3GAL6,122.75781,2.9372244,0.0,0.0,2.9372244
13686,CDC42,-122.495415,-2.9369478,0.0,0.0,2.9369478
14097,EIF4H,-122.60548,-2.9367816,0.0,0.0,2.9367816
11474,CD93,-120.46564,-2.9366698,0.0,0.0,2.9366698
12772,DKKL1,-122.27766,-2.9364831,0.0,0.0,2.9364831
9661,RTCA-AS1,-98.549446,-2.9341712,0.0,0.0,2.9341712
12332,ETFB,-122.06452,-2.9337335,0.0,0.0,2.9337335
13020,CCDC51,-122.35347,-2.933433,0.0,0.0,2.933433
12532,UTP3,-122.18904,-2.933252,0.0,0.0,2.933252
14747,VDAC1,-122.929146,-2.932894,0.0,0.0,2.932894
11593,OAZ3,-120.85171,-2.9328508,0.0,0.0,2.9328508
2074,PTPRR,121.001785,2.9327083,0.0,0.0,2.9327083
3701,IL20RA,105.42839,2.931498,0.0,0.0,2.931498
8902,LRAT,-75.37488,-2.9305084,0.0,0.0,2.9305084
2414,PARP9,119.262955,2.9301999,0.0,0.0,2.9301999
1657,RAPH1,122.12925,2.9301276,0.0,0.0,2.9301276
3307,C7orf57,111.10804,2.92991,0.0,0.0,2.92991
12568,MAGOHB,-122.20357,-2.9295778,0.0,0.0,2.9295778
10285,VWDE,-110.19918,-2.929498,0.0,0.0,2.929498
4109,MYL2,97.9568,2.928929,0.0,0.0,2.928929
13796,GDF11,-122.52514,-2.9288647,0.0,0.0,2.9288647
1919,SLC19A2,121.505325,2.9288163,0.0,0.0,2.9288163
12472,SNAPC2,-122.15236,-2.9287972,0.0,0.0,2.9287972
1063,EOGT,122.67066,2.9271903,0.0,0.0,2.9271903
3081,NMRK2,113.87266,2.9269068,0.0,0.0,2.9269068
2996,HSD17B2,114.73065,2.9265084,0.0,0.0,2.9265084
14012,TMEM123,-122.57729,-2.9264882,0.0,0.0,2.9264882
14549,MLF2,-122.772705,-2.9262176,0.0,0.0,2.9262176
3910,DHRS7C,101.321014,2.926025,0.0,0.0,2.926025
1265,PSMD6-AS1,122.56248,2.924023,0.0,0.0,2.924023
1316,SCML1,122.52117,2.9238048,0.0,0.0,2.9238048
828,ZNF782,122.79049,2.922768,0.0,0.0,2.922768
11182,SYT15,-119.31495,-2.9214246,0.0,0.0,2.9214246
9949,THPO,-104.26503,-2.9210467,0.0,0.0,2.9210467
2760,SNAP25-AS1,116.888885,2.9208276,0.0,0.0,2.9208276
2131,SH3TC2,120.708244,2.919966,0.0,0.0,2.919966
1868,SLMAP,121.64669,2.9196787,0.0,0.0,2.9196787
1313,CHST7,122.52214,2.919426,0.0,0.0,2.919426
11126,TBX3,-119.06045,-2.919372,0.0,0.0,2.919372
12864,MAP1S,-122.30585,-2.9190252,0.0,0.0,2.9190252
10772,SLC35G3,-116.01256,-2.9187822,0.0,0.0,2.9187822
1693,NR6A1,122.0741,2.9186778,0.0,0.0,2.9186778
4835,SGIP1,82.307785,2.9177306,0.0,0.0,2.9177306
10254,KIF12,-109.781075,-2.9170918,0.0,0.0,2.9170918
3326,SOX30,110.86169,2.9167855,0.0,0.0,2.9167855
10140,BOC,-108.02183,-2.915391,0.0,0.0,2.915391
1280,STK33,122.55008,2.9137886,0.0,0.0,2.9137886
12668,DPP3,-122.24183,-2.913741,0.0,0.0,2.913741
11564,RPS27L,-120.75886,-2.9135146,0.0,0.0,2.9135146
13136,HNRNPA3,-122.381676,-2.9132557,0.0,0.0,2.9132557
1478,KCNAB2,122.37906,2.9132273,0.0,0.0,2.9132273
12658,DBP,-122.23583,-2.912987,0.0,0.0,2.912987
2415,NTNG2,119.258446,2.9099739,0.0,0.0,2.9099739
2260,PLCB4,120.08721,2.9098547,0.0,0.0,2.9098547
12596,NXT1,-122.21157,-2.907862,0.0,0.0,2.907862
12061,SRGAP2C,-121.78188,-2.9076004,0.0,0.0,2.9076004
3099,AGAP2,113.71733,2.9075692,0.0,0.0,2.9075692
13414,MED7,-122.44048,-2.9058418,0.0,0.0,2.9058418
11856,PRKAR2A-AS1,-121.45671,-2.9055872,0.0,0.0,2.9055872
12761,PUS3,-122.27429,-2.905182,0.0,0.0,2.905182
862,DENND2C,122.776505,2.904937,0.0,0.0,2.904937
14386,AP3S2,-122.70149,-2.904717,0.0,0.0,2.904717
825,ELF1,122.791916,2.9042797,0.0,0.0,2.9042797
483,MICU3,122.94745,2.9031036,0.0,0.0,2.9031036
1906,BBS9,121.536446,2.9027824,0.0,0.0,2.9027824
11599,TYRO3,-120.87032,-2.902478,0.0,0.0,2.902478
13902,THNSL1,-122.54653,-2.9023156,0.0,0.0,2.9023156
14687,NT5C3B,-122.867256,-2.9015543,0.0,0.0,2.9015543
13508,COX7A2L,-122.456764,-2.9011414,0.0,0.0,2.9011414
14060,ANP32A,-122.59438,-2.9010005,0.0,0.0,2.9010005
13129,SCRN1,-122.38037,-2.9008703,0.0,0.0,2.9008703
2298,NRIP2,119.87507,2.9007547,0.0,0.0,2.9007547
12406,LSM3,-122.11621,-2.9006264,0.0,0.0,2.9006264
13325,IKBIP,-122.42125,-2.9003477,0.0,0.0,2.9003477
619,RAD9A,122.89312,2.899173,0.0,0.0,2.899173
9221,RIMS4,-85.953354,-2.8991187,0.0,0.0,2.8991187
1848,KLHL6,121.71713,2.899109,0.0,0.0,2.899109
14255,C21orf91,-122.6541,-2.8990743,0.0,0.0,2.8990743
2679,XAF1,117.50944,2.898716,0.0,0.0,2.898716
12509,DPM3,-122.1752,-2.8964372,0.0,0.0,2.8964372
11454,IFIT1,-120.36965,-2.8962452,0.0,0.0,2.8962452
10934,FAM171B,-117.61097,-2.8961585,0.0,0.0,2.8961585
12974,CWC15,-122.34253,-2.8956578,0.0,0.0,2.8956578
755,NSMCE2,122.82543,2.8945236,0.0,0.0,2.8945236
12076,TSPYL1,-121.80249,-2.8943565,0.0,0.0,2.8943565
12554,DBF4,-122.19875,-2.894152,0.0,0.0,2.894152
14727,PDHA1,-122.90806,-2.894102,0.0,0.0,2.894102
8236,EIF2AK3-DT,-50.600765,-2.8938298,0.0,0.0,2.8938298
12222,PCDHGA7,-121.96278,-2.8934338,0.0,0.0,2.8934338
12573,CEBPG,-122.2048,-2.8925266,0.0,0.0,2.8925266
2427,RFLNA,119.196686,2.8924096,0.0,0.0,2.8924096
695,STAG3,122.86077,2.8920903,0.0,0.0,2.8920903
1067,MFSD2B,122.66845,2.891575,0.0,0.0,2.891575
13111,ZBTB14,-122.37388,-2.8896341,0.0,0.0,2.8896341
3351,B4GALNT1,110.54592,2.8893511,0.0,0.0,2.8893511
10273,PIK3R3,-110.01918,-2.8893495,0.0,0.0,2.8893495
181,VTI1A,123.08338,2.8893485,0.0,0.0,2.8893485
1161,ITPRIP,122.61964,2.8885896,0.0,0.0,2.8885896
2874,CYP2F1,115.81908,2.8877554,0.0,0.0,2.8877554
10447,TESMIN,-112.55861,-2.887513,0.0,0.0,2.887513
12771,RCN2,-122.277145,-2.8863285,0.0,0.0,2.8863285
13068,DYNLRB1,-122.36567,-2.8862407,0.0,0.0,2.8862407
1534,INSR,122.30587,2.8855987,0.0,0.0,2.8855987
11808,CCDC74A,-121.37072,-2.8846226,0.0,0.0,2.8846226
2498,PLA2G7,118.80868,2.8841085,0.0,0.0,2.8841085
11657,VPS37D,-121.03459,-2.883555,0.0,0.0,2.883555
9953,WFDC1,-104.35475,-2.8825355,0.0,0.0,2.8825355
14659,TMEM50A,-122.84492,-2.8825247,0.0,0.0,2.8825247
2159,GRHL1,120.5118,2.8822656,0.0,0.0,2.8822656
13589,BAG5,-122.474396,-2.8800864,0.0,0.0,2.8800864
12588,UQCRH,-122.20862,-2.8799546,0.0,0.0,2.8799546
13451,EIF3A,-122.447975,-2.8798163,0.0,0.0,2.8798163
12841,NDUFB5,-122.29827,-2.8794215,0.0,0.0,2.8794215
1389,SMYD3,122.466805,2.8787541,0.0,0.0,2.8787541
12142,POP5,-121.873505,-2.8786705,0.0,0.0,2.8786705
3253,KCNIP2,111.84785,2.8785977,0.0,0.0,2.8785977
10310,GAREM2,-110.6636,-2.8784134,0.0,0.0,2.8784134
2903,TMEM220-AS1,115.56204,2.8758883,0.0,0.0,2.8758883
10892,CCDC181,-117.25998,-2.875612,0.0,0.0,2.875612
2378,PPP1R13L,119.44371,2.8754468,0.0,0.0,2.8754468
131,PIGL,123.11539,2.875428,0.0,0.0,2.875428
13091,BCL2L12,-122.37047,-2.8752704,0.0,0.0,2.8752704
1697,LINC02099,122.06683,2.8750901,0.0,0.0,2.8750901
685,CDC42BPA,122.866005,2.8748734,0.0,0.0,2.8748734
14367,RTF2,-122.69697,-2.8742166,0.0,0.0,2.8742166
8543,AKR1B15,-62.40192,-2.874184,0.0,0.0,2.874184
2473,NANOG,118.93783,2.8740501,0.0,0.0,2.8740501
2630,LGR5,117.86044,2.873176,0.0,0.0,2.873176
10394,RGS16,-111.975426,-2.871923,0.0,0.0,2.871923
2013,ANKH,121.24829,2.8719046,0.0,0.0,2.8719046
13617,SORD,-122.481544,-2.871734,0.0,0.0,2.871734
14052,MAP2K2,-122.59216,-2.8712811,0.0,0.0,2.8712811
1853,LAMP3,121.7027,2.8710947,0.0,0.0,2.8710947
13261,EFEMP2,-122.40843,-2.8710725,0.0,0.0,2.8710725
452,RIC1,122.956406,2.8701138,0.0,0.0,2.8701138
10484,VILL,-113.036194,-2.8694577,0.0,0.0,2.8694577
3336,SMIM5,110.69626,2.8679929,0.0,0.0,2.8679929
11123,LAG3,-119.03945,-2.8676813,0.0,0.0,2.8676813
9968,GNG2,-104.69609,-2.8674736,0.0,0.0,2.8674736
4600,HDAC2-AS2,87.75644,2.8673677,0.0,0.0,2.8673677
13784,BAK1,-122.52218,-2.867084,0.0,0.0,2.867084
912,CLASP1,122.75078,2.8669174,0.0,0.0,2.8669174
10899,RAB3B,-117.34916,-2.8660889,0.0,0.0,2.8660889
9473,MT1F,-93.24984,-2.8658516,0.0,0.0,2.8658516
1385,GTF2IRD2,122.46924,2.8651984,0.0,0.0,2.8651984
13263,PFDN2,-122.40876,-2.8650296,0.0,0.0,2.8650296
8160,SATB2-AS1,-47.13631,-2.8643508,0.0,0.0,2.8643508
2790,MAP4K3-DT,116.64986,2.8642147,0.0,0.0,2.8642147
11370,CPNE2,-120.07763,-2.864141,0.0,0.0,2.864141
12695,TMEM147,-122.25173,-2.8637843,0.0,0.0,2.8637843
2286,SRRM3,119.925835,2.8636792,0.0,0.0,2.8636792
10115,BIN1,-107.63897,-2.8633997,0.0,0.0,2.8633997
2916,ZFP2,115.460754,2.863341,0.0,0.0,2.863341
12831,THOC7,-122.295616,-2.862673,0.0,0.0,2.862673
2947,PRAM1,115.15306,2.8625596,0.0,0.0,2.8625596
2293,ST14,119.90663,2.8616576,0.0,0.0,2.8616576
8099,PLCG2,-44.92504,-2.8614728,0.0,0.0,2.8614728
14622,EZR,-122.81556,-2.8612633,0.0,0.0,2.8612633
2764,MERTK,116.869896,2.860676,0.0,0.0,2.860676
2489,CD22,118.8435,2.8594592,0.0,0.0,2.8594592
3691,DTWD2,105.52466,2.859219,0.0,0.0,2.859219
10404,PDE1B,-112.10386,-2.8591757,0.0,0.0,2.8591757
13287,FANCF,-122.4134,-2.8591037,0.0,0.0,2.8591037
7635,SPAG4,-25.236235,-2.8590746,1.6039935686223553e-140,1.738568195296218e-140,2.8590746
12299,POLR2K,-122.036285,-2.8578796,0.0,0.0,2.8578796
1623,SLC16A1-AS1,122.18931,2.857801,0.0,0.0,2.857801
13959,FTSJ3,-122.56581,-2.8576717,0.0,0.0,2.8576717
12941,CRTAP,-122.331184,-2.8576226,0.0,0.0,2.8576226
1955,OPRD1,121.406,2.8570793,0.0,0.0,2.8570793
12359,PSMG1,-122.08803,-2.8561327,0.0,0.0,2.8561327
10776,SLFN13,-116.035034,-2.8556569,0.0,0.0,2.8556569
11510,GADD45A,-120.6039,-2.8550568,0.0,0.0,2.8550568
11216,PLEKHB1,-119.44365,-2.8542387,0.0,0.0,2.8542387
12625,SNX12,-122.226395,-2.8535414,0.0,0.0,2.8535414
11355,GLIPR1,-120.02176,-2.8534393,0.0,0.0,2.8534393
11205,ECT2,-119.38436,-2.8523412,0.0,0.0,2.8523412
14513,TADA2B,-122.75388,-2.851624,0.0,0.0,2.851624
14130,YPEL5,-122.61448,-2.8516042,0.0,0.0,2.8516042
2799,REN,116.55642,2.8513072,0.0,0.0,2.8513072
286,USP40,123.03521,2.851303,0.0,0.0,2.851303
1630,ITGA7,122.172,2.851088,0.0,0.0,2.851088
14568,PCYOX1,-122.78219,-2.8506796,0.0,0.0,2.8506796
13103,PPAT,-122.37265,-2.8506227,0.0,0.0,2.8506227
10822,SLC10A5,-116.57674,-2.8502579,0.0,0.0,2.8502579
580,NUDT13,122.90797,2.8499677,0.0,0.0,2.8499677
12270,MPC2,-122.01532,-2.849709,0.0,0.0,2.849709
3422,CAMTA1-DT,109.68645,2.8496087,0.0,0.0,2.8496087
3369,TMEM67,110.323,2.8484585,0.0,0.0,2.8484585
12000,NAP1L5,-121.69306,-2.8472655,0.0,0.0,2.8472655
13917,FGD5-AS1,-122.550064,-2.8469224,0.0,0.0,2.8469224
11321,GPR153,-119.873474,-2.8467305,0.0,0.0,2.8467305
12563,HSPA13,-122.201416,-2.846493,0.0,0.0,2.846493
477,MEIS1,122.94906,2.8462415,0.0,0.0,2.8462415
13112,ANKRD50,-122.37401,-2.8459172,0.0,0.0,2.8459172
12225,NOB1,-121.9636,-2.8455129,0.0,0.0,2.8455129
13851,CD320,-122.53752,-2.8450663,0.0,0.0,2.8450663
13407,STRADA,-122.43778,-2.8442185,0.0,0.0,2.8442185
2506,XKR4,118.752335,2.8441567,0.0,0.0,2.8441567
3066,COL23A1,114.03796,2.8436627,0.0,0.0,2.8436627
11583,C8orf48,-120.82557,-2.8425772,0.0,0.0,2.8425772
10932,OXTR,-117.59814,-2.8413036,0.0,0.0,2.8413036
10274,CHRM3-AS2,-110.01988,-2.841296,0.0,0.0,2.841296
2590,OAS3,118.13017,2.8412373,0.0,0.0,2.8412373
10666,TIMP4,-114.97975,-2.8409834,0.0,0.0,2.8409834
12963,SF3B4,-122.33915,-2.8406775,0.0,0.0,2.8406775
13161,SUB1,-122.38803,-2.8389642,0.0,0.0,2.8389642
3404,CBLC,109.89517,2.8389173,0.0,0.0,2.8389173
1591,TBC1D4,122.2231,2.8383362,0.0,0.0,2.8383362
13078,CBX1,-122.36872,-2.8383105,0.0,0.0,2.8383105
11974,CBR1,-121.66206,-2.8376923,0.0,0.0,2.8376923
1733,UBAP1L,122.01391,2.8372257,0.0,0.0,2.8372257
8139,C6orf141,-46.31822,-2.8360865,0.0,0.0,2.8360865
1789,TSPAN1,121.874,2.8360612,0.0,0.0,2.8360612
1719,GPLD1,122.03398,2.8357568,0.0,0.0,2.8357568
11951,NDUFB2,-121.62432,-2.8356664,0.0,0.0,2.8356664
1710,CEP112,122.04858,2.834905,0.0,0.0,2.834905
10335,SYNPO2L,-111.1924,-2.8348613,0.0,0.0,2.8348613
12653,LDHB,-122.23419,-2.8347082,0.0,0.0,2.8347082
11053,RBM11,-118.53553,-2.8347006,0.0,0.0,2.8347006
12360,PSMC3,-122.08812,-2.8340209,0.0,0.0,2.8340209
12925,CRAMP1,-122.32711,-2.8337338,0.0,0.0,2.8337338
11912,NRAV,-121.562775,-2.8336802,0.0,0.0,2.8336802
1967,SPRY4-AS1,121.381905,2.8336306,0.0,0.0,2.8336306
13357,SRP9,-122.428024,-2.8334813,0.0,0.0,2.8334813
438,NCOA3,122.96183,2.8332057,0.0,0.0,2.8332057
12614,TMEM240,-122.22164,-2.8327374,0.0,0.0,2.8327374
3538,ADGRD1,108.15778,2.8321807,0.0,0.0,2.8321807
1701,ARLNC1,122.06364,2.830405,0.0,0.0,2.830405
858,SELENOO,122.777306,2.8300548,0.0,0.0,2.8300548
650,PEX14,122.88229,2.82883,0.0,0.0,2.82883
3423,PLS3-AS1,109.65306,2.8287868,0.0,0.0,2.8287868
2917,IRF2,115.450745,2.8286295,0.0,0.0,2.8286295
13609,SUGT1,-122.4787,-2.8286092,0.0,0.0,2.8286092
4167,C1QTNF1,97.02685,2.8285415,0.0,0.0,2.8285415
2932,GRK4,115.27673,2.828298,0.0,0.0,2.828298
10146,TGFB2,-108.12133,-2.8280373,0.0,0.0,2.8280373
12793,RTL8A,-122.28277,-2.8279054,0.0,0.0,2.8279054
13882,LSM1,-122.54312,-2.8276358,0.0,0.0,2.8276358
3138,COQ8A,113.22502,2.827403,0.0,0.0,2.827403
3114,GOLGA6L7,113.49587,2.8272398,0.0,0.0,2.8272398
928,RBKS,122.743996,2.82711,0.0,0.0,2.82711
12906,NAA38,-122.32206,-2.8270116,0.0,0.0,2.8270116
10208,PCOLCE,-109.03476,-2.8265047,0.0,0.0,2.8265047
12405,PEX12,-122.114044,-2.8258605,0.0,0.0,2.8258605
13828,ADH5,-122.532166,-2.8258538,0.0,0.0,2.8258538
12007,SDSL,-121.70526,-2.8257177,0.0,0.0,2.8257177
1358,KCTD8,122.49416,2.8251734,0.0,0.0,2.8251734
9944,TMEM151B,-104.09888,-2.824398,0.0,0.0,2.824398
1035,STOX2,122.69127,2.823491,0.0,0.0,2.823491
11218,ORC6,-119.45187,-2.8225272,0.0,0.0,2.8225272
574,USP31,122.910904,2.8223093,0.0,0.0,2.8223093
12806,ARPC3,-122.28754,-2.822198,0.0,0.0,2.822198
12485,MRPS18A,-122.16289,-2.822168,0.0,0.0,2.822168
12775,HNRNPA2B1,-122.27827,-2.821195,0.0,0.0,2.821195
2787,EGFL6,116.66725,2.8208108,0.0,0.0,2.8208108
3682,TRIQK,105.68557,2.820673,0.0,0.0,2.820673
10330,FAM167B,-111.06711,-2.8201654,0.0,0.0,2.8201654
2006,GRID1,121.26926,2.8198175,0.0,0.0,2.8198175
14174,FAM50A,-122.62788,-2.8186758,0.0,0.0,2.8186758
10296,ITLN1,-110.40511,-2.8186347,0.0,0.0,2.8186347
8071,FAM174C,-44.283268,-2.8182795,0.0,0.0,2.8182795
816,ZFAND3,122.79501,2.8182697,0.0,0.0,2.8182697
2181,NPC1L1,120.42015,2.8180566,0.0,0.0,2.8180566
12737,NAGA,-122.265755,-2.8157644,0.0,0.0,2.8157644
12840,TMED1,-122.29817,-2.815063,0.0,0.0,2.815063
6429,PLK1,27.312181,-2.813029,3.0400041613910236e-164,3.322008673562502e-164,2.813029
3652,HDHD5-AS1,106.26973,2.8127856,0.0,0.0,2.8127856
7914,RBP7,-38.362034,-2.8126972,0.0,0.0,2.8126972
10649,TSPEAR-AS1,-114.82383,-2.811924,0.0,0.0,2.811924
5623,UTY,57.793243,2.8118758,0.0,0.0,2.8118758
10871,KCNC3,-117.07577,-2.8118622,0.0,0.0,2.8118622
14229,PPID,-122.645226,-2.8117688,0.0,0.0,2.8117688
12455,UTP11,-122.142204,-2.8112915,0.0,0.0,2.8112915
13400,GTPBP4,-122.436745,-2.811155,0.0,0.0,2.811155
10411,CACNG8,-112.191345,-2.8108234,0.0,0.0,2.8108234
13047,HMGB1,-122.36103,-2.810407,0.0,0.0,2.810407
11629,INTS5,-120.97184,-2.8101466,0.0,0.0,2.8101466
419,NUTM2B-AS1,122.96827,2.8094587,0.0,0.0,2.8094587
3278,LINC01018,111.56226,2.8088536,0.0,0.0,2.8088536
1722,GEMIN7-AS1,122.02702,2.808152,0.0,0.0,2.808152
10676,ANKRD34A,-115.06163,-2.8081121,0.0,0.0,2.8081121
405,NBPF11,122.97561,2.8070767,0.0,0.0,2.8070767
12702,ALG9,-122.25432,-2.8064666,0.0,0.0,2.8064666
1581,PDE4DIP,122.24422,2.8059967,0.0,0.0,2.8059967
3901,STAB1,101.447266,2.8052387,0.0,0.0,2.8052387
10876,CARD9,-117.16183,-2.8045256,0.0,0.0,2.8045256
13968,GLOD4,-122.56684,-2.8044684,0.0,0.0,2.8044684
2318,SLC39A5,119.75668,2.8039474,0.0,0.0,2.8039474
14651,TRIM24,-122.83687,-2.8027632,0.0,0.0,2.8027632
1966,PRKCD,121.38245,2.8022761,0.0,0.0,2.8022761
12264,SYF2,-122.008995,-2.8009949,0.0,0.0,2.8009949
12595,TAX1BP3,-122.21111,-2.8009486,0.0,0.0,2.8009486
11184,GLB1L2,-119.31638,-2.8006325,0.0,0.0,2.8006325
12646,MRPL34,-122.23311,-2.799523,0.0,0.0,2.799523
14112,NUDC,-122.609535,-2.799379,0.0,0.0,2.799379
2460,GRHL3,119.01973,2.7993531,0.0,0.0,2.7993531
3244,METTL25,111.93465,2.7974062,0.0,0.0,2.7974062
12244,PARD6A,-121.99104,-2.7971761,0.0,0.0,2.7971761
2164,SLC25A20,120.48671,2.796282,0.0,0.0,2.796282
14110,PEBP1,-122.60919,-2.79602,0.0,0.0,2.79602
11831,KLHL7-DT,-121.40455,-2.7959664,0.0,0.0,2.7959664
422,FNDC3A,122.96759,2.79578,0.0,0.0,2.79578
12474,PSMG3,-122.15433,-2.7951484,0.0,0.0,2.7951484
2968,CYP2A13,115.00155,2.7949598,0.0,0.0,2.7949598
11735,TWNK,-121.21683,-2.7941208,0.0,0.0,2.7941208
10693,MAP1A,-115.21395,-2.7940948,0.0,0.0,2.7940948
232,RHBDD1,123.058945,2.793852,0.0,0.0,2.793852
2297,SEMA6A-AS2,119.878075,2.7936187,0.0,0.0,2.7936187
13619,PGD,-122.481606,-2.7928429,0.0,0.0,2.7928429
1928,MICAL3,121.48507,2.7923326,0.0,0.0,2.7923326
13520,TALDO1,-122.45837,-2.7918553,0.0,0.0,2.7918553
14183,PHF10,-122.62917,-2.7915869,0.0,0.0,2.7915869
10570,CNN1,-113.83578,-2.7910366,0.0,0.0,2.7910366
8257,DTL,-51.346035,-2.790135,0.0,0.0,2.790135
12492,SNRPG,-122.16556,-2.7894197,0.0,0.0,2.7894197
13043,TMA16,-122.35979,-2.7894168,0.0,0.0,2.7894168
14775,PNKD,-122.96496,-2.7887795,0.0,0.0,2.7887795
14521,MRPS6,-122.756935,-2.7881367,0.0,0.0,2.7881367
12116,EXOSC4,-121.843735,-2.7878532,0.0,0.0,2.7878532
14080,RBX1,-122.59992,-2.7877927,0.0,0.0,2.7877927
13522,CCDC90B,-122.45847,-2.7869947,0.0,0.0,2.7869947
13795,ZNF770,-122.525085,-2.7857687,0.0,0.0,2.7857687
1227,TMEM62,122.583954,2.785317,0.0,0.0,2.785317
14111,PRKAR2B,-122.609245,-2.7847538,0.0,0.0,2.7847538
3345,ITGA2,110.57972,2.7846181,0.0,0.0,2.7846181
11925,TEDC2,-121.58337,-2.7834368,0.0,0.0,2.7834368
11648,GYG1,-121.01932,-2.7825518,0.0,0.0,2.7825518
11164,MIR194-2HG,-119.22296,-2.7821052,0.0,0.0,2.7821052
10541,STMN3,-113.524925,-2.781568,0.0,0.0,2.781568
12260,GNAI1,-122.00549,-2.781365,0.0,0.0,2.781365
9884,EDN1,-103.03639,-2.7812495,0.0,0.0,2.7812495
13041,ZNHIT2,-122.35936,-2.7808323,0.0,0.0,2.7808323
2342,ZNF563,119.62203,2.7808235,0.0,0.0,2.7808235
10495,CSF1,-113.115364,-2.7804713,0.0,0.0,2.7804713
9580,SLC28A3,-96.4798,-2.780196,0.0,0.0,2.780196
9114,AFP,-82.90345,-2.7785926,0.0,0.0,2.7785926
13647,GPR161,-122.48661,-2.7782383,0.0,0.0,2.7782383
12200,ATG101,-121.93846,-2.7763717,0.0,0.0,2.7763717
12069,LMNB2,-121.79763,-2.7759461,0.0,0.0,2.7759461
12031,SLC16A12,-121.73913,-2.7755895,0.0,0.0,2.7755895
13250,SUPT16H,-122.40689,-2.7743428,0.0,0.0,2.7743428
7885,HSPA6,-37.170338,-2.7739534,2.0578278016015233e-302,2.3288549504427463e-302,2.7739534
9634,LINC00342,-97.7161,-2.7732341,0.0,0.0,2.7732341
9692,CDKN1A,-99.04492,-2.7728279,0.0,0.0,2.7728279
2828,NELL1,116.284424,2.7724657,0.0,0.0,2.7724657
13456,NOP14,-122.44871,-2.7723727,0.0,0.0,2.7723727
1314,PTPRJ,122.52135,2.7722716,0.0,0.0,2.7722716
2709,OR2L2,117.25472,2.771413,0.0,0.0,2.771413
14584,RIT1,-122.78911,-2.7712047,0.0,0.0,2.7712047
12055,ZNF579,-121.77437,-2.7707672,0.0,0.0,2.7707672
11995,PI4K2B,-121.68434,-2.769795,0.0,0.0,2.769795
2835,GNRH1,116.20275,2.7693026,0.0,0.0,2.7693026
1255,PINK1-AS,122.56914,2.7690253,0.0,0.0,2.7690253
12318,RIOX1,-122.0555,-2.7688718,0.0,0.0,2.7688718
12408,PRKCSH,-122.1177,-2.7687929,0.0,0.0,2.7687929
3575,LINC01876,107.53919,2.768568,0.0,0.0,2.768568
11560,UQCRQ,-120.74271,-2.7685492,0.0,0.0,2.7685492
11841,UNG,-121.42652,-2.7670388,0.0,0.0,2.7670388
10240,RAI14,-109.68794,-2.7670088,0.0,0.0,2.7670088
12945,EMC6,-122.33157,-2.7669365,0.0,0.0,2.7669365
2801,FSTL5,116.53768,2.7668583,0.0,0.0,2.7668583
11040,GINS1,-118.45122,-2.7666352,0.0,0.0,2.7666352
13466,CDC34,-122.449844,-2.7664523,0.0,0.0,2.7664523
13760,RFXANK,-122.51573,-2.766403,0.0,0.0,2.766403
13972,CMAS,-122.567245,-2.7659607,0.0,0.0,2.7659607
9405,WDR76,-91.3471,-2.7655208,0.0,0.0,2.7655208
2439,C1S,119.15391,2.7653413,0.0,0.0,2.7653413
11136,CLDN1,-119.09593,-2.763361,0.0,0.0,2.763361
12168,EXOSC5,-121.902756,-2.7629833,0.0,0.0,2.7629833
460,DLG1,122.95413,2.7622945,0.0,0.0,2.7622945
14168,HDGFL3,-122.625755,-2.7622914,0.0,0.0,2.7622914
12442,TIMM8B,-122.13735,-2.762149,0.0,0.0,2.762149
12361,TP53RK,-122.08901,-2.7621129,0.0,0.0,2.7621129
12763,LEO1,-122.27563,-2.7618284,0.0,0.0,2.7618284
1813,NBEA,121.81151,2.761191,0.0,0.0,2.761191
3302,SYCP2,111.231415,2.7609575,0.0,0.0,2.7609575
13080,MSH6,-122.3688,-2.760332,0.0,0.0,2.760332
2251,LINC02253,120.110405,2.7602286,0.0,0.0,2.7602286
11709,LUM,-121.13185,-2.7593129,0.0,0.0,2.7593129
2726,SCTR,117.10733,2.7589302,0.0,0.0,2.7589302
10054,FOSB,-106.42059,-2.7589128,0.0,0.0,2.7589128
903,ARHGEF11,122.75276,2.7582839,0.0,0.0,2.7582839
772,NCOA2,122.816444,2.7580462,0.0,0.0,2.7580462
3831,CYBRD1,102.998505,2.7579405,0.0,0.0,2.7579405
588,FHOD1,122.90614,2.7578578,0.0,0.0,2.7578578
2317,TMEM108,119.77351,2.7571967,0.0,0.0,2.7571967
3460,EFEMP1,109.217926,2.7560802,0.0,0.0,2.7560802
10179,EDNRB,-108.64057,-2.7550633,0.0,0.0,2.7550633
12482,TNIP2,-122.16104,-2.754951,0.0,0.0,2.754951
13476,YEATS4,-122.45137,-2.7548757,0.0,0.0,2.7548757
248,MTERF1,123.05299,2.7529974,0.0,0.0,2.7529974
3261,TNFAIP6,111.75877,2.7529035,0.0,0.0,2.7529035
14691,C16orf87,-122.87163,-2.752856,0.0,0.0,2.752856
8448,DSC3,-58.55551,-2.7525768,0.0,0.0,2.7525768
9202,BAALC,-85.5416,-2.7524817,0.0,0.0,2.7524817
760,ACTR3B,122.82287,2.7523668,0.0,0.0,2.7523668
11122,TMEM238,-119.03565,-2.7523127,0.0,0.0,2.7523127
13512,CRIPT,-122.45752,-2.7523105,0.0,0.0,2.7523105
1290,CEP85,122.54116,2.750394,0.0,0.0,2.750394
13222,NRAS,-122.40215,-2.7502012,0.0,0.0,2.7502012
3011,HHIP,114.62229,2.7494974,0.0,0.0,2.7494974
11649,TNFRSF21,-121.021706,-2.7493145,0.0,0.0,2.7493145
1670,KLF12,122.108696,2.7491713,0.0,0.0,2.7491713
13027,CSNK1E,-122.35514,-2.7488685,0.0,0.0,2.7488685
10947,TSHZ2,-117.77065,-2.747537,0.0,0.0,2.747537
799,SFXN5,122.80581,2.7474794,0.0,0.0,2.7474794
2742,IGSF21,117.017845,2.747024,0.0,0.0,2.747024
4619,WWC1,87.39403,2.746636,0.0,0.0,2.746636
2654,LIPH,117.69755,2.7461162,0.0,0.0,2.7461162
12093,BRI3,-121.823494,-2.7450945,0.0,0.0,2.7450945
2007,CP,121.26021,2.7449093,0.0,0.0,2.7449093
13040,PRELID3B,-122.35862,-2.7439172,0.0,0.0,2.7439172
10895,PAPPA-AS1,-117.31575,-2.7438493,0.0,0.0,2.7438493
10559,CYP1A1,-113.750565,-2.7434707,0.0,0.0,2.7434707
12127,TSSC4,-121.85581,-2.7430418,0.0,0.0,2.7430418
2918,NFAM1,115.45059,2.7429945,0.0,0.0,2.7429945
10513,GATA3,-113.286095,-2.742477,0.0,0.0,2.742477
1293,MAPRE2,122.53807,2.7421677,0.0,0.0,2.7421677
12009,BTG1,-121.707306,-2.7419531,0.0,0.0,2.7419531
3676,GP1BA,105.782394,2.7413256,0.0,0.0,2.7413256
11838,ROM1,-121.41972,-2.740962,0.0,0.0,2.740962
13023,MFAP1,-122.354195,-2.7407134,0.0,0.0,2.7407134
1610,PLEKHM3,122.20366,2.740093,0.0,0.0,2.740093
11309,LBR,-119.83642,-2.739581,0.0,0.0,2.739581
13460,HNRNPF,-122.448944,-2.7395449,0.0,0.0,2.7395449
1444,RICTOR,122.41702,2.7395308,0.0,0.0,2.7395308
11918,GSTM2,-121.56931,-2.737996,0.0,0.0,2.737996
13779,GUF1,-122.52045,-2.7379053,0.0,0.0,2.7379053
1147,PHC2,122.6242,2.7372887,0.0,0.0,2.7372887
1211,ETV6,122.591225,2.7372847,0.0,0.0,2.7372847
1636,REEP1,122.16403,2.7368174,0.0,0.0,2.7368174
2889,SFTPD-AS1,115.695915,2.7365,0.0,0.0,2.7365
13921,SMC3,-122.55074,-2.7364745,0.0,0.0,2.7364745
1114,CERS4,122.6472,2.7355282,0.0,0.0,2.7355282
12744,NCBP2,-122.26731,-2.7353656,0.0,0.0,2.7353656
1639,FAM20A,122.15704,2.734606,0.0,0.0,2.734606
11044,MALL,-118.477104,-2.7335868,0.0,0.0,2.7335868
2282,ULK4,119.950516,2.7335591,0.0,0.0,2.7335591
12317,IMP3,-122.05447,-2.7330089,0.0,0.0,2.7330089
11919,RNF113A,-121.572495,-2.732468,0.0,0.0,2.732468
10659,ATP13A5-AS1,-114.92288,-2.7324677,0.0,0.0,2.7324677
2132,ZNF76,120.7055,2.7322707,0.0,0.0,2.7322707
10153,ST3GAL5-AS1,-108.223434,-2.7320516,0.0,0.0,2.7320516
1462,ELOA-AS1,122.39843,2.731953,0.0,0.0,2.731953
11401,AK1,-120.209946,-2.731722,0.0,0.0,2.731722
2367,KLHL34,119.50095,2.7315311,0.0,0.0,2.7315311
1430,PALLD,122.42818,2.7312074,0.0,0.0,2.7312074
12561,TCP1,-122.200745,-2.73091,0.0,0.0,2.73091
2179,KCNH1,120.425934,2.7303722,0.0,0.0,2.7303722
1894,FAM227B,121.57657,2.729762,0.0,0.0,2.729762
12167,PTPN6,-121.896706,-2.729559,0.0,0.0,2.729559
8202,SMOC1,-49.187336,-2.7295506,0.0,0.0,2.7295506
12027,MRPL41,-121.731865,-2.7293358,0.0,0.0,2.7293358
13548,COPS2,-122.46395,-2.7279747,0.0,0.0,2.7279747
14404,IDH3G,-122.7095,-2.7278912,0.0,0.0,2.7278912
8075,SEPTIN7,-44.35461,-2.7278059,0.0,0.0,2.7278059
590,STAG1,122.90588,2.7276711,0.0,0.0,2.7276711
3608,CYP4X1,107.02576,2.727572,0.0,0.0,2.727572
1452,VPS8,122.40854,2.727338,0.0,0.0,2.727338
13790,CCDC117,-122.52308,-2.7273297,0.0,0.0,2.7273297
2470,ABCG8,118.983215,2.7270408,0.0,0.0,2.7270408
2387,CCDC170,119.4172,2.7263844,0.0,0.0,2.7263844
10890,C1orf53,-117.25847,-2.7257864,0.0,0.0,2.7257864
9521,RECQL4,-94.517296,-2.7256706,0.0,0.0,2.7256706
10381,ANKRD65,-111.84408,-2.7251186,0.0,0.0,2.7251186
3528,POLN,108.33401,2.72495,0.0,0.0,2.72495
2290,RFX4,119.91485,2.7248785,0.0,0.0,2.7248785
708,FTO,122.8535,2.7248118,0.0,0.0,2.7248118
11119,ACTC1,-118.99962,-2.724782,0.0,0.0,2.724782
2641,LINC00240,117.783394,2.7244296,0.0,0.0,2.7244296
1441,AMDHD1,122.41892,2.7243755,0.0,0.0,2.7243755
1320,ZSCAN5A,122.51853,2.7243698,0.0,0.0,2.7243698
879,DTNB,122.76841,2.7241771,0.0,0.0,2.7241771
10992,VWA5A,-118.147705,-2.7237802,0.0,0.0,2.7237802
9475,USH1G,-93.310776,-2.723318,0.0,0.0,2.723318
11774,EEF1A2,-121.29739,-2.7230573,0.0,0.0,2.7230573
12336,NDUFC1,-122.06912,-2.7226887,0.0,0.0,2.7226887
12525,TUBG1,-122.18471,-2.7226222,0.0,0.0,2.7226222
14076,CHMP2B,-122.59892,-2.7221024,0.0,0.0,2.7221024
4437,ADGRG3,91.28156,2.7220538,0.0,0.0,2.7220538
13734,CKAP4,-122.5087,-2.721918,0.0,0.0,2.721918
1927,SLC16A9,121.48788,2.721781,0.0,0.0,2.721781
2270,FSIP2-AS1,120.01477,2.7217705,0.0,0.0,2.7217705
13247,DDX19A,-122.4065,-2.7217436,0.0,0.0,2.7217436
13706,GPN3,-122.4997,-2.72116,0.0,0.0,2.72116
7556,C20orf204,-21.76515,-2.7206967,4.964651324909906e-105,5.318219126019416e-105,2.7206967
3349,CLVS2,110.56204,2.7203262,0.0,0.0,2.7203262
13459,RBMX2,-122.44887,-2.7191858,0.0,0.0,2.7191858
1319,TNIK,122.51933,2.7187667,0.0,0.0,2.7187667
3361,FAM184B,110.43215,2.7186701,0.0,0.0,2.7186701
10338,CLDN11,-111.22856,-2.7173986,0.0,0.0,2.7173986
3070,KANTR,114.000534,2.7172127,0.0,0.0,2.7172127
3033,LMO1,114.404396,2.7172048,0.0,0.0,2.7172048
3895,SLC16A10,101.611626,2.7160916,0.0,0.0,2.7160916
1830,SORCS2,121.77613,2.7157826,0.0,0.0,2.7157826
12497,TMED2,-122.16735,-2.715506,0.0,0.0,2.715506
12337,GSK3A,-122.06944,-2.7154632,0.0,0.0,2.7154632
13281,MRPS15,-122.41156,-2.715433,0.0,0.0,2.715433
12191,DDX41,-121.93124,-2.7145271,0.0,0.0,2.7145271
13657,GID8,-122.48928,-2.7141957,0.0,0.0,2.7141957
13492,MRPS26,-122.45465,-2.7140846,0.0,0.0,2.7140846
3086,PRODH,113.81506,2.7128587,0.0,0.0,2.7128587
10440,KCNE5,-112.51847,-2.7128265,0.0,0.0,2.7128265
10157,ANXA2,-108.293434,-2.7119157,0.0,0.0,2.7119157
2239,ZFAND4,120.15164,2.7113802,0.0,0.0,2.7113802
12966,ELOF1,-122.34078,-2.710559,0.0,0.0,2.710559
13404,BCAP31,-122.437386,-2.710553,0.0,0.0,2.710553
2794,MORN5,116.606384,2.7104206,0.0,0.0,2.7104206
14607,SCO1,-122.8058,-2.7100523,0.0,0.0,2.7100523
13525,GEMIN6,-122.45919,-2.7100024,0.0,0.0,2.7100024
12533,IRF2BP1,-122.18948,-2.7098424,0.0,0.0,2.7098424
1225,C16orf96,122.58465,2.7090461,0.0,0.0,2.7090461
2982,RAB30,114.90619,2.7089026,0.0,0.0,2.7089026
13448,EDF1,-122.447105,-2.7083926,0.0,0.0,2.7083926
12324,DISP1,-122.05971,-2.7078605,0.0,0.0,2.7078605
11914,RPP40,-121.56426,-2.707559,0.0,0.0,2.707559
3017,FRRS1L,114.590225,2.7070012,0.0,0.0,2.7070012
11582,MAP1B,-120.82103,-2.7066271,0.0,0.0,2.7066271
1836,DGKD,121.75569,2.7063267,0.0,0.0,2.7063267
10742,RGCC,-115.76709,-2.7042255,0.0,0.0,2.7042255
12587,LRFN3,-122.20839,-2.7037697,0.0,0.0,2.7037697
1987,SMCR5,121.32489,2.7035384,0.0,0.0,2.7035384
12220,TMEM208,-121.96185,-2.7026677,0.0,0.0,2.7026677
10063,SLC10A4,-106.59965,-2.7022357,0.0,0.0,2.7022357
3187,CFAP45,112.59357,2.7018058,0.0,0.0,2.7018058
3372,PALD1,110.27973,2.7008483,0.0,0.0,2.7008483
4684,PVT1,85.91694,2.70081,0.0,0.0,2.70081
94,PIBF1,123.14254,2.7006185,0.0,0.0,2.7006185
13025,SRRD,-122.354576,-2.700414,0.0,0.0,2.700414
2680,ADAM23,117.49076,2.7003493,0.0,0.0,2.7003493
11891,LRRC24,-121.5308,-2.700342,0.0,0.0,2.700342
13494,MRPL58,-122.45484,-2.7000005,0.0,0.0,2.7000005
621,FAM135A,122.891846,2.699621,0.0,0.0,2.699621
11911,COX5A,-121.56149,-2.6978345,0.0,0.0,2.6978345
2200,IGSF22,120.364876,2.697008,0.0,0.0,2.697008
2898,ATRNL1,115.606834,2.6968017,0.0,0.0,2.6968017
7753,FGF5,-30.370626,-2.6963558,1.3422500488992962e-202,1.4819407783239382e-202,2.6963558
12624,TST,-122.22595,-2.69632,0.0,0.0,2.69632
1572,TMEM232,122.25354,2.6949036,0.0,0.0,2.6949036
802,ZHX3,122.8039,2.6941245,0.0,0.0,2.6941245
2949,RELB,115.15252,2.6938176,0.0,0.0,2.6938176
13731,STUB1,-122.50788,-2.6936862,0.0,0.0,2.6936862
2321,GLRB,119.736404,2.6936576,0.0,0.0,2.6936576
1590,LRRC8B,122.223625,2.6930778,0.0,0.0,2.6930778
1819,SAP30L-AS1,121.801735,2.692919,0.0,0.0,2.692919
13869,SUDS3,-122.54102,-2.6928322,0.0,0.0,2.6928322
2323,LINC00877,119.725494,2.6926208,0.0,0.0,2.6926208
11394,NBPF10,-120.17427,-2.690285,0.0,0.0,2.690285
2332,PRMT5-AS1,119.67058,2.6897202,0.0,0.0,2.6897202
14345,EPB41L1,-122.68853,-2.689546,0.0,0.0,2.689546
14671,FAM241B,-122.85559,-2.6886299,0.0,0.0,2.6886299
11788,KRT10,-121.3224,-2.6882043,0.0,0.0,2.6882043
7861,HMGA2-AS1,-36.25053,-2.68685,9.747100385921364e-288,1.0991426841818717e-287,2.68685
7960,DEPDC1B,-40.354763,-2.686765,0.0,0.0,2.686765
12372,PGAM5,-122.09669,-2.6865528,0.0,0.0,2.6865528
13850,BTBD6,-122.53743,-2.6859725,0.0,0.0,2.6859725
14277,USP5,-122.66222,-2.685806,0.0,0.0,2.685806
12823,SLU7,-122.29316,-2.6855056,0.0,0.0,2.6855056
3183,EHHADH,112.606346,2.684922,0.0,0.0,2.684922
14761,PLAGL2,-122.94439,-2.6846085,0.0,0.0,2.6846085
10261,ELOVL6,-109.88646,-2.6845906,0.0,0.0,2.6845906
13173,OPN3,-122.39179,-2.6832309,0.0,0.0,2.6832309
10265,KIF20B,-109.913246,-2.683159,0.0,0.0,2.683159
2283,KLB,119.950035,2.6828732,0.0,0.0,2.6828732
14023,MRPL20,-122.58279,-2.6828003,0.0,0.0,2.6828003
2755,TBX20,116.93076,2.68259,0.0,0.0,2.68259
2800,CA12,116.539665,2.6825304,0.0,0.0,2.6825304
1840,GFI1B,121.75166,2.6823967,0.0,0.0,2.6823967
12899,NANOS1,-122.31972,-2.6817849,0.0,0.0,2.6817849
12540,SLC29A4,-122.19287,-2.6812499,0.0,0.0,2.6812499
12103,ANKEF1,-121.83033,-2.68107,0.0,0.0,2.68107
12216,NDUFB1,-121.96007,-2.6807666,0.0,0.0,2.6807666
1000,ZNF341,122.70892,2.680738,0.0,0.0,2.680738
23,CLASRP,123.224464,2.68012,0.0,0.0,2.68012
2737,JAK2,117.04239,2.679743,0.0,0.0,2.679743
11487,MINCR,-120.513176,-2.6794133,0.0,0.0,2.6794133
8504,ZNF732,-60.932034,-2.67883,0.0,0.0,2.67883
13060,FXR1,-122.363525,-2.6785624,0.0,0.0,2.6785624
11717,C1QTNF12,-121.15193,-2.6773205,0.0,0.0,2.6773205
2160,CAGE1,120.5045,2.6765912,0.0,0.0,2.6765912
11175,EPB41L4A-DT,-119.276024,-2.6764903,0.0,0.0,2.6764903
3283,ZBTB20-AS4,111.52243,2.67632,0.0,0.0,2.67632
12072,DCK,-121.79981,-2.6760318,0.0,0.0,2.6760318
13597,NUCKS1,-122.47577,-2.6756818,0.0,0.0,2.6756818
10378,CELF3,-111.79109,-2.6747265,0.0,0.0,2.6747265
1930,DOK7,121.478035,2.6745324,0.0,0.0,2.6745324
3819,EDN2,103.20049,2.6744528,0.0,0.0,2.6744528
1858,SPAG1,121.6926,2.6742375,0.0,0.0,2.6742375
11464,SMPX,-120.407196,-2.673582,0.0,0.0,2.673582
2024,APOA1-AS,121.19554,2.6735399,0.0,0.0,2.6735399
1658,ZSWIM5,122.128815,2.671823,0.0,0.0,2.671823
11134,TIMELESS,-119.09225,-2.6713917,0.0,0.0,2.6713917
13579,EIF3D,-122.470764,-2.6692927,0.0,0.0,2.6692927
11936,CYCS,-121.61137,-2.6692505,0.0,0.0,2.6692505
12619,FURIN,-122.22416,-2.6690555,0.0,0.0,2.6690555
12845,PSMD2,-122.29927,-2.6689606,0.0,0.0,2.6689606
3342,LPIN3,110.60357,2.6679652,0.0,0.0,2.6679652
8961,WT1,-77.48354,-2.6673782,0.0,0.0,2.6673782
1104,CRTC3,122.6549,2.6672761,0.0,0.0,2.6672761
11488,LINC01625,-120.51396,-2.6668768,0.0,0.0,2.6668768
715,TTC7B,122.8491,2.6661875,0.0,0.0,2.6661875
2452,NR5A2,119.06037,2.6661313,0.0,0.0,2.6661313
13335,TCEA2,-122.42376,-2.6658647,0.0,0.0,2.6658647
682,TNS3,122.866875,2.6651075,0.0,0.0,2.6651075
3056,GSG1,114.172905,2.664978,0.0,0.0,2.664978
8978,SERPINI1,-78.13957,-2.6645825,0.0,0.0,2.6645825
13954,MRPL10,-122.56301,-2.664247,0.0,0.0,2.664247
3768,JAKMIP3,104.21669,2.6642196,0.0,0.0,2.6642196
9325,LAMA1,-89.39956,-2.6642187,0.0,0.0,2.6642187
11576,SORBS3,-120.80693,-2.6639018,0.0,0.0,2.6639018
12814,APEX2,-122.28922,-2.663579,0.0,0.0,2.663579
1241,ATXN1,122.575745,2.6627162,0.0,0.0,2.6627162
11315,IRF2BPL,-119.86472,-2.6614504,0.0,0.0,2.6614504
13893,PTGES3,-122.5446,-2.661287,0.0,0.0,2.661287
8393,CBLN2,-56.60325,-2.6597435,0.0,0.0,2.6597435
2934,GAPLINC,115.271805,2.6591165,0.0,0.0,2.6591165
722,PRDM10,122.844315,2.6587243,0.0,0.0,2.6587243
1209,ZNF213,122.59273,2.6580076,0.0,0.0,2.6580076
13822,TRIR,-122.531296,-2.657904,0.0,0.0,2.657904
733,TENT2,122.83843,2.657893,0.0,0.0,2.657893
12291,MED8,-122.03174,-2.657751,0.0,0.0,2.657751
3452,EDIL3,109.30894,2.6577053,0.0,0.0,2.6577053
11373,RAB42,-120.08485,-2.6575859,0.0,0.0,2.6575859
11844,SMAD9,-121.43334,-2.657547,0.0,0.0,2.657547
12100,CARHSP1,-121.827126,-2.6571715,0.0,0.0,2.6571715
13359,DFFA,-122.42883,-2.6565325,0.0,0.0,2.6565325
11749,TM2D2,-121.25306,-2.6563041,0.0,0.0,2.6563041
14448,FH,-122.72771,-2.6557796,0.0,0.0,2.6557796
2878,ADCK1,115.800575,2.6557531,0.0,0.0,2.6557531
284,ELMOD3,123.03534,2.6543953,0.0,0.0,2.6543953
8170,RALY-AS1,-47.51757,-2.6543376,0.0,0.0,2.6543376
3093,MIR378D2HG,113.76525,2.6542237,0.0,0.0,2.6542237
9346,FAM131B,-89.78203,-2.6541185,0.0,0.0,2.6541185
1420,PTDSS1,122.4339,2.6539881,0.0,0.0,2.6539881
2774,CHRDL1,116.76436,2.6539156,0.0,0.0,2.6539156
10750,STRC,-115.85481,-2.6531045,0.0,0.0,2.6531045
2046,ECHDC3,121.13051,2.6530173,0.0,0.0,2.6530173
2398,TTBK1,119.37322,2.6530025,0.0,0.0,2.6530025
9235,IGFLR1,-86.64937,-2.6526554,0.0,0.0,2.6526554
10576,TLR5,-113.884544,-2.6525638,0.0,0.0,2.6525638
3755,HCLS1,104.45485,2.652472,0.0,0.0,2.652472
12794,EBPL,-122.28283,-2.6521983,0.0,0.0,2.6521983
3102,GLP1R,113.70814,2.6520894,0.0,0.0,2.6520894
13155,HCFC1,-122.38747,-2.6519735,0.0,0.0,2.6519735
3019,DPF3,114.58008,2.6519654,0.0,0.0,2.6519654
3951,CARD16,100.508286,2.6514459,0.0,0.0,2.6514459
8781,TSGA10IP,-71.52462,-2.6508877,0.0,0.0,2.6508877
13239,HAUS1,-122.40552,-2.6501815,0.0,0.0,2.6501815
10438,CD200,-112.49955,-2.6501482,0.0,0.0,2.6501482
12294,NAXE,-122.03264,-2.6498985,0.0,0.0,2.6498985
9512,HHEX,-94.29208,-2.6491551,0.0,0.0,2.6491551
3277,STARD9,111.57949,2.6487849,0.0,0.0,2.6487849
2749,HSPA12A,116.96475,2.6487765,0.0,0.0,2.6487765
1069,TTC28,122.66799,2.6485288,0.0,0.0,2.6485288
11020,RASSF5,-118.34311,-2.648276,0.0,0.0,2.648276
411,HDAC8,122.97193,2.6473205,0.0,0.0,2.6473205
13987,AKAP11,-122.57093,-2.647098,0.0,0.0,2.647098
1551,GJB7,122.27948,2.646369,0.0,0.0,2.646369
14716,ANXA6,-122.89708,-2.6459312,0.0,0.0,2.6459312
14771,ECI1,-122.956474,-2.6451235,0.0,0.0,2.6451235
8252,UPK1A-AS1,-51.234154,-2.645004,0.0,0.0,2.645004
2696,nan,117.3493,2.6421814,0.0,0.0,2.6421814
13502,NASP,-122.45597,-2.6419976,0.0,0.0,2.6419976
14320,BUD23,-122.67945,-2.6419022,0.0,0.0,2.6419022
12366,DCAF13,-122.09169,-2.6415486,0.0,0.0,2.6415486
11383,FRMD6,-120.11402,-2.6409018,0.0,0.0,2.6409018
3280,CCDC175,111.55803,2.6407874,0.0,0.0,2.6407874
1632,SLC2A14,122.16692,2.6397846,0.0,0.0,2.6397846
2015,MGAT4A,121.23627,2.6396606,0.0,0.0,2.6396606
3014,CFAP70,114.61457,2.6396542,0.0,0.0,2.6396542
10217,NEURL1B,-109.2093,-2.6391776,0.0,0.0,2.6391776
12101,BCAM,-121.828064,-2.6391218,0.0,0.0,2.6391218
12565,APH1A,-122.20185,-2.6380072,0.0,0.0,2.6380072
12769,NLE1,-122.2766,-2.6376212,0.0,0.0,2.6376212
2825,CCDC88C,116.33089,2.6370232,0.0,0.0,2.6370232
13402,EIF4B,-122.43719,-2.636277,0.0,0.0,2.636277
13923,YWHAZ,-122.55174,-2.6354387,0.0,0.0,2.6354387
10328,PCDHGB3,-110.98837,-2.634557,0.0,0.0,2.634557
13122,PLPP6,-122.37757,-2.634438,0.0,0.0,2.634438
10045,CDC42EP1,-106.314186,-2.6342185,0.0,0.0,2.6342185
3313,KLK5,111.050415,2.633609,0.0,0.0,2.633609
1818,SPDEF,121.803986,2.6335776,0.0,0.0,2.6335776
1604,CXorf38,122.21363,2.6334674,0.0,0.0,2.6334674
3721,COL21A1,105.21088,2.63322,0.0,0.0,2.63322
193,RNF111,123.07771,2.6327739,0.0,0.0,2.6327739
10743,CDC25B,-115.77757,-2.6326451,0.0,0.0,2.6326451
12936,RAC1,-122.33055,-2.6325955,0.0,0.0,2.6325955
10325,CSPG5,-110.97525,-2.6318882,0.0,0.0,2.6318882
11432,OXT,-120.295616,-2.6317573,0.0,0.0,2.6317573
2421,CMYA5,119.229256,2.6315815,0.0,0.0,2.6315815
13835,PSMD13,-122.5329,-2.63126,0.0,0.0,2.63126
11939,POLR3D,-121.6152,-2.6308594,0.0,0.0,2.6308594
9704,ZFHX2,-99.34356,-2.6302128,0.0,0.0,2.6302128
1450,TRIM54,122.41148,2.6294558,0.0,0.0,2.6294558
12266,UBAC2-AS1,-122.009964,-2.6293402,0.0,0.0,2.6293402
2515,QRICH2,118.70965,2.6292636,0.0,0.0,2.6292636
10580,PCDH10,-113.90547,-2.6285968,0.0,0.0,2.6285968
10965,CDC42BPG,-117.921684,-2.6280885,0.0,0.0,2.6280885
2418,COL26A1,119.23988,2.627419,0.0,0.0,2.627419
13765,UPF1,-122.51687,-2.6274078,0.0,0.0,2.6274078
10382,LINC02315,-111.8461,-2.6269777,0.0,0.0,2.6269777
10198,VASH1,-108.91708,-2.6260414,0.0,0.0,2.6260414
11693,LINC01521,-121.09837,-2.6255655,0.0,0.0,2.6255655
10148,CD9,-108.15261,-2.62489,0.0,0.0,2.62489
2509,AMZ1,118.74595,2.6245377,0.0,0.0,2.6245377
12978,RFC2,-122.34369,-2.6244397,0.0,0.0,2.6244397
1962,LINC00624,121.38939,2.624424,0.0,0.0,2.624424
9007,LINC01117,-78.92117,-2.6242852,0.0,0.0,2.6242852
9181,RASGEF1A,-85.059265,-2.6242194,0.0,0.0,2.6242194
14024,MPI,-122.582886,-2.6239297,0.0,0.0,2.6239297
12454,PIGP,-122.14178,-2.6236005,0.0,0.0,2.6236005
14580,LRRC47,-122.78647,-2.6229575,0.0,0.0,2.6229575
9685,C1orf105,-98.94296,-2.622946,0.0,0.0,2.622946
12022,CTTNBP2,-121.72218,-2.6226087,0.0,0.0,2.6226087
12623,NOL4L,-122.22592,-2.6225305,0.0,0.0,2.6225305
3532,GRAP2,108.23621,2.6223216,0.0,0.0,2.6223216
1579,JADE2,122.24488,2.621002,0.0,0.0,2.621002
3585,EML1,107.35981,2.6207097,0.0,0.0,2.6207097
8615,GBP1,-64.88797,-2.620489,0.0,0.0,2.620489
2745,ZNF135,116.97873,2.6203823,0.0,0.0,2.6203823
541,RIPK1,122.92451,2.6202538,0.0,0.0,2.6202538
14598,PLEKHJ1,-122.79822,-2.620119,0.0,0.0,2.620119
1396,SHLD1,122.45689,2.619809,0.0,0.0,2.619809
3103,MGAT4C,113.69164,2.6192796,0.0,0.0,2.6192796
14561,NFYB,-122.778076,-2.6190796,0.0,0.0,2.6190796
10995,DIO3OS,-118.16873,-2.6189728,0.0,0.0,2.6189728
13821,GPS1,-122.530716,-2.6189516,0.0,0.0,2.6189516
12640,PI4K2A,-122.23137,-2.618736,0.0,0.0,2.618736
1565,XPR1,122.26101,2.6183913,0.0,0.0,2.6183913
2151,SUFU,120.59487,2.6174085,0.0,0.0,2.6174085
13333,MSRB2,-122.42345,-2.6173353,0.0,0.0,2.6173353
1274,AHCYL2,122.557014,2.6169693,0.0,0.0,2.6169693
11120,CKB,-119.00767,-2.6169188,0.0,0.0,2.6169188
12821,POLR1D,-122.292946,-2.6161225,0.0,0.0,2.6161225
13702,DENR,-122.49868,-2.6157367,0.0,0.0,2.6157367
9449,PTGIS,-92.548485,-2.6156917,0.0,0.0,2.6156917
13660,ARPC5L,-122.49045,-2.6144173,0.0,0.0,2.6144173
10985,NYAP1,-118.08568,-2.6130583,0.0,0.0,2.6130583
12851,DDX23,-122.301575,-2.612628,0.0,0.0,2.612628
2852,SLC1A6,116.03744,2.6114287,0.0,0.0,2.6114287
14053,COA5,-122.59228,-2.6113672,0.0,0.0,2.6113672
11901,SNHG7,-121.54004,-2.6112607,0.0,0.0,2.6112607
10756,TM4SF1,-115.88851,-2.6107135,0.0,0.0,2.6107135
14150,PPCS,-122.62049,-2.6106265,0.0,0.0,2.6106265
10362,EIF5AL1,-111.561935,-2.6085727,0.0,0.0,2.6085727
12379,PFDN4,-122.09893,-2.608545,0.0,0.0,2.608545
8686,PLGLB2,-67.60169,-2.6081994,0.0,0.0,2.6081994
1778,GRB14,121.904,2.607698,0.0,0.0,2.607698
12501,NAB2,-122.16888,-2.6068752,0.0,0.0,2.6068752
13316,PSMB2,-122.42006,-2.606333,0.0,0.0,2.606333
12997,JPH3,-122.34783,-2.6054723,0.0,0.0,2.6054723
12804,YDJC,-122.28601,-2.6043754,0.0,0.0,2.6043754
3489,TUBE1,108.79746,2.6041393,0.0,0.0,2.6041393
13662,RPL7L1,-122.49071,-2.6034524,0.0,0.0,2.6034524
12674,MRPL2,-122.243454,-2.6030445,0.0,0.0,2.6030445
12196,HCCS,-121.93371,-2.6020658,0.0,0.0,2.6020658
14347,HLTF,-122.688866,-2.6018355,0.0,0.0,2.6018355
14179,METTL23,-122.62892,-2.6013896,0.0,0.0,2.6013896
9156,DPP10-AS1,-84.077545,-2.6007519,0.0,0.0,2.6007519
12867,ISCA2,-122.306725,-2.600566,0.0,0.0,2.600566
2227,USP43,120.21202,2.60051,0.0,0.0,2.60051
2338,TDRD3,119.65583,2.5999513,0.0,0.0,2.5999513
2417,TMEM220,119.24192,2.5991063,0.0,0.0,2.5991063
13737,IDH3B,-122.50893,-2.5987139,0.0,0.0,2.5987139
2112,POC1B-AS1,120.80869,2.598623,0.0,0.0,2.598623
3001,MOBP,114.69549,2.5984578,0.0,0.0,2.5984578
11557,SERTAD1,-120.730736,-2.5975165,0.0,0.0,2.5975165
1426,SCMH1,122.43105,2.5971286,0.0,0.0,2.5971286
337,REPS1,123.00873,2.596801,0.0,0.0,2.596801
3405,SHE,109.88585,2.5966241,0.0,0.0,2.5966241
3880,EBF2,101.97069,2.596528,0.0,0.0,2.596528
2288,CLDN10,119.92391,2.5965166,0.0,0.0,2.5965166
3647,RHOXF1-AS1,106.339455,2.5964584,0.0,0.0,2.5964584
14298,EHD1,-122.67099,-2.595841,0.0,0.0,2.595841
2795,CD247,116.605896,2.5947514,0.0,0.0,2.5947514
1603,KIF27,122.21372,2.5946805,0.0,0.0,2.5946805
9336,PCDHGA4,-89.57489,-2.594489,0.0,0.0,2.594489
11689,LRCH2,-121.09473,-2.5940313,0.0,0.0,2.5940313
12671,ZNF428,-122.242424,-2.5940292,0.0,0.0,2.5940292
576,ELP4,122.90925,2.5929751,0.0,0.0,2.5929751
13028,CANT1,-122.35518,-2.5921547,0.0,0.0,2.5921547
12204,ZFAND2A,-121.940414,-2.591697,0.0,0.0,2.591697
12015,SFR1,-121.7123,-2.59098,0.0,0.0,2.59098
11996,FOXRED2,-121.68639,-2.5907154,0.0,0.0,2.5907154
1298,PDSS2,122.53623,2.5899045,0.0,0.0,2.5899045
2863,LINC02478,115.92291,2.5895915,0.0,0.0,2.5895915
11086,LIG1,-118.82434,-2.589559,0.0,0.0,2.589559
3334,LINC02754,110.7321,2.589032,0.0,0.0,2.589032
10624,LINC01852,-114.54038,-2.5887082,0.0,0.0,2.5887082
11880,YRDC,-121.50243,-2.5886652,0.0,0.0,2.5886652
10925,DACH1,-117.50195,-2.5879815,0.0,0.0,2.5879815
11497,TP53TG1,-120.55645,-2.5876787,0.0,0.0,2.5876787
139,SNRK,123.11133,2.587596,0.0,0.0,2.587596
9470,DOC2A,-93.14714,-2.5870173,0.0,0.0,2.5870173
12903,ACP1,-122.32084,-2.5867543,0.0,0.0,2.5867543
10603,TAF9B,-114.23008,-2.5866237,0.0,0.0,2.5866237
1824,ARHGAP10,121.78745,2.5865073,0.0,0.0,2.5865073
12274,PABPC1,-122.018555,-2.58605,0.0,0.0,2.58605
12764,TSR1,-122.275696,-2.5852182,0.0,0.0,2.5852182
971,CLIP4,122.72337,2.5851884,0.0,0.0,2.5851884
13752,MMP24OS,-122.51372,-2.5847871,0.0,0.0,2.5847871
4785,TIE1,83.52467,2.58447,0.0,0.0,2.58447
12567,SELENOK,-122.20247,-2.5842736,0.0,0.0,2.5842736
2009,CHRM3,121.25677,2.5840776,0.0,0.0,2.5840776
13890,DCUN1D5,-122.54426,-2.5840588,0.0,0.0,2.5840588
462,TTC17,122.95396,2.5837266,0.0,0.0,2.5837266
3407,TMEM143,109.84417,2.5834148,0.0,0.0,2.5834148
367,TTC27,122.993866,2.5829384,0.0,0.0,2.5829384
11313,LIN28B,-119.84868,-2.5826685,0.0,0.0,2.5826685
12603,PERP,-122.215645,-2.5819647,0.0,0.0,2.5819647
3158,PPP1R12B,112.91995,2.5815666,0.0,0.0,2.5815666
465,HGSNAT,122.9528,2.5814362,0.0,0.0,2.5814362
8298,LINC01224,-53.11468,-2.5811837,0.0,0.0,2.5811837
1014,SARM1,122.7004,2.5804946,0.0,0.0,2.5804946
8833,ARSI,-73.25879,-2.5804203,0.0,0.0,2.5804203
12757,BRD3,-122.27298,-2.5802932,0.0,0.0,2.5802932
12884,B4GALT7,-122.31374,-2.580216,0.0,0.0,2.580216
14480,MAP9,-122.73906,-2.580214,0.0,0.0,2.580214
157,RPS6KC1,123.10216,2.5793977,0.0,0.0,2.5793977
2830,ZNF862,116.27907,2.5792687,0.0,0.0,2.5792687
12836,ATP5PB,-122.297554,-2.5791173,0.0,0.0,2.5791173
10244,STUM,-109.70858,-2.5784006,0.0,0.0,2.5784006
2072,MPP7,121.01746,2.5783317,0.0,0.0,2.5783317
1108,ZXDC,122.65094,2.5779352,0.0,0.0,2.5779352
10540,C9orf50,-113.52068,-2.5777576,0.0,0.0,2.5777576
3380,INSL6,110.176476,2.5770802,0.0,0.0,2.5770802
13754,CCDC137,-122.51409,-2.5765946,0.0,0.0,2.5765946
2730,HTR1E,117.1033,2.576101,0.0,0.0,2.576101
3860,TAFA3,102.47278,2.574892,0.0,0.0,2.574892
1935,HIVEP2,121.442726,2.5745375,0.0,0.0,2.5745375
1588,CFTR,122.22993,2.5744417,0.0,0.0,2.5744417
10043,PREX2,-106.27943,-2.574387,0.0,0.0,2.574387
14030,CHMP3,-122.58537,-2.5741727,0.0,0.0,2.5741727
11961,TBCB,-121.64022,-2.5741668,0.0,0.0,2.5741668
1857,PHLDB2,121.694534,2.5736995,0.0,0.0,2.5736995
10373,LFNG,-111.743866,-2.5731142,0.0,0.0,2.5731142
2572,DNAH2,118.21184,2.5727334,0.0,0.0,2.5727334
12249,GMIP,-121.99446,-2.5723023,0.0,0.0,2.5723023
3288,ZNF233,111.43054,2.572204,0.0,0.0,2.572204
11527,MYL9,-120.653046,-2.572179,0.0,0.0,2.572179
143,TCF12,123.107605,2.5710356,0.0,0.0,2.5710356
12203,FDPS,-121.94013,-2.570872,0.0,0.0,2.570872
13412,GTF3C4,-122.439705,-2.5708408,0.0,0.0,2.5708408
8995,ONECUT1,-78.45798,-2.5708323,0.0,0.0,2.5708323
11802,NCDN,-121.36116,-2.5700765,0.0,0.0,2.5700765
2510,MRTFB,118.73602,2.5700557,0.0,0.0,2.5700557
11278,ITM2B,-119.70071,-2.5697463,0.0,0.0,2.5697463
11622,PCYT2,-120.95623,-2.569182,0.0,0.0,2.569182
2906,MYO3A,115.54985,2.5686204,0.0,0.0,2.5686204
9153,GSC,-83.98211,-2.5681982,0.0,0.0,2.5681982
10813,GAS5-AS1,-116.509636,-2.5678318,0.0,0.0,2.5678318
251,RBM6,123.051735,2.5677075,0.0,0.0,2.5677075
1847,UTS2B,121.72253,2.5676637,0.0,0.0,2.5676637
13735,TSPAN3,-122.508705,-2.567461,0.0,0.0,2.567461
12894,NKAPD1,-122.317116,-2.5667686,0.0,0.0,2.5667686
14041,LSM11,-122.589455,-2.566426,0.0,0.0,2.566426
355,MARK3,123.001076,2.5663528,0.0,0.0,2.5663528
10012,NLGN4X,-105.6797,-2.566321,0.0,0.0,2.566321
2291,SLC4A4,119.91396,2.5662036,0.0,0.0,2.5662036
14045,NAB1,-122.590004,-2.5659587,0.0,0.0,2.5659587
13701,ATP6AP2,-122.497955,-2.565746,0.0,0.0,2.565746
378,ZNF823,122.99028,2.5656796,0.0,0.0,2.5656796
2064,KCNJ13,121.05438,2.5653014,0.0,0.0,2.5653014
1718,AUH,122.034645,2.565094,0.0,0.0,2.565094
3000,SPACA3,114.70164,2.5650406,0.0,0.0,2.5650406
13801,SRPRA,-122.52596,-2.5650346,0.0,0.0,2.5650346
12212,CORO1B,-121.951836,-2.5649192,0.0,0.0,2.5649192
3521,GRIN2A,108.36881,2.564436,0.0,0.0,2.564436
4294,CREB5,94.535805,2.564244,0.0,0.0,2.564244
12296,EMC4,-122.03485,-2.5638993,0.0,0.0,2.5638993
3124,SMIM10L2B-AS1,113.36025,2.5638814,0.0,0.0,2.5638814
10106,LINC01003,-107.41893,-2.5638335,0.0,0.0,2.5638335
11288,DNASE1L2,-119.7394,-2.5633264,0.0,0.0,2.5633264
768,FBXL2,122.81788,2.5631888,0.0,0.0,2.5631888
12615,DNAJC4,-122.22187,-2.563162,0.0,0.0,2.563162
11490,IPO5,-120.52157,-2.562986,0.0,0.0,2.562986
4018,LDHD,99.33948,2.5626798,0.0,0.0,2.5626798
13094,PFKL,-122.371,-2.5625868,0.0,0.0,2.5625868
12215,RPUSD1,-121.95437,-2.562451,0.0,0.0,2.562451
847,STK3,122.780235,2.5618634,0.0,0.0,2.5618634
10224,PYCARD,-109.358376,-2.5617898,0.0,0.0,2.5617898
14509,ALDH3A2,-122.7514,-2.5607421,0.0,0.0,2.5607421
1278,EPS15L1,122.553764,2.5604734,0.0,0.0,2.5604734
14031,ALDH6A1,-122.58711,-2.5599203,0.0,0.0,2.5599203
11128,B3GNT9,-119.06919,-2.5598328,0.0,0.0,2.5598328
14292,TMEM106C,-122.66888,-2.559778,0.0,0.0,2.559778
2803,LINC01301,116.516525,2.5595293,0.0,0.0,2.5595293
2185,VAC14-AS1,120.409004,2.5588684,0.0,0.0,2.5588684
12649,HDAC2,-122.23355,-2.5586143,0.0,0.0,2.5586143
3332,DYRK3,110.753716,2.5583122,0.0,0.0,2.5583122
797,N4BP2L2,122.80671,2.557895,0.0,0.0,2.557895
408,C2orf42,122.97352,2.5578618,0.0,0.0,2.5578618
9832,THSD7A,-102.15188,-2.5573096,0.0,0.0,2.5573096
2961,HSD17B13,115.06191,2.556642,0.0,0.0,2.556642
13598,DCTN6,-122.47591,-2.5559568,0.0,0.0,2.5559568
1654,SLC1A3,122.13346,2.555926,0.0,0.0,2.555926
2569,THSD1,118.246445,2.555041,0.0,0.0,2.555041
266,UBTD1,123.042915,2.5542808,0.0,0.0,2.5542808
13791,TPR,-122.52355,-2.5541809,0.0,0.0,2.5541809
11620,ATP5MC1,-120.941956,-2.5537028,0.0,0.0,2.5537028
13475,MRPL37,-122.451256,-2.5533311,0.0,0.0,2.5533311
2914,ZNF491,115.46391,2.5531747,0.0,0.0,2.5531747
2352,SPTB,119.56936,2.553,0.0,0.0,2.553
2011,TMCO1-AS1,121.25074,2.5527253,0.0,0.0,2.5527253
9893,PRSS23,-103.173065,-2.5521605,0.0,0.0,2.5521605
915,TMEM267,122.748665,2.5517797,0.0,0.0,2.5517797
572,NCOA1,122.91379,2.5517251,0.0,0.0,2.5517251
14098,PDCD2,-122.60597,-2.551605,0.0,0.0,2.551605
9638,CTRL,-97.96622,-2.5506108,0.0,0.0,2.5506108
13101,SMNDC1,-122.37229,-2.5498297,0.0,0.0,2.5498297
969,GMDS,122.72377,2.5490904,0.0,0.0,2.5490904
11135,CCSAP,-119.0948,-2.5490463,0.0,0.0,2.5490463
2400,PAX5,119.36022,2.5490417,0.0,0.0,2.5490417
2060,RFPL3S,121.06422,2.5489607,0.0,0.0,2.5489607
12610,ZNF275,-122.21971,-2.5489118,0.0,0.0,2.5489118
13056,DMAP1,-122.36293,-2.5480597,0.0,0.0,2.5480597
13426,STAT1,-122.44317,-2.5476627,0.0,0.0,2.5476627
13109,SFT2D3,-122.37357,-2.5473418,0.0,0.0,2.5473418
2432,MYH15,119.17794,2.547338,0.0,0.0,2.547338
3365,TMEM65,110.393906,2.5473185,0.0,0.0,2.5473185
3374,ABI3,110.26039,2.547228,0.0,0.0,2.547228
11341,CREG1,-119.943054,-2.5469155,0.0,0.0,2.5469155
14035,PTOV1,-122.58741,-2.546889,0.0,0.0,2.546889
13003,SLIRP,-122.34915,-2.5460649,0.0,0.0,2.5460649
12284,CDKN2AIP,-122.026596,-2.5455487,0.0,0.0,2.5455487
2653,TFR2,117.707726,2.5454888,0.0,0.0,2.5454888
11999,CBX4,-121.69018,-2.545145,0.0,0.0,2.545145
3639,ABCA1,106.52373,2.5450182,0.0,0.0,2.5450182
11496,TBKBP1,-120.55561,-2.5444095,0.0,0.0,2.5444095
2120,CLIP2,120.76319,2.5443614,0.0,0.0,2.5443614
3849,WNK2,102.65479,2.544224,0.0,0.0,2.544224
11937,TMEM177,-121.61154,-2.543818,0.0,0.0,2.543818
12412,PLRG1,-122.12079,-2.5435371,0.0,0.0,2.5435371
2135,PROSER2-AS1,120.678276,2.5427048,0.0,0.0,2.5427048
1176,FAM168A,122.61227,2.5425167,0.0,0.0,2.5425167
803,UNC13B,122.80268,2.5417922,0.0,0.0,2.5417922
11470,TLE6,-120.45528,-2.5414531,0.0,0.0,2.5414531
11381,SMAD5-AS1,-120.103676,-2.5401757,0.0,0.0,2.5401757
11819,MIEN1,-121.394104,-2.5400424,0.0,0.0,2.5400424
13346,PDHB,-122.42532,-2.54002,0.0,0.0,2.54002
11112,SLX1A,-118.96866,-2.5391555,0.0,0.0,2.5391555
1051,FOXO3,122.67909,2.5390425,0.0,0.0,2.5390425
8511,GDF15,-61.414074,-2.5386052,0.0,0.0,2.5386052
12666,PSMA4,-122.24109,-2.5384998,0.0,0.0,2.5384998
4043,IL31RA,98.9991,2.5380993,0.0,0.0,2.5380993
2950,LINC01600,115.149414,2.5379407,0.0,0.0,2.5379407
10575,LGALS9,-113.88114,-2.5376987,0.0,0.0,2.5376987
723,B4GALT1,122.842636,2.5374193,0.0,0.0,2.5374193
11469,SLC39A1,-120.4451,-2.5373566,0.0,0.0,2.5373566
11143,AMER1,-119.13514,-2.5356536,0.0,0.0,2.5356536
9506,LINC02175,-94.21179,-2.5354114,0.0,0.0,2.5354114
10188,EPHB2,-108.72028,-2.5347493,0.0,0.0,2.5347493
9294,C1orf115,-88.34305,-2.5345433,0.0,0.0,2.5345433
2811,GRB7,116.46329,2.5342371,0.0,0.0,2.5342371
13301,BRD7,-122.416176,-2.5335193,0.0,0.0,2.5335193
12107,IRAK1,-121.83416,-2.5329509,0.0,0.0,2.5329509
13663,AHSA1,-122.49083,-2.5327623,0.0,0.0,2.5327623
951,BMPR1A,122.732475,2.532255,0.0,0.0,2.532255
12295,GPRASP2,-122.03373,-2.5320368,0.0,0.0,2.5320368
11746,NDUFA1,-121.24385,-2.531842,0.0,0.0,2.531842
464,VPS54,122.952866,2.5316753,0.0,0.0,2.5316753
13495,TDP2,-122.454994,-2.5310714,0.0,0.0,2.5310714
8890,PMEL,-74.94336,-2.5310352,0.0,0.0,2.5310352
751,UBE2E2,122.82778,2.5306802,0.0,0.0,2.5306802
1799,GCH1,121.83683,2.5298388,0.0,0.0,2.5298388
3533,SLC49A3,108.22725,2.529578,0.0,0.0,2.529578
12560,TRIP6,-122.20069,-2.529439,0.0,0.0,2.529439
3337,ZC2HC1C,110.68213,2.529191,0.0,0.0,2.529191
3801,GPC5-AS1,103.60533,2.528783,0.0,0.0,2.528783
10230,PAPLN,-109.51626,-2.5281613,0.0,0.0,2.5281613
1792,NIPAL2,121.86736,2.5273852,0.0,0.0,2.5273852
13004,TCEA1,-122.34972,-2.526867,0.0,0.0,2.526867
8644,FAIM2,-65.87095,-2.5260906,0.0,0.0,2.5260906
10898,SERINC4,-117.343094,-2.5256245,0.0,0.0,2.5256245
8983,LCN15,-78.1939,-2.5251615,0.0,0.0,2.5251615
9999,CIRBP-AS1,-105.46949,-2.5248098,0.0,0.0,2.5248098
13106,REST,-122.37325,-2.5243297,0.0,0.0,2.5243297
11628,IDH1-AS1,-120.97048,-2.5242825,0.0,0.0,2.5242825
13010,EIF4G1,-122.35084,-2.523831,0.0,0.0,2.523831
13279,MLEC,-122.41103,-2.523689,0.0,0.0,2.523689
12309,IFT20,-122.043724,-2.5236816,0.0,0.0,2.5236816
14181,CLTRN,-122.629005,-2.5232127,0.0,0.0,2.5232127
13636,DDA1,-122.48491,-2.5231261,0.0,0.0,2.5231261
12548,CTSZ,-122.1962,-2.5230978,0.0,0.0,2.5230978
11972,DGKE,-121.65881,-2.522821,0.0,0.0,2.522821
11716,ZNF524,-121.15052,-2.522225,0.0,0.0,2.522225
1769,IFNLR1,121.9252,2.5221887,0.0,0.0,2.5221887
2974,KDM2B-DT,114.94771,2.522164,0.0,0.0,2.522164
2295,IL1RAP,119.898735,2.522097,0.0,0.0,2.522097
11167,GATM,-119.23156,-2.5214632,0.0,0.0,2.5214632
3658,DNAJA4,106.17407,2.5212898,0.0,0.0,2.5212898
8906,DCN,-75.72155,-2.5207489,0.0,0.0,2.5207489
10166,NOP2,-108.46096,-2.5197678,0.0,0.0,2.5197678
11950,KDM6B,-121.62363,-2.5197637,0.0,0.0,2.5197637
13128,NBDY,-122.37936,-2.5192444,0.0,0.0,2.5192444
10868,HMGA1P4,-117.06226,-2.5181656,0.0,0.0,2.5181656
10542,ZDHHC23,-113.5286,-2.518017,0.0,0.0,2.518017
2681,ARHGEF37,117.47054,2.5179143,0.0,0.0,2.5179143
11534,LINC01569,-120.68213,-2.5170972,0.0,0.0,2.5170972
8557,EFNA2,-62.854805,-2.5155146,0.0,0.0,2.5155146
12109,C17orf67,-121.83886,-2.5154378,0.0,0.0,2.5154378
3907,LRRC39,101.35976,2.5153797,0.0,0.0,2.5153797
2615,SHISAL2A,117.93399,2.5151212,0.0,0.0,2.5151212
3078,PART1,113.908905,2.514712,0.0,0.0,2.514712
2853,IL4I1,116.02275,2.5143907,0.0,0.0,2.5143907
12346,LSM5,-122.07468,-2.5143375,0.0,0.0,2.5143375
13856,WDR1,-122.53816,-2.5138786,0.0,0.0,2.5138786
13749,TMEM9,-122.51334,-2.5137691,0.0,0.0,2.5137691
12944,HEBP1,-122.331345,-2.513005,0.0,0.0,2.513005
2542,FHOD3,118.440094,2.5126317,0.0,0.0,2.5126317
2372,CCDC148,119.487976,2.5120065,0.0,0.0,2.5120065
4694,PID1,85.60153,2.5119038,0.0,0.0,2.5119038
3071,SPOCK3,113.971405,2.511749,0.0,0.0,2.511749
1461,BACE2,122.39865,2.511707,0.0,0.0,2.511707
10751,SOWAHC,-115.85665,-2.5111334,0.0,0.0,2.5111334
10839,ZEB2-AS1,-116.79201,-2.5111225,0.0,0.0,2.5111225
3406,MAL,109.88584,2.5106084,0.0,0.0,2.5106084
2111,SMYD2,120.81097,2.5100236,0.0,0.0,2.5100236
3153,LINC01277,113.00938,2.5097742,0.0,0.0,2.5097742
9026,ZFP42,-79.435036,-2.50964,0.0,0.0,2.50964
2365,SLC35D1,119.50894,2.5095997,0.0,0.0,2.5095997
2741,TMLHE,117.0179,2.5090322,0.0,0.0,2.5090322
10363,FGFR4,-111.564384,-2.5089676,0.0,0.0,2.5089676
12787,EXOC8,-122.28129,-2.5087795,0.0,0.0,2.5087795
14471,DNAJC21,-122.735016,-2.5087664,0.0,0.0,2.5087664
11130,PRKCZ-AS1,-119.07769,-2.5082514,0.0,0.0,2.5082514
13711,CRCP,-122.50138,-2.508118,0.0,0.0,2.508118
10578,LINC00853,-113.89229,-2.5070236,0.0,0.0,2.5070236
10020,VASH2,-105.85525,-2.5068972,0.0,0.0,2.5068972
2545,PPP1R13B,118.397644,2.5067675,0.0,0.0,2.5067675
11270,TCN2,-119.672844,-2.5066345,0.0,0.0,2.5066345
8717,KCNA7,-68.91238,-2.5061967,0.0,0.0,2.5061967
1407,SSH2,122.44731,2.50582,0.0,0.0,2.50582
1397,TBC1D5,122.45602,2.5055707,0.0,0.0,2.5055707
3534,ANPEP,108.22262,2.5046875,0.0,0.0,2.5046875
14243,GOLGA7,-122.650345,-2.5037806,0.0,0.0,2.5037806
10936,KLHDC9,-117.633415,-2.5026548,0.0,0.0,2.5026548
2842,ICA1,116.12888,2.5024042,0.0,0.0,2.5024042
12105,NIP7,-121.832085,-2.5016775,0.0,0.0,2.5016775
2080,TRAK1,120.98268,2.5016627,0.0,0.0,2.5016627
13231,NUDT21,-122.40368,-2.5014567,0.0,0.0,2.5014567
11195,LINC01686,-119.35634,-2.5009143,0.0,0.0,2.5009143
1619,ZNF44,122.19383,2.500734,0.0,0.0,2.500734
3853,NDRG3,102.61675,2.5005422,0.0,0.0,2.5005422
1091,MCPH1-AS1,122.66011,2.4995298,0.0,0.0,2.4995298
268,AKAP10,123.042305,2.4986625,0.0,0.0,2.4986625
13337,ERGIC3,-122.42446,-2.4979973,0.0,0.0,2.4979973
553,MLLT10,122.92041,2.497949,0.0,0.0,2.497949
10880,CCL27,-117.209755,-2.497692,0.0,0.0,2.497692
14203,GPN1,-122.6363,-2.497231,0.0,0.0,2.497231
622,DHRS7B,122.8917,2.4968853,0.0,0.0,2.4968853
2841,GHRHR,116.145515,2.4967008,0.0,0.0,2.4967008
2784,GMPR,116.68158,2.496642,0.0,0.0,2.496642
12809,KXD1,-122.28815,-2.4965408,0.0,0.0,2.4965408
735,SNAP23,122.83828,2.496288,0.0,0.0,2.496288
2655,ZNF487,117.68868,2.4958792,0.0,0.0,2.4958792
648,MKLN1,122.88281,2.4958088,0.0,0.0,2.4958088
1050,GBF1,122.67936,2.4958065,0.0,0.0,2.4958065
2761,DDC,116.886856,2.4953866,0.0,0.0,2.4953866
1170,SGK3,122.6149,2.4944866,0.0,0.0,2.4944866
3251,ADCY5,111.85219,2.4944048,0.0,0.0,2.4944048
11835,ZMAT3,-121.411674,-2.494137,0.0,0.0,2.494137
13354,ZNF22,-122.426506,-2.493709,0.0,0.0,2.493709
3279,FHL1,111.55983,2.493498,0.0,0.0,2.493498
10239,RELN,-109.6632,-2.493257,0.0,0.0,2.493257
2148,ATP6V0E2-AS1,120.62675,2.4926496,0.0,0.0,2.4926496
10437,ZNF469,-112.475395,-2.4924724,0.0,0.0,2.4924724
3300,LSAMP,111.248245,2.4924653,0.0,0.0,2.4924653
699,SLC9A8,122.85838,2.4914634,0.0,0.0,2.4914634
3077,DAB1,113.91125,2.4914606,0.0,0.0,2.4914606
2003,CELF2,121.285614,2.4911904,0.0,0.0,2.4911904
3420,FLI1,109.73526,2.4904368,0.0,0.0,2.4904368
2121,LLPH-DT,120.74907,2.4895988,0.0,0.0,2.4895988
10953,TRIM73,-117.82932,-2.489475,0.0,0.0,2.489475
11947,THAP1,-121.622086,-2.489041,0.0,0.0,2.489041
2477,SYT17,118.915276,2.488472,0.0,0.0,2.488472
9441,INAVA,-92.23213,-2.4884608,0.0,0.0,2.4884608
9962,RACGAP1,-104.4994,-2.488121,0.0,0.0,2.488121
10047,CA9,-106.35729,-2.4879797,0.0,0.0,2.4879797
3421,GZMM,109.69078,2.487593,0.0,0.0,2.487593
2869,DENND1B,115.884094,2.4874525,0.0,0.0,2.4874525
2707,SIM2,117.273315,2.4873633,0.0,0.0,2.4873633
1186,PEAK1,122.60718,2.4872227,0.0,0.0,2.4872227
13009,ARL6IP4,-122.35053,-2.4849112,0.0,0.0,2.4849112
5581,KIF2C,59.17784,-2.483233,0.0,0.0,2.483233
11666,CACNB1,-121.05943,-2.4824414,0.0,0.0,2.4824414
11204,AKR1B1,-119.380486,-2.4817634,0.0,0.0,2.4817634
11256,PCAT19,-119.60635,-2.4816818,0.0,0.0,2.4816818
10759,LINC01976,-115.904015,-2.481584,0.0,0.0,2.481584
3945,FMO4,100.63209,2.4813042,0.0,0.0,2.4813042
1779,ITFG2,121.90206,2.4808109,0.0,0.0,2.4808109
2992,DIRAS1,114.80605,2.4805667,0.0,0.0,2.4805667
8561,ERVH48-1,-62.90324,-2.4804142,0.0,0.0,2.4804142
11176,CGNL1,-119.29358,-2.4802244,0.0,0.0,2.4802244
1482,EPM2A,122.37531,2.4800808,0.0,0.0,2.4800808
4238,CDNF,95.62591,2.4800057,0.0,0.0,2.4800057
10231,CAPG,-109.52635,-2.479205,0.0,0.0,2.479205
10537,CLDN9,-113.48489,-2.478896,0.0,0.0,2.478896
1157,CERS6,122.62155,2.4788294,0.0,0.0,2.4788294
954,PRPF40B,122.7313,2.478773,0.0,0.0,2.478773
508,SIL1,122.93891,2.4785912,0.0,0.0,2.4785912
10964,NACAD,-117.921326,-2.478481,0.0,0.0,2.478481
9973,HK2,-104.76358,-2.478139,0.0,0.0,2.478139
9650,CCDC15,-98.23055,-2.4780812,0.0,0.0,2.4780812
10853,STK24-AS1,-116.920616,-2.476967,0.0,0.0,2.476967
10905,ITGB1BP2,-117.37705,-2.476597,0.0,0.0,2.476597
12283,UBL4A,-122.02622,-2.4763253,0.0,0.0,2.4763253
2664,ANKRD61,117.62608,2.4761407,0.0,0.0,2.4761407
12870,EIF3L,-122.30735,-2.47468,0.0,0.0,2.47468
10821,PNRC1,-116.571045,-2.4740405,0.0,0.0,2.4740405
10658,COLGALT2,-114.91462,-2.473098,0.0,0.0,2.473098
12792,KHSRP,-122.28227,-2.4729805,0.0,0.0,2.4729805
9902,GAP43,-103.34002,-2.4724836,0.0,0.0,2.4724836
12341,APOBEC3F,-122.072525,-2.4719515,0.0,0.0,2.4719515
2503,TTC21A,118.77568,2.4716496,0.0,0.0,2.4716496
1301,ZDHHC15,122.53354,2.4709344,0.0,0.0,2.4709344
1093,TBC1D19,122.65983,2.4707642,0.0,0.0,2.4707642
14269,LRFN4,-122.66038,-2.4707308,0.0,0.0,2.4707308
605,TXNDC11,122.89981,2.4705791,0.0,0.0,2.4705791
14261,USF2,-122.65761,-2.470553,0.0,0.0,2.470553
12096,ADRM1,-121.82584,-2.4691885,0.0,0.0,2.4691885
13747,HOOK1,-122.51216,-2.4691534,0.0,0.0,2.4691534
3869,CCBE1,102.22404,2.4691262,0.0,0.0,2.4691262
9511,HES7,-94.29146,-2.4688523,0.0,0.0,2.4688523
9307,PNPO,-88.84619,-2.46855,0.0,0.0,2.46855
3296,RAD21L1,111.28797,2.4680936,0.0,0.0,2.4680936
12499,MRPL43,-122.16788,-2.4678767,0.0,0.0,2.4678767
10872,ZBBX,-117.09661,-2.4678679,0.0,0.0,2.4678679
2536,RFPL2,118.485146,2.4675996,0.0,0.0,2.4675996
14816,FAHD1,-123.03995,-2.4675941,0.0,0.0,2.4675941
12992,SF3B2,-122.34565,-2.467318,0.0,0.0,2.467318
4218,FSD2,96.0877,2.4672558,0.0,0.0,2.4672558
11688,LRWD1,-121.09426,-2.4668064,0.0,0.0,2.4668064
12675,RPAP3,-122.24373,-2.4666574,0.0,0.0,2.4666574
674,ZRANB3,122.87062,2.4660861,0.0,0.0,2.4660861
11625,ZWILCH,-120.95743,-2.466013,0.0,0.0,2.466013
1582,DRC3,122.2413,2.4658413,0.0,0.0,2.4658413
12922,RANBP6,-122.32671,-2.464946,0.0,0.0,2.464946
1557,PDLIM5,122.27159,2.4647992,0.0,0.0,2.4647992
484,NPHP4,122.9474,2.4641442,0.0,0.0,2.4641442
2083,WNT2B,120.96558,2.4634843,0.0,0.0,2.4634843
11254,SMIM10,-119.5943,-2.4634585,0.0,0.0,2.4634585
2620,CRYBB1,117.906334,2.4627202,0.0,0.0,2.4627202
1678,SDR42E2,122.09402,2.461889,0.0,0.0,2.461889
4414,GGACT,91.96026,2.461435,0.0,0.0,2.461435
1343,CBFA2T2,122.503914,2.4613194,0.0,0.0,2.4613194
10786,RAC2,-116.1664,-2.4609485,0.0,0.0,2.4609485
4148,TENM3-AS1,97.23422,2.46086,0.0,0.0,2.46086
12173,RELA,-121.91598,-2.460783,0.0,0.0,2.460783
10001,RGS9,-105.51011,-2.4605598,0.0,0.0,2.4605598
8268,DSCC1,-51.805027,-2.4605172,0.0,0.0,2.4605172
9891,TMEM52,-103.148026,-2.4604862,0.0,0.0,2.4604862
12419,GALE,-122.12531,-2.46047,0.0,0.0,2.46047
2531,SLCO6A1,118.555954,2.4596696,0.0,0.0,2.4596696
9223,LYZL4,-86.046165,-2.4595141,0.0,0.0,2.4595141
11115,DNASE2,-118.98591,-2.4593902,0.0,0.0,2.4593902
12591,CCDC121,-122.20897,-2.4589655,0.0,0.0,2.4589655
204,TXNL4B,123.07484,2.4583626,0.0,0.0,2.4583626
2482,ST8SIA6,118.88811,2.458085,0.0,0.0,2.458085
2266,TAF7L,120.05421,2.457318,0.0,0.0,2.457318
12994,PGRMC2,-122.34644,-2.4571056,0.0,0.0,2.4571056
2056,CLASP2,121.07191,2.4567432,0.0,0.0,2.4567432
3204,KCND2,112.424835,2.4566257,0.0,0.0,2.4566257
11932,NDUFA8,-121.5964,-2.4565563,0.0,0.0,2.4565563
3474,GPR157,109.02011,2.4561617,0.0,0.0,2.4561617
3475,SLC41A1,108.99906,2.45594,0.0,0.0,2.45594
12314,MYH10,-122.052376,-2.4558756,0.0,0.0,2.4558756
11943,R3HDM4,-121.61673,-2.4543412,0.0,0.0,2.4543412
3382,ZFP3,110.16122,2.4542274,0.0,0.0,2.4542274
9912,SH2D2A,-103.528206,-2.4540412,0.0,0.0,2.4540412
2804,RAMP1,116.497055,2.453608,0.0,0.0,2.453608
11100,FCGRT,-118.88377,-2.4528902,0.0,0.0,2.4528902
5928,KNL1,45.67015,-2.4528008,0.0,0.0,2.4528008
12897,YKT6,-122.31862,-2.452433,0.0,0.0,2.452433
3727,SLC22A13,105.03825,2.4521127,0.0,0.0,2.4521127
13493,HNRNPD,-122.45473,-2.4517586,0.0,0.0,2.4517586
10218,FEZ1,-109.21231,-2.4514058,0.0,0.0,2.4514058
12075,SKP2,-121.80029,-2.4499831,0.0,0.0,2.4499831
13892,HSPBP1,-122.54435,-2.4497697,0.0,0.0,2.4497697
1863,UBR3,121.67152,2.4496841,0.0,0.0,2.4496841
2817,LRP5,116.40738,2.4487238,0.0,0.0,2.4487238
3311,IFT172,111.06699,2.4480915,0.0,0.0,2.4480915
12114,SHKBP1,-121.843315,-2.4479792,0.0,0.0,2.4479792
2991,ALDH1L2,114.82625,2.447542,0.0,0.0,2.447542
2788,EAF1-AS1,116.65993,2.4474602,0.0,0.0,2.4474602
10416,CLN6,-112.2293,-2.4469652,0.0,0.0,2.4469652
13952,HPF1,-122.56283,-2.446858,0.0,0.0,2.446858
887,MAP3K3,122.7646,2.4465494,0.0,0.0,2.4465494
3080,SSBP3-AS1,113.88571,2.446541,0.0,0.0,2.446541
2416,GNG4,119.24215,2.4462106,0.0,0.0,2.4462106
3549,GDPD2,108.02362,2.4452581,0.0,0.0,2.4452581
2353,ABCC4,119.56594,2.4437137,0.0,0.0,2.4437137
12724,PDIA3,-122.26212,-2.4430766,0.0,0.0,2.4430766
8305,MMP21,-53.299297,-2.4425306,0.0,0.0,2.4425306
1362,ARHGAP44,122.48869,2.442232,0.0,0.0,2.442232
12282,CD164,-122.02563,-2.4418666,0.0,0.0,2.4418666
2890,SOX10,115.68868,2.4417439,0.0,0.0,2.4417439
12287,PTK7,-122.02956,-2.4417348,0.0,0.0,2.4417348
982,LIPE-AS1,122.71833,2.4415634,0.0,0.0,2.4415634
12859,RALBP1,-122.30364,-2.44156,0.0,0.0,2.44156
11189,SPRY2,-119.335884,-2.440515,0.0,0.0,2.440515
10190,TNFAIP3,-108.756096,-2.4392,0.0,0.0,2.4392
1684,FAM174B,122.08716,2.4388092,0.0,0.0,2.4388092
4016,NCKAP1L,99.34901,2.4383972,0.0,0.0,2.4383972
4478,AGTR1,90.4535,2.4382343,0.0,0.0,2.4382343
14362,CCDC102A,-122.69616,-2.438195,0.0,0.0,2.438195
10635,P2RY1,-114.680565,-2.437498,0.0,0.0,2.437498
12946,ZNF629,-122.331665,-2.4370787,0.0,0.0,2.4370787
2867,HS3ST4,115.8879,2.436676,0.0,0.0,2.436676
4986,LRRC14B,78.12137,2.4363763,0.0,0.0,2.4363763
13785,LUC7L2,-122.52221,-2.4362602,0.0,0.0,2.4362602
14290,ARMCX1,-122.667015,-2.4361486,0.0,0.0,2.4361486
11958,SLC35A4,-121.63614,-2.4358866,0.0,0.0,2.4358866
2287,DOP1A,119.924324,2.435802,0.0,0.0,2.435802
10397,CCR10,-111.99504,-2.4357266,0.0,0.0,2.4357266
14325,PLA2G12A,-122.681854,-2.435091,0.0,0.0,2.435091
14115,LRRC57,-122.61116,-2.4347446,0.0,0.0,2.4347446
7543,USH1C,-21.088978,-2.434599,1.0040853342438732e-98,1.0729583970149783e-98,2.434599
2911,MX1,115.49727,2.4344182,0.0,0.0,2.4344182
3891,P2RY14,101.66283,2.4343474,0.0,0.0,2.4343474
2030,ZDHHC13,121.17862,2.4343302,0.0,0.0,2.4343302
11561,NDUFB4,-120.75621,-2.4343243,0.0,0.0,2.4343243
12066,TESK1,-121.79254,-2.4342885,0.0,0.0,2.4342885
6864,PLA2G2A,8.806635,2.434012,1.289591778509803e-18,1.3246025117445036e-18,2.434012
3270,SCN4A,111.65218,2.433826,0.0,0.0,2.433826
10488,EOMES,-113.06638,-2.4334512,0.0,0.0,2.4334512
11441,NID2,-120.323746,-2.4331722,0.0,0.0,2.4331722
1663,ZNF155,122.12206,2.4330046,0.0,0.0,2.4330046
586,TECPR2,122.90625,2.4322653,0.0,0.0,2.4322653
9980,SP6,-104.79559,-2.4304643,0.0,0.0,2.4304643
8964,GJA4,-77.64234,-2.430276,0.0,0.0,2.430276
11978,HINT2,-121.665245,-2.4300082,0.0,0.0,2.4300082
2405,CCDC63,119.3321,2.429668,0.0,0.0,2.429668
8125,PENK,-45.608093,-2.429058,0.0,0.0,2.429058
13817,XRCC5,-122.529755,-2.4286618,0.0,0.0,2.4286618
10738,SUV39H1,-115.75323,-2.428579,0.0,0.0,2.428579
3027,FBN3,114.46643,2.428069,0.0,0.0,2.428069
14437,FNTB,-122.72242,-2.4274187,0.0,0.0,2.4274187
3803,ACOX2,103.54542,2.4271302,0.0,0.0,2.4271302
12605,RUVBL2,-122.2161,-2.4266734,0.0,0.0,2.4266734
176,RANBP10,123.08562,2.425882,0.0,0.0,2.425882
12175,RUSC1,-121.917046,-2.42553,0.0,0.0,2.42553
4007,RGN,99.55689,2.4254742,0.0,0.0,2.4254742
11895,ZSCAN16,-121.53323,-2.4252784,0.0,0.0,2.4252784
10028,FNDC4,-106.06476,-2.4252355,0.0,0.0,2.4252355
11286,FIGNL2,-119.73189,-2.425154,0.0,0.0,2.425154
12663,DDX27,-122.23902,-2.4247367,0.0,0.0,2.4247367
4233,ACCS,95.73769,2.4247322,0.0,0.0,2.4247322
9784,SHISAL2B,-101.00298,-2.4244163,0.0,0.0,2.4244163
9111,RFTN1,-82.78974,-2.4240072,0.0,0.0,2.4240072
13162,ZNF620,-122.388664,-2.423999,0.0,0.0,2.423999
392,MON2,122.98233,2.4239173,0.0,0.0,2.4239173
10548,MNS1,-113.643005,-2.4237838,0.0,0.0,2.4237838
10718,APOBEC3G,-115.55875,-2.4233513,0.0,0.0,2.4233513
3259,CACNA1F,111.76947,2.4230015,0.0,0.0,2.4230015
11390,UNC5B,-120.14806,-2.422949,0.0,0.0,2.422949
3730,GPRC6A,104.96765,2.4227026,0.0,0.0,2.4227026
140,AMN1,123.110214,2.4225338,0.0,0.0,2.4225338
13447,DR1,-122.44666,-2.422469,0.0,0.0,2.422469
10602,PKN3,-114.21086,-2.4220672,0.0,0.0,2.4220672
12188,UQCC2,-121.92891,-2.4219625,0.0,0.0,2.4219625
10504,ARHGAP4,-113.18475,-2.4217732,0.0,0.0,2.4217732
9961,CLDN5,-104.488914,-2.4217293,0.0,0.0,2.4217293
2223,RIN2,120.2273,2.4215083,0.0,0.0,2.4215083
10835,SRGAP2,-116.768814,-2.4205515,0.0,0.0,2.4205515
10854,DLX4,-116.92611,-2.4205146,0.0,0.0,2.4205146
13133,TCEAL3,-122.38101,-2.4202323,0.0,0.0,2.4202323
2381,C6orf58,119.434135,2.4197328,0.0,0.0,2.4197328
11363,CCNE1,-120.04846,-2.4196494,0.0,0.0,2.4196494
12976,EIF3H,-122.34311,-2.419457,0.0,0.0,2.419457
3987,ZFP36,99.91344,2.4193428,0.0,0.0,2.4193428
11639,SLC3A2,-120.997116,-2.4192002,0.0,0.0,2.4192002
8685,FANCI,-67.54952,-2.4186504,0.0,0.0,2.4186504
3735,FALEC,104.8593,2.4184728,0.0,0.0,2.4184728
14034,PMM1,-122.58736,-2.418396,0.0,0.0,2.418396
11296,ARHGEF25,-119.782486,-2.4178848,0.0,0.0,2.4178848
11440,COLCA1,-120.31873,-2.4178808,0.0,0.0,2.4178808
13933,MCAT,-122.55559,-2.4177787,0.0,0.0,2.4177787
8336,SLC38A5,-54.510185,-2.4177318,0.0,0.0,2.4177318
3241,PLXNC1,111.97054,2.4165175,0.0,0.0,2.4165175
9464,VSTM2L,-92.94562,-2.4163606,0.0,0.0,2.4163606
3073,SCN2A,113.96124,2.416286,0.0,0.0,2.416286
2829,XYLB,116.28438,2.4162335,0.0,0.0,2.4162335
2324,PRIM2,119.72246,2.41588,0.0,0.0,2.41588
2616,CARD14,117.92806,2.4155984,0.0,0.0,2.4155984
12488,YIPF3,-122.16497,-2.4155273,0.0,0.0,2.4155273
8638,OSR2,-65.687614,-2.415524,0.0,0.0,2.415524
2204,TSPOAP1-AS1,120.33791,2.4150786,0.0,0.0,2.4150786
12447,MRPS33,-122.139114,-2.4147427,0.0,0.0,2.4147427
11481,FOXP4-AS1,-120.488495,-2.4144208,0.0,0.0,2.4144208
2923,SPNS2,115.35425,2.4142766,0.0,0.0,2.4142766
8084,MAP3K2-DT,-44.59365,-2.414212,0.0,0.0,2.414212
13924,PURB,-122.551796,-2.4141426,0.0,0.0,2.4141426
4154,ATP1A2,97.17883,2.4141405,0.0,0.0,2.4141405
12708,PPP1CC,-122.25627,-2.41379,0.0,0.0,2.41379
2566,RAB26,118.25578,2.413758,0.0,0.0,2.413758
9539,NAV2-AS1,-95.02437,-2.4132128,0.0,0.0,2.4132128
1915,TSPAN9,121.51811,2.4123585,0.0,0.0,2.4123585
13076,FNTA,-122.36825,-2.4121284,0.0,0.0,2.4121284
976,SAMD8,122.72168,2.411813,0.0,0.0,2.411813
2772,DCAF4L1,116.78137,2.4108136,0.0,0.0,2.4108136
12755,ZNF48,-122.27241,-2.4104517,0.0,0.0,2.4104517
1837,PDZD7,121.75503,2.4099298,0.0,0.0,2.4099298
13044,ABCE1,-122.35996,-2.4092984,0.0,0.0,2.4092984
10168,AOC3,-108.47619,-2.409224,0.0,0.0,2.409224
1418,FBXO4,122.43459,2.4087634,0.0,0.0,2.4087634
10042,SLIT2,-106.27605,-2.4086723,0.0,0.0,2.4086723
3786,OPLAH,103.93239,2.4081059,0.0,0.0,2.4081059
8634,FAM72D,-65.52737,-2.406908,0.0,0.0,2.406908
2172,TNRC6C,120.45309,2.4066837,0.0,0.0,2.4066837
12613,FAM3C,-122.22134,-2.4062004,0.0,0.0,2.4062004
8720,SLC37A2,-69.09956,-2.405815,0.0,0.0,2.405815
12740,DHX40,-122.266685,-2.4040146,0.0,0.0,2.4040146
13285,ZC3H15,-122.412254,-2.4038546,0.0,0.0,2.4038546
13001,RAD21,-122.34853,-2.4033082,0.0,0.0,2.4033082
3732,LRATD1,104.90597,2.402863,0.0,0.0,2.402863
10906,LINC01963,-117.38412,-2.4027405,0.0,0.0,2.4027405
11893,NCKIPSD,-121.532906,-2.4025884,0.0,0.0,2.4025884
2959,MITF,115.07772,2.4019947,0.0,0.0,2.4019947
12783,AKR1A1,-122.280716,-2.401954,0.0,0.0,2.401954
11442,ZFP69B,-120.32597,-2.4017248,0.0,0.0,2.4017248
10410,MTURN,-112.17481,-2.4013133,0.0,0.0,2.4013133
14236,HSPA4,-122.64798,-2.3999119,0.0,0.0,2.3999119
10976,DBI,-118.016235,-2.3997512,0.0,0.0,2.3997512
3975,RB1-DT,100.120224,2.3990743,0.0,0.0,2.3990743
2516,ITIH4,118.70792,2.3989947,0.0,0.0,2.3989947
12833,HNRNPU,-122.29662,-2.39887,0.0,0.0,2.39887
1867,CPEB4,121.648575,2.3980796,0.0,0.0,2.3980796
6180,ARMS2,36.404713,-2.3980532,3.585387540518061e-290,4.044332416597457e-290,2.3980532
2607,SLC38A7,117.95995,2.3979673,0.0,0.0,2.3979673
11552,SAP25,-120.71574,-2.3974087,0.0,0.0,2.3974087
10789,AMH,-116.18702,-2.3970983,0.0,0.0,2.3970983
2998,DLEU7,114.7211,2.3965087,0.0,0.0,2.3965087
13601,WIZ,-122.47683,-2.3962152,0.0,0.0,2.3962152
578,EYA3,122.90869,2.3958433,0.0,0.0,2.3958433
12349,ZNF518B,-122.0771,-2.3958418,0.0,0.0,2.3958418
14383,NME6,-122.70101,-2.3953397,0.0,0.0,2.3953397
10259,NRTN,-109.82266,-2.3946178,0.0,0.0,2.3946178
9734,IGHEP2,-99.93981,-2.3936079,0.0,0.0,2.3936079
2744,PTCH2,116.98906,2.3931167,0.0,0.0,2.3931167
10193,MESP1,-108.81137,-2.3930414,0.0,0.0,2.3930414
14760,DSTN,-122.94262,-2.393024,0.0,0.0,2.393024
11931,YIF1A,-121.589035,-2.3927,0.0,0.0,2.3927
10797,FCRLB,-116.24761,-2.3925998,0.0,0.0,2.3925998
2925,SLC16A5,115.34832,2.3922005,0.0,0.0,2.3922005
12699,TRAM2-AS1,-122.253365,-2.3919659,0.0,0.0,2.3919659
12612,TRAF7,-122.220055,-2.3917801,0.0,0.0,2.3917801
12417,MRPL13,-122.12492,-2.3915608,0.0,0.0,2.3915608
11069,C19orf73,-118.65818,-2.390933,0.0,0.0,2.390933
3203,LINC01393,112.42955,2.3907323,0.0,0.0,2.3907323
2971,ADGRF4,114.98816,2.3905017,0.0,0.0,2.3905017
8870,ADM2,-74.35065,-2.389996,0.0,0.0,2.389996
12165,GAR1,-121.896385,-2.3897116,0.0,0.0,2.3897116
1681,GABPB2,122.08767,2.3896897,0.0,0.0,2.3896897
1961,PTPN14,121.39103,2.389375,0.0,0.0,2.389375
10462,P3H2,-112.77172,-2.3890991,0.0,0.0,2.3890991
2527,DBX2,118.5894,2.3888962,0.0,0.0,2.3888962
12054,CLP1,-121.771,-2.3888736,0.0,0.0,2.3888736
14739,MCUR1,-122.92005,-2.388702,0.0,0.0,2.388702
11255,ANAPC15,-119.59814,-2.3884697,0.0,0.0,2.3884697
9885,ADGRG6,-103.03641,-2.387716,0.0,0.0,2.387716
11005,WHRN,-118.231834,-2.3872983,0.0,0.0,2.3872983
2646,LINC01545,117.74356,2.3869758,0.0,0.0,2.3869758
12057,NDUFAF8,-121.77522,-2.3868928,0.0,0.0,2.3868928
2639,LAMB3,117.79716,2.386672,0.0,0.0,2.386672
3167,SYNE1,112.80258,2.3862946,0.0,0.0,2.3862946
2725,KLF9,117.10793,2.3857608,0.0,0.0,2.3857608
10972,KSR1,-117.987526,-2.385566,0.0,0.0,2.385566
14571,IMPA1,-122.78331,-2.3853893,0.0,0.0,2.3853893
11981,PSMD8,-121.66993,-2.3852813,0.0,0.0,2.3852813
12289,ING1,-122.031456,-2.3847435,0.0,0.0,2.3847435
1082,NFATC3,122.66193,2.3847203,0.0,0.0,2.3847203
12194,ZXDB,-121.93278,-2.384679,0.0,0.0,2.384679
1033,HLCS,122.693436,2.3846169,0.0,0.0,2.3846169
2225,PPARGC1A,120.21912,2.3841755,0.0,0.0,2.3841755
3129,POU6F2,113.30852,2.384171,0.0,0.0,2.384171
2589,FN3K,118.13698,2.3837779,0.0,0.0,2.3837779
9214,GLI1,-85.88777,-2.3833086,0.0,0.0,2.3833086
2698,ESYT3,117.33267,2.3832784,0.0,0.0,2.3832784
14170,CCDC50,-122.626274,-2.383172,0.0,0.0,2.383172
13370,ZMYM3,-122.4308,-2.3830435,0.0,0.0,2.3830435
2113,LMBR1L,120.8024,2.3824422,0.0,0.0,2.3824422
8357,OLFML1,-55.52273,-2.3821433,0.0,0.0,2.3821433
2438,NDP,119.15953,2.382141,0.0,0.0,2.382141
11018,PLSCR4,-118.323654,-2.3821023,0.0,0.0,2.3821023
3642,LDB3,106.43087,2.3819792,0.0,0.0,2.3819792
274,USP45,123.03939,2.3819115,0.0,0.0,2.3819115
10862,UBALD2,-116.982834,-2.3813179,0.0,0.0,2.3813179
3481,HSD17B6,108.91466,2.3804872,0.0,0.0,2.3804872
3444,VSIG10,109.35994,2.3804634,0.0,0.0,2.3804634
13656,FKBP14,-122.4882,-2.3800914,0.0,0.0,2.3800914
2166,PCSK5,120.4682,2.3798296,0.0,0.0,2.3798296
3305,CCR9,111.162224,2.3797193,0.0,0.0,2.3797193
2969,KCNE2,114.99611,2.3796818,0.0,0.0,2.3796818
10761,LINC02249,-115.927345,-2.3795037,0.0,0.0,2.3795037
1729,SLC25A41,122.020485,2.3789935,0.0,0.0,2.3789935
2596,ZNF25,118.04975,2.3789527,0.0,0.0,2.3789527
13022,EXOSC9,-122.353516,-2.3783655,0.0,0.0,2.3783655
3202,IRAK1BP1,112.43183,2.3780928,0.0,0.0,2.3780928
481,PPP6R3,122.94819,2.377999,0.0,0.0,2.377999
1276,MIA2,122.55605,2.3777676,0.0,0.0,2.3777676
12316,THYN1,-122.053314,-2.37765,0.0,0.0,2.37765
14418,SMIM13,-122.715324,-2.3770945,0.0,0.0,2.3770945
10430,DUSP5,-112.422195,-2.3768892,0.0,0.0,2.3768892
11908,GET4,-121.556496,-2.3768535,0.0,0.0,2.3768535
3976,SPTLC3,100.11894,2.3764982,0.0,0.0,2.3764982
14353,MXRA7,-122.69069,-2.3760583,0.0,0.0,2.3760583
8810,NPPB,-72.63581,-2.3759093,0.0,0.0,2.3759093
12731,MVB12A,-122.26342,-2.3757288,0.0,0.0,2.3757288
3039,TENT5B,114.33784,2.375132,0.0,0.0,2.375132
12272,TMEM134,-122.01665,-2.3750386,0.0,0.0,2.3750386
1995,JPH2,121.30908,2.3744264,0.0,0.0,2.3744264
13614,ERLIN2,-122.480125,-2.3737807,0.0,0.0,2.3737807
1929,MAP3K15,121.48465,2.3735073,0.0,0.0,2.3735073
14732,RBBP7,-122.915596,-2.3731925,0.0,0.0,2.3731925
4045,DLL4,98.950455,2.373141,0.0,0.0,2.373141
11924,RTL6,-121.58035,-2.3727841,0.0,0.0,2.3727841
3484,CBX7,108.89635,2.3723097,0.0,0.0,2.3723097
12431,TBC1D24,-122.131386,-2.3721173,0.0,0.0,2.3721173
1566,PPP1R9A,122.257774,2.3720865,0.0,0.0,2.3720865
12363,HNRNPH3,-122.08967,-2.371848,0.0,0.0,2.371848
2082,EIF2S3B,120.97255,2.371846,0.0,0.0,2.371846
13236,CCNJ,-122.404724,-2.3713133,0.0,0.0,2.3713133
494,INO80,122.94302,2.3710525,0.0,0.0,2.3710525
3825,PPP1R3A,103.1173,2.3707087,0.0,0.0,2.3707087
3429,CHADL,109.585625,2.3702886,0.0,0.0,2.3702886
1887,MTM1,121.59219,2.3702815,0.0,0.0,2.3702815
1234,LIPE,122.57949,2.3702536,0.0,0.0,2.3702536
12468,GTF3A,-122.148575,-2.3701997,0.0,0.0,2.3701997
1187,RAD51B,122.60713,2.3700604,0.0,0.0,2.3700604
3038,KLHL22,114.339355,2.369696,0.0,0.0,2.369696
12157,FGF13,-121.88714,-2.369662,0.0,0.0,2.369662
1662,PER1,122.12251,2.3688555,0.0,0.0,2.3688555
644,MAPK8,122.8838,2.368038,0.0,0.0,2.368038
13714,EXOSC6,-122.50178,-2.3662221,0.0,0.0,2.3662221
11039,TMEM35A,-118.44894,-2.3657055,0.0,0.0,2.3657055
2244,SLC25A42,120.13995,2.3653443,0.0,0.0,2.3653443
2145,LINC02043,120.65588,2.3650434,0.0,0.0,2.3650434
6825,MTFR2,10.584886,-2.3643742,3.502082548749733e-26,3.617452728827643e-26,2.3643742
12378,ZCRB1,-122.09846,-2.3643725,0.0,0.0,2.3643725
13410,FBXO45,-122.438896,-2.3643336,0.0,0.0,2.3643336
3321,TXLNB,110.90935,2.3642373,0.0,0.0,2.3642373
13055,MRPS22,-122.36269,-2.3638768,0.0,0.0,2.3638768
381,COP1,122.98864,2.3638282,0.0,0.0,2.3638282
14763,PPP1CB,-122.94661,-2.3631747,0.0,0.0,2.3631747
437,RASA2,122.962395,2.362725,0.0,0.0,2.362725
11458,GYPC,-120.38083,-2.3626626,0.0,0.0,2.3626626
14107,EIF3M,-122.608765,-2.3622775,0.0,0.0,2.3622775
13278,RALB,-122.41081,-2.361613,0.0,0.0,2.361613
8192,ITLN2,-48.752743,-2.3614476,0.0,0.0,2.3614476
937,GALK2,122.74034,2.3612647,0.0,0.0,2.3612647
14043,PSMA1,-122.589935,-2.360437,0.0,0.0,2.360437
2397,RHBDF2,119.37483,2.3601449,0.0,0.0,2.3601449
11955,TARBP2,-121.631134,-2.3599653,0.0,0.0,2.3599653
12276,RER1,-122.01982,-2.3599005,0.0,0.0,2.3599005
3589,FSHR,107.2642,2.3590064,0.0,0.0,2.3590064
11459,HSD17B11,-120.385,-2.3588562,0.0,0.0,2.3588562
11046,TTC9,-118.48574,-2.3584583,0.0,0.0,2.3584583
12620,CPT2,-122.224174,-2.3582842,0.0,0.0,2.3582842
10312,SFXN3,-110.68489,-2.357787,0.0,0.0,2.357787
11720,CCDC24,-121.15794,-2.3577092,0.0,0.0,2.3577092
3264,IL6R-AS1,111.695755,2.3572068,0.0,0.0,2.3572068
3477,ALPL,108.979515,2.3566961,0.0,0.0,2.3566961
12380,LRPAP1,-122.10078,-2.3548932,0.0,0.0,2.3548932
13271,MRPL18,-122.40967,-2.354463,0.0,0.0,2.354463
8617,ACTN3,-64.90225,-2.354152,0.0,0.0,2.354152
13591,METAP2,-122.47463,-2.3534822,0.0,0.0,2.3534822
3692,PER3,105.51482,2.3529735,0.0,0.0,2.3529735
8606,SFTA1P,-64.419556,-2.3527043,0.0,0.0,2.3527043
12050,POPDC3,-121.766106,-2.3518286,0.0,0.0,2.3518286
10225,MYCNOS,-109.39638,-2.351811,0.0,0.0,2.351811
1159,WDSUB1,122.61996,2.3514144,0.0,0.0,2.3514144
10471,TMSB4Y,-112.85627,-2.3513477,0.0,0.0,2.3513477
10961,CDH3,-117.90756,-2.3508325,0.0,0.0,2.3508325
10741,RASAL2-AS1,-115.75866,-2.350748,0.0,0.0,2.350748
12711,ATP6AP1,-122.2566,-2.349717,0.0,0.0,2.349717
12286,CDK4,-122.0288,-2.3496313,0.0,0.0,2.3496313
14081,NTPCR,-122.60027,-2.3495686,0.0,0.0,2.3495686
3807,UCP3,103.41588,2.3490872,0.0,0.0,2.3490872
4046,B3GALNT1,98.94217,2.3489187,0.0,0.0,2.3489187
12502,CUEDC2,-122.17074,-2.3488803,0.0,0.0,2.3488803
8758,LBX2-AS1,-70.59607,-2.348537,0.0,0.0,2.348537
9736,SLC6A15,-99.98456,-2.348412,0.0,0.0,2.348412
2052,LIN52,121.09398,2.3484027,0.0,0.0,2.3484027
13729,PITHD1,-122.50679,-2.3470616,0.0,0.0,2.3470616
10788,AEN,-116.18679,-2.3468447,0.0,0.0,2.3468447
3110,RNF144B,113.61037,2.3466349,0.0,0.0,2.3466349
13641,IFT57,-122.48549,-2.3462608,0.0,0.0,2.3462608
3188,POLM,112.5688,2.3458576,0.0,0.0,2.3458576
3918,PLEKHH2,101.165596,2.3455465,0.0,0.0,2.3455465
2887,SLC6A17,115.70704,2.3453937,0.0,0.0,2.3453937
13583,SF3A1,-122.47323,-2.34534,0.0,0.0,2.34534
3250,ADAMTSL5,111.85816,2.3450217,0.0,0.0,2.3450217
967,SLC25A16,122.7249,2.3449903,0.0,0.0,2.3449903
12524,SLC50A1,-122.18357,-2.3441753,0.0,0.0,2.3441753
3545,ZNF295-AS1,108.068184,2.3436604,0.0,0.0,2.3436604
10810,INTS6L,-116.46492,-2.3432477,0.0,0.0,2.3432477
8492,RUNX2-AS1,-60.50917,-2.3427954,0.0,0.0,2.3427954
10487,TRIM58,-113.06222,-2.342778,0.0,0.0,2.342778
10508,MCM7,-113.219505,-2.3427625,0.0,0.0,2.3427625
9657,STARD4-AS1,-98.35872,-2.342557,0.0,0.0,2.342557
12046,LSM6,-121.76141,-2.3424592,0.0,0.0,2.3424592
2424,SVOPL,119.21305,2.342315,0.0,0.0,2.342315
13148,MORF4L1,-122.38568,-2.3422508,0.0,0.0,2.3422508
13150,SNRPD3,-122.3866,-2.342216,0.0,0.0,2.342216
13885,KPNB1,-122.54359,-2.342154,0.0,0.0,2.342154
2541,RNFT1-DT,118.44091,2.3421085,0.0,0.0,2.3421085
1673,ERCC8,122.10335,2.340883,0.0,0.0,2.340883
676,BCL2L13,122.86915,2.3406878,0.0,0.0,2.3406878
12381,TMEM101,-122.10241,-2.34012,0.0,0.0,2.34012
2907,TRPA1,115.53658,2.3396907,0.0,0.0,2.3396907
137,ZNF333,123.11152,2.338881,0.0,0.0,2.338881
2101,PCLO,120.87176,2.3378296,0.0,0.0,2.3378296
3886,NEB,101.858604,2.3378284,0.0,0.0,2.3378284
3399,CD300E,109.953545,2.3377836,0.0,0.0,2.3377836
1521,CAMK2D,122.3245,2.3365827,0.0,0.0,2.3365827
10692,KCTD17,-115.206924,-2.3358293,0.0,0.0,2.3358293
14541,ACTR8,-122.76942,-2.3357255,0.0,0.0,2.3357255
12980,SRP72,-122.343994,-2.334122,0.0,0.0,2.334122
7926,DKK4,-38.985058,-2.3340774,0.0,0.0,2.3340774
13786,GDI2,-122.522255,-2.3336463,0.0,0.0,2.3336463
13220,R3HCC1,-122.40197,-2.333403,0.0,0.0,2.333403
10909,EIF5A2,-117.390594,-2.333285,0.0,0.0,2.333285
3003,SEMA3C,114.68603,2.3331592,0.0,0.0,2.3331592
2161,FOCAD,120.49873,2.332488,0.0,0.0,2.332488
3417,DPEP1,109.77109,2.3321347,0.0,0.0,2.3321347
2014,TSNAXIP1,121.243065,2.331653,0.0,0.0,2.331653
10085,SLC1A4,-107.06202,-2.3314068,0.0,0.0,2.3314068
9875,ARL9,-102.86354,-2.3310835,0.0,0.0,2.3310835
12205,IFIT5,-121.944046,-2.3310637,0.0,0.0,2.3310637
2144,OSGEPL1-AS1,120.6621,2.330949,0.0,0.0,2.330949
14658,NKIRAS2,-122.844696,-2.3307908,0.0,0.0,2.3307908
2938,LINC02235,115.24937,2.329075,0.0,0.0,2.329075
2098,CCDC57,120.874214,2.32876,0.0,0.0,2.32876
11651,EBP,-121.02412,-2.328636,0.0,0.0,2.328636
2919,TRPV1,115.44123,2.3273814,0.0,0.0,2.3273814
13857,ARL3,-122.538246,-2.327358,0.0,0.0,2.327358
3181,GPR158,112.63213,2.3270152,0.0,0.0,2.3270152
3635,TRIM45,106.57575,2.326188,0.0,0.0,2.326188
11137,CEP78,-119.097496,-2.3261437,0.0,0.0,2.3261437
11302,HEPH,-119.80798,-2.324354,0.0,0.0,2.324354
13169,TAF7,-122.39041,-2.323618,0.0,0.0,2.323618
3403,PIWIL2,109.900185,2.3227804,0.0,0.0,2.3227804
11426,SCAMP1-AS1,-120.27849,-2.3218915,0.0,0.0,2.3218915
13905,LEPROTL1,-122.54736,-2.321887,0.0,0.0,2.321887
14196,RNF8,-122.633804,-2.3217423,0.0,0.0,2.3217423
12374,RRP7A,-122.096794,-2.3215976,0.0,0.0,2.3215976
2514,MEIOC,118.717026,2.3196337,0.0,0.0,2.3196337
11652,DDX28,-121.026825,-2.319557,0.0,0.0,2.319557
8565,HSPB9,-62.943764,-2.3186913,0.0,0.0,2.3186913
10360,GSN,-111.548325,-2.3185813,0.0,0.0,2.3185813
10893,SPA17,-117.29523,-2.3184426,0.0,0.0,2.3184426
2656,ZNF385C,117.66512,2.3178492,0.0,0.0,2.3178492
1621,GAN,122.19111,2.3178415,0.0,0.0,2.3178415
12773,SDE2,-122.27793,-2.3178332,0.0,0.0,2.3178332
1593,PIGN,122.22214,2.3173401,0.0,0.0,2.3173401
13646,PSMD4,-122.48639,-2.3170893,0.0,0.0,2.3170893
13042,BLMH,-122.359375,-2.3169656,0.0,0.0,2.3169656
2209,SHC4,120.31264,2.3166919,0.0,0.0,2.3166919
14223,CSDE1,-122.64239,-2.3156,0.0,0.0,2.3156
12458,TUSC2,-122.14443,-2.315075,0.0,0.0,2.315075
12391,PDCL,-122.10649,-2.3148832,0.0,0.0,2.3148832
2626,LINC01234,117.88075,2.314634,0.0,0.0,2.314634
13562,RHBDD2,-122.46782,-2.3144686,0.0,0.0,2.3144686
2864,ALKAL1,115.921036,2.3144066,0.0,0.0,2.3144066
10167,IGDCC4,-108.4633,-2.3143926,0.0,0.0,2.3143926
1476,ZNF345,122.38279,2.3138967,0.0,0.0,2.3138967
12062,DEF8,-121.78231,-2.3137212,0.0,0.0,2.3137212
12149,LSR,-121.88112,-2.3132663,0.0,0.0,2.3132663
5134,LINC01303,74.045074,2.3129141,0.0,0.0,2.3129141
13499,MRPL9,-122.45553,-2.3118756,0.0,0.0,2.3118756
1883,ARFGEF2,121.59821,2.3116057,0.0,0.0,2.3116057
11590,IL17B,-120.84318,-2.3114197,0.0,0.0,2.3114197
10459,SULT1A2,-112.7323,-2.3111212,0.0,0.0,2.3111212
2995,IQCN,114.743355,2.3086014,0.0,0.0,2.3086014
10617,SHPK,-114.43369,-2.308327,0.0,0.0,2.308327
12118,TMEM70,-121.84506,-2.3080232,0.0,0.0,2.3080232
10938,TMEM218,-117.64188,-2.3077013,0.0,0.0,2.3077013
3032,ACOT1,114.40524,2.3076463,0.0,0.0,2.3076463
3043,ODAPH,114.28186,2.3075686,0.0,0.0,2.3075686
1628,MYOM1,122.17266,2.3069005,0.0,0.0,2.3069005
11886,HSD17B14,-121.52383,-2.3057878,0.0,0.0,2.3057878
10423,SHC2,-112.345146,-2.3057132,0.0,0.0,2.3057132
10017,DNAJC22,-105.82044,-2.3052511,0.0,0.0,2.3052511
11038,SNX10,-118.44223,-2.3050866,0.0,0.0,2.3050866
4674,KLHL38,86.04341,2.3038628,0.0,0.0,2.3038628
2813,TENM1,116.435715,2.302686,0.0,0.0,2.302686
12256,BBS7,-122.00185,-2.301936,0.0,0.0,2.301936
12382,ENY2,-122.10296,-2.3005967,0.0,0.0,2.3005967
12233,TPGS1,-121.97338,-2.3003652,0.0,0.0,2.3003652
11574,PCED1A,-120.8006,-2.300245,0.0,0.0,2.300245
2211,MYO1E,120.29965,2.3000293,0.0,0.0,2.3000293
3072,SYNGAP1-AS1,113.9665,2.2993429,0.0,0.0,2.2993429
3117,C6orf118,113.46879,2.2991195,0.0,0.0,2.2991195
9544,EPB41L2,-95.35358,-2.2987816,0.0,0.0,2.2987816
13938,USB1,-122.55705,-2.2982252,0.0,0.0,2.2982252
2104,PTPN4,120.85877,2.298072,0.0,0.0,2.298072
3107,NRG3,113.65151,2.2976658,0.0,0.0,2.2976658
2561,MACC1,118.276985,2.296791,0.0,0.0,2.296791
14674,LAPTM4B,-122.85682,-2.2965117,0.0,0.0,2.2965117
11771,SYDE1,-121.29215,-2.2963576,0.0,0.0,2.2963576
12355,MGAT1,-122.0848,-2.296025,0.0,0.0,2.296025
3299,ACADVL,111.25527,2.295743,0.0,0.0,2.295743
8057,CD44,-43.826164,2.2957249,0.0,0.0,2.2957249
11722,SMTNL2,-121.16599,-2.2953544,0.0,0.0,2.2953544
12120,NUBP2,-121.84894,-2.294964,0.0,0.0,2.294964
2051,HOMER1,121.09685,2.2933207,0.0,0.0,2.2933207
2806,CNNM4,116.48894,2.2932878,0.0,0.0,2.2932878
12889,RWDD1,-122.31489,-2.2931652,0.0,0.0,2.2931652
13713,CDC5L,-122.50164,-2.2930894,0.0,0.0,2.2930894
12491,SGTB,-122.16541,-2.292919,0.0,0.0,2.292919
2242,KLHL30,120.14317,2.29278,0.0,0.0,2.29278
11976,NDUFV2,-121.664246,-2.2925022,0.0,0.0,2.2925022
11198,LHFPL2,-119.36395,-2.2924736,0.0,0.0,2.2924736
11011,LBH,-118.2799,-2.292448,0.0,0.0,2.292448
10616,INA,-114.43237,-2.2919083,0.0,0.0,2.2919083
2246,SLC25A27,120.126434,2.2918777,0.0,0.0,2.2918777
12494,CD2BP2,-122.16699,-2.2918367,0.0,0.0,2.2918367
3304,FAM178B,111.17319,2.291047,0.0,0.0,2.291047
3293,PDLIM3,111.315994,2.290676,0.0,0.0,2.290676
12243,PNO1,-121.98916,-2.2900834,0.0,0.0,2.2900834
11843,SNF8,-121.43076,-2.2900596,0.0,0.0,2.2900596
3068,LINC01088,114.03048,2.2882342,0.0,0.0,2.2882342
12542,SPRYD4,-122.194145,-2.2881246,0.0,0.0,2.2881246
11348,ORMDL3,-119.99629,-2.287884,0.0,0.0,2.287884
2453,RHOBTB1,119.05207,2.2878141,0.0,0.0,2.2878141
12451,ZBTB39,-122.14038,-2.287533,0.0,0.0,2.287533
11169,JOSD2,-119.24435,-2.2873707,0.0,0.0,2.2873707
9909,LHCGR,-103.48146,-2.2865467,0.0,0.0,2.2865467
2243,ATG16L2,120.14011,2.2865384,0.0,0.0,2.2865384
2008,ESYT2,121.25825,2.2861292,0.0,0.0,2.2861292
13710,OXA1L,-122.50126,-2.2856379,0.0,0.0,2.2856379
8620,UPK1A,-64.97868,-2.2854896,0.0,0.0,2.2854896
11158,UNC93B1,-119.19617,-2.2854755,0.0,0.0,2.2854755
2307,LINC01504,119.82258,2.2850542,0.0,0.0,2.2850542
3218,SLC16A6,112.2558,2.2849936,0.0,0.0,2.2849936
1875,TOM1L1,121.628876,2.2846801,0.0,0.0,2.2846801
14301,SLK,-122.67224,-2.2846475,0.0,0.0,2.2846475
1323,ZNF490,122.5184,2.2842474,0.0,0.0,2.2842474
8629,KLHL14,-65.34628,-2.2833927,0.0,0.0,2.2833927
1905,USP49,121.5377,2.283235,0.0,0.0,2.283235
3465,LINC02608,109.15316,2.2831657,0.0,0.0,2.2831657
2555,MFSD6,118.3105,2.282784,0.0,0.0,2.282784
11013,RFC4,-118.29597,-2.2824402,0.0,0.0,2.2824402
2391,ITFG1,119.39979,2.282429,0.0,0.0,2.282429
1193,DENND4C,122.60371,2.282163,0.0,0.0,2.282163
13626,XRCC1,-122.4833,-2.2804892,0.0,0.0,2.2804892
12523,CCDC8,-122.183495,-2.2804096,0.0,0.0,2.2804096
2638,KAT2B,117.80586,2.2793684,0.0,0.0,2.2793684
2138,CNKSR3,120.67448,2.278938,0.0,0.0,2.278938
2674,HCRTR2,117.546646,2.2788973,0.0,0.0,2.2788973
11580,DUT,-120.818855,-2.2787251,0.0,0.0,2.2787251
2053,ZNF875,121.087395,2.2784514,0.0,0.0,2.2784514
8094,SYNE4,-44.78151,-2.2782435,0.0,0.0,2.2782435
11614,ARF6,-120.92897,-2.2779844,0.0,0.0,2.2779844
12342,SNX5,-122.07299,-2.277807,0.0,0.0,2.277807
2624,CSAD,117.8841,2.2777927,0.0,0.0,2.2777927
11865,CALM1,-121.48061,-2.2774057,0.0,0.0,2.2774057
12131,SLC25A38,-121.858116,-2.2773957,0.0,0.0,2.2773957
12320,HGH1,-122.056725,-2.2770174,0.0,0.0,2.2770174
13569,CDK16,-122.46858,-2.2769632,0.0,0.0,2.2769632
11727,RPP25L,-121.17178,-2.2766743,0.0,0.0,2.2766743
11719,HCFC1R1,-121.15323,-2.276399,0.0,0.0,2.276399
3844,SLC37A1,102.6889,2.2758608,0.0,0.0,2.2758608
13308,MESD,-122.41791,-2.2750814,0.0,0.0,2.2750814
3424,GLIPR1L2,109.62916,2.275018,0.0,0.0,2.275018
2831,TRAK2,116.27021,2.2745638,0.0,0.0,2.2745638
9964,DOCK9-DT,-104.518166,-2.2744076,0.0,0.0,2.2744076
11317,ARHGAP5-AS1,-119.86865,-2.2741022,0.0,0.0,2.2741022
2388,LMBRD1,119.40883,2.2740445,0.0,0.0,2.2740445
13132,MON1B,-122.38087,-2.2739658,0.0,0.0,2.2739658
9654,GALNT12,-98.28913,-2.2739475,0.0,0.0,2.2739475
2648,LINC00470,117.73211,2.273853,0.0,0.0,2.273853
3134,CHST3,113.29316,2.2728636,0.0,0.0,2.2728636
10701,BCL11B,-115.34487,-2.272177,0.0,0.0,2.272177
10727,NDUFB3,-115.63626,-2.2721198,0.0,0.0,2.2721198
309,MIATNB,123.02286,2.2719538,0.0,0.0,2.2719538
11713,CCDC183,-121.14307,-2.2715921,0.0,0.0,2.2715921
13386,RPA2,-122.43322,-2.2712963,0.0,0.0,2.2712963
1552,SLC20A2,122.279274,2.271072,0.0,0.0,2.271072
13127,MRFAP1L1,-122.379326,-2.2707348,0.0,0.0,2.2707348
11022,RTN2,-118.34785,-2.2697256,0.0,0.0,2.2697256
11155,STAP2,-119.18312,-2.2692165,0.0,0.0,2.2692165
14363,ATG3,-122.696526,-2.2686744,0.0,0.0,2.2686744
12293,C1D,-122.03263,-2.268667,0.0,0.0,2.268667
11230,NEK6,-119.51072,-2.2685554,0.0,0.0,2.2685554
1988,CDC42EP4,121.32345,2.268501,0.0,0.0,2.268501
9206,LINC00842,-85.72289,-2.268235,0.0,0.0,2.268235
13364,INSIG2,-122.42941,-2.2677588,0.0,0.0,2.2677588
12546,SSU72,-122.19523,-2.2664127,0.0,0.0,2.2664127
9247,HRK,-87.03429,-2.2664046,0.0,0.0,2.2664046
1525,CYTH3,122.318794,2.2662368,0.0,0.0,2.2662368
10277,ANGPTL3,-110.044136,-2.266189,0.0,0.0,2.266189
188,GPATCH8,123.08021,2.2658553,0.0,0.0,2.2658553
2194,IQCH-AS1,120.3748,2.2648437,0.0,0.0,2.2648437
2232,NKAIN1,120.20391,2.2642305,0.0,0.0,2.2642305
1474,NLK,122.38539,2.2639892,0.0,0.0,2.2639892
12435,C12orf43,-122.13383,-2.2635534,0.0,0.0,2.2635534
3376,SPAG17,110.23673,2.2634666,0.0,0.0,2.2634666
2808,ZNF556,116.482475,2.263409,0.0,0.0,2.263409
11878,ZNF416,-121.50172,-2.2632792,0.0,0.0,2.2632792
2773,CRYBB3,116.76831,2.263202,0.0,0.0,2.263202
11690,TMEM60,-121.097145,-2.2630486,0.0,0.0,2.2630486
13661,CSTF1,-122.49063,-2.2627063,0.0,0.0,2.2627063
3245,ANKRD35,111.93295,2.2624507,0.0,0.0,2.2624507
9211,PODN,-85.854065,-2.2622244,0.0,0.0,2.2622244
9847,CDCA7,-102.446655,-2.2620764,0.0,0.0,2.2620764
14517,TIPRL,-122.75567,-2.2620041,0.0,0.0,2.2620041
13802,BLVRA,-122.525986,-2.2619743,0.0,0.0,2.2619743
3358,NRSN1,110.4815,2.261471,0.0,0.0,2.261471
532,NSMAF,122.92778,2.260935,0.0,0.0,2.260935
13063,ACAA2,-122.3641,-2.260926,0.0,0.0,2.260926
2943,DRAM1,115.192474,2.2609088,0.0,0.0,2.2609088
2871,DISP3,115.85417,2.2608502,0.0,0.0,2.2608502
2985,RASSF6,114.88216,2.2600262,0.0,0.0,2.2600262
13204,CFAP97,-122.39905,-2.2598858,0.0,0.0,2.2598858
2501,NCAM1,118.77901,2.2595491,0.0,0.0,2.2595491
11601,SYNGR2,-120.89085,-2.2569222,0.0,0.0,2.2569222
1348,FOXK2,122.50196,2.256896,0.0,0.0,2.256896
3275,CDKN2C,111.59348,2.2565033,0.0,0.0,2.2565033
3543,BCKDHB,108.09595,2.256503,0.0,0.0,2.256503
9345,DNM3OS,-89.78168,-2.2564294,0.0,0.0,2.2564294
3095,FLYWCH1,113.75345,2.2563224,0.0,0.0,2.2563224
9141,ARL11,-83.53235,-2.2561567,0.0,0.0,2.2561567
12720,SERTAD2,-122.26033,-2.255973,0.0,0.0,2.255973
2528,GCNA,118.586,2.255362,0.0,0.0,2.255362
1866,PPP2R3A,121.65903,2.2551186,0.0,0.0,2.2551186
6541,CDCA5,23.17975,-2.2542033,7.288488631481189e-119,7.838124493763868e-119,2.2542033
11907,RTL8C,-121.55529,-2.2541857,0.0,0.0,2.2541857
7838,PLK4,-34.619167,-2.2538207,1.3006794804293718e-262,1.4579682090732382e-262,2.2538207
3147,FOXP3,113.08932,2.2536147,0.0,0.0,2.2536147
10677,TRAM1L1,-115.0771,-2.2535217,0.0,0.0,2.2535217
11705,STK16,-121.1271,-2.2532575,0.0,0.0,2.2532575
1120,LYST,122.64518,2.2525778,0.0,0.0,2.2525778
4120,RIIAD1,97.71557,2.2523496,0.0,0.0,2.2523496
10314,MCAM,-110.70167,-2.2523098,0.0,0.0,2.2523098
9730,TMEM171,-99.87766,-2.2521088,0.0,0.0,2.2521088
11985,SLC10A3,-121.672485,-2.252078,0.0,0.0,2.252078
1235,PIK3CB,122.57915,2.2517977,0.0,0.0,2.2517977
12756,ZNF182,-122.27291,-2.2510433,0.0,0.0,2.2510433
3800,HIF3A,103.63784,2.2507415,0.0,0.0,2.2507415
3084,GPR135,113.82519,2.2506647,0.0,0.0,2.2506647
3584,LINC01337,107.36646,2.2505958,0.0,0.0,2.2505958
11453,DUSP15,-120.36783,-2.2504556,0.0,0.0,2.2504556
11679,MYDGF,-121.08081,-2.2504222,0.0,0.0,2.2504222
2568,FCSK,118.246704,2.2499313,0.0,0.0,2.2499313
3356,APOBEC3H,110.48273,2.2490175,0.0,0.0,2.2490175
13280,SNAPC5,-122.41138,-2.2487748,0.0,0.0,2.2487748
9894,CHAC1,-103.17841,-2.2487135,0.0,0.0,2.2487135
1974,MFSD11,121.372,2.2484393,0.0,0.0,2.2484393
357,GNE,123.00039,2.2484074,0.0,0.0,2.2484074
4255,PLEKHG6,95.24167,2.247799,0.0,0.0,2.247799
13653,UBQLN2,-122.48792,-2.2475307,0.0,0.0,2.2475307
2422,EFR3B,119.22716,2.2464194,0.0,0.0,2.2464194
10165,YPEL3,-108.38487,-2.2463233,0.0,0.0,2.2463233
2901,ANXA4,115.564674,2.245699,0.0,0.0,2.245699
413,COG7,122.97103,2.2455063,0.0,0.0,2.2455063
3046,ZSCAN23,114.2742,2.2454174,0.0,0.0,2.2454174
1956,ICA1L,121.40495,2.244812,0.0,0.0,2.244812
11733,SMIM20,-121.207565,-2.2445643,0.0,0.0,2.2445643
1660,ULK3,122.1235,2.243252,0.0,0.0,2.243252
12693,SLC39A6,-122.250595,-2.2425911,0.0,0.0,2.2425911
11422,GRINA,-120.26409,-2.242311,0.0,0.0,2.242311
5012,CYTOR,77.70691,2.2423072,0.0,0.0,2.2423072
12865,GNL2,-122.30601,-2.2402468,0.0,0.0,2.2402468
12586,MRPS18C,-122.20825,-2.2401304,0.0,0.0,2.2401304
12025,PARD6G,-121.72938,-2.2379184,0.0,0.0,2.2379184
12446,DPM2,-122.13881,-2.2377563,0.0,0.0,2.2377563
11738,MRTO4,-121.2252,-2.2375197,0.0,0.0,2.2375197
11987,NRBF2,-121.67594,-2.2374902,0.0,0.0,2.2374902
10284,TES,-110.18058,-2.2369115,0.0,0.0,2.2369115
11049,PNCK,-118.50805,-2.2367907,0.0,0.0,2.2367907
9889,KCNE3,-103.105225,-2.2363522,0.0,0.0,2.2363522
9814,LDLR,-101.715805,-2.2361534,0.0,0.0,2.2361534
10089,ZNF696,-107.146416,-2.2360592,0.0,0.0,2.2360592
3912,SLC6A12,101.28372,2.2354662,0.0,0.0,2.2354662
777,NR3C1,122.81423,2.2352717,0.0,0.0,2.2352717
11882,POLR2H,-121.50665,-2.234905,0.0,0.0,2.234905
10954,MRPL53,-117.84778,-2.2342463,0.0,0.0,2.2342463
11339,JPT2,-119.93609,-2.2335658,0.0,0.0,2.2335658
2766,LRRC3B,116.83855,2.2335413,0.0,0.0,2.2335413
3485,RGS7BP,108.87854,2.2331975,0.0,0.0,2.2331975
13559,PPP2R1A,-122.466156,-2.2322772,0.0,0.0,2.2322772
8352,PARPBP,-55.25704,-2.231809,0.0,0.0,2.231809
11643,SKIL,-121.00544,-2.230697,0.0,0.0,2.230697
11565,EIF5,-120.76728,-2.2305653,0.0,0.0,2.2305653
1708,WIPI1,122.05064,2.2301893,0.0,0.0,2.2301893
3697,HPCAL4,105.470505,2.2299545,0.0,0.0,2.2299545
13481,PPP1R7,-122.4522,-2.229424,0.0,0.0,2.229424
10119,PAN3-AS1,-107.672775,-2.2292852,0.0,0.0,2.2292852
11476,NDUFAB1,-120.468254,-2.229116,0.0,0.0,2.229116
12512,JTB,-122.17686,-2.2284262,0.0,0.0,2.2284262
8067,GET3,-44.11433,-2.2279468,0.0,0.0,2.2279468
3921,SLC29A1,101.12366,2.227884,0.0,0.0,2.227884
14289,SNX3,-122.666626,-2.227805,0.0,0.0,2.227805
5364,APOL1,67.17363,2.2277136,0.0,0.0,2.2277136
3212,NOL4,112.30602,2.2273622,0.0,0.0,2.2273622
1495,CCDC91,122.3581,2.2262208,0.0,0.0,2.2262208
1715,MAP3K13,122.038246,2.2261992,0.0,0.0,2.2261992
11617,NOTCH1,-120.934654,-2.225652,0.0,0.0,2.225652
13687,SPG21,-122.49615,-2.2248294,0.0,0.0,2.2248294
3213,ZNF331,112.30202,2.223393,0.0,0.0,2.223393
3142,FA2H,113.14965,2.2224364,0.0,0.0,2.2224364
1979,AQP11,121.35737,2.222295,0.0,0.0,2.222295
2608,ANKRD31,117.95761,2.2218435,0.0,0.0,2.2218435
3607,STX18-AS1,107.03219,2.2205617,0.0,0.0,2.2205617
9963,PEAR1,-104.50912,-2.2198713,0.0,0.0,2.2198713
2532,LIPA,118.51212,2.219663,0.0,0.0,2.219663
3776,HS3ST3B1,104.14911,2.2185075,0.0,0.0,2.2185075
738,JADE3,122.83649,2.217975,0.0,0.0,2.217975
2989,TCP11L2,114.84227,2.2178686,0.0,0.0,2.2178686
12832,PSMA5,-122.29628,-2.2177386,0.0,0.0,2.2177386
9123,NEBL-AS1,-83.14995,-2.2175643,0.0,0.0,2.2175643
8984,FABP1,-78.196236,-2.2175503,0.0,0.0,2.2175503
10476,MANEAL,-112.95357,-2.217406,0.0,0.0,2.217406
455,ORC5,122.95514,2.217251,0.0,0.0,2.217251
11550,PRPF19,-120.710075,-2.216995,0.0,0.0,2.216995
2190,LSMEM1,120.39067,2.2167313,0.0,0.0,2.2167313
14372,GRK6,-122.69939,-2.2165408,0.0,0.0,2.2165408
13394,RAB14,-122.43471,-2.2158985,0.0,0.0,2.2158985
11152,ACLY,-119.173195,-2.2156627,0.0,0.0,2.2156627
9680,ELAVL2,-98.8811,-2.2144256,0.0,0.0,2.2144256
11267,DNAJB9,-119.65394,-2.2142649,0.0,0.0,2.2142649
2220,SLC5A2,120.25523,2.2138069,0.0,0.0,2.2138069
3711,GRIA1,105.29416,2.213761,0.0,0.0,2.213761
10359,LINC01489,-111.544586,-2.2136338,0.0,0.0,2.2136338
3993,LRFN5,99.83867,2.213438,0.0,0.0,2.213438
2401,PPP1R36,119.3534,2.2130678,0.0,0.0,2.2130678
3120,NR2E3,113.42513,2.211588,0.0,0.0,2.211588
11624,ALDH16A1,-120.95675,-2.21134,0.0,0.0,2.21134
11178,SKIDA1,-119.29932,-2.211225,0.0,0.0,2.211225
14204,TMEM223,-122.636375,-2.2105322,0.0,0.0,2.2105322
9404,CXCL16,-91.34583,-2.2102427,0.0,0.0,2.2102427
8600,SYT13,-64.28022,-2.2097166,0.0,0.0,2.2097166
11340,CCDC78,-119.93667,-2.2095268,0.0,0.0,2.2095268
12907,TSFM,-122.32235,-2.2086563,0.0,0.0,2.2086563
12180,MRPL22,-121.91969,-2.2086267,0.0,0.0,2.2086267
12766,RNF20,-122.27602,-2.2082741,0.0,0.0,2.2082741
8806,SLC30A1,-72.42786,-2.2079518,0.0,0.0,2.2079518
10073,BGN,-106.76034,-2.2077763,0.0,0.0,2.2077763
11797,UQCRFS1,-121.3505,-2.2076797,0.0,0.0,2.2076797
9812,KCNQ1OT1,-101.681435,-2.2074285,0.0,0.0,2.2074285
13275,ACTR6,-122.410095,-2.207044,0.0,0.0,2.207044
10939,TMEM37,-117.648056,-2.206444,0.0,0.0,2.206444
14266,MSANTD4,-122.65931,-2.206161,0.0,0.0,2.206161
4468,NPIPB6,90.66442,2.206074,0.0,0.0,2.206074
604,ABL1,122.9,2.2060318,0.0,0.0,2.2060318
2694,FBP1,117.387764,2.2059922,0.0,0.0,2.2059922
9041,RNF112,-79.909164,-2.2059681,0.0,0.0,2.2059681
11113,B4GAT1,-118.978226,-2.205912,0.0,0.0,2.205912
3747,LIN9,104.606285,2.205768,0.0,0.0,2.205768
558,METTL15,122.91923,2.2053275,0.0,0.0,2.2053275
11675,MAP3K12,-121.0703,-2.2051673,0.0,0.0,2.2051673
3341,CD27,110.62531,2.2050898,0.0,0.0,2.2050898
7721,NDRG1,-28.660677,-2.2043235,1.1800595989510324e-180,1.2958288103096964e-180,2.2043235
12326,RBM22,-122.06075,-2.203782,0.0,0.0,2.203782
13997,DCTN2,-122.57374,-2.2036505,0.0,0.0,2.2036505
14294,GSKIP,-122.669235,-2.2036142,0.0,0.0,2.2036142
3498,ADAMTS18,108.69771,2.20259,0.0,0.0,2.20259
209,SWT1,123.07118,2.2022877,0.0,0.0,2.2022877
1945,RELCH,121.42505,2.2010436,0.0,0.0,2.2010436
2310,CDK8,119.80584,2.2004488,0.0,0.0,2.2004488
3323,H6PD,110.89595,2.1999779,0.0,0.0,2.1999779
3493,NAALADL1,108.76042,2.1993804,0.0,0.0,2.1993804
9328,TRIM46,-89.4293,-2.1988876,0.0,0.0,2.1988876
10034,OLFM1,-106.106636,-2.1976492,0.0,0.0,2.1976492
11992,RAB3D,-121.68366,-2.1964483,0.0,0.0,2.1964483
11228,CYB5D1,-119.500786,-2.1958365,0.0,0.0,2.1958365
13341,ASB3,-122.42469,-2.1955404,0.0,0.0,2.1955404
6630,DDIAS,19.29812,-2.195489,5.569756014799939e-83,5.9155722898523275e-83,2.195489
12115,YBEY,-121.84363,-2.194581,0.0,0.0,2.194581
3500,NOVA2,108.66921,2.1945572,0.0,0.0,2.1945572
10205,SLFN5,-109.00038,-2.1942523,0.0,0.0,2.1942523
12119,DKC1,-121.84567,-2.1941726,0.0,0.0,2.1941726
505,AGTPBP1,122.939285,2.193921,0.0,0.0,2.193921
10294,SCG2,-110.36593,-2.193038,0.0,0.0,2.193038
8975,EHD2,-78.038414,-2.1929824,0.0,0.0,2.1929824
3163,MIR7-3HG,112.87676,2.192541,0.0,0.0,2.192541
3130,SP110,113.30698,2.191866,0.0,0.0,2.191866
12608,CSTF2T,-122.21882,-2.1916032,0.0,0.0,2.1916032
3617,ALDH1A3,106.892654,2.1915333,0.0,0.0,2.1915333
1833,KCNMB3,121.76494,2.1914787,0.0,0.0,2.1914787
11762,EEF2KMT,-121.28038,-2.1912816,0.0,0.0,2.1912816
2140,C22orf23,120.66915,2.1912355,0.0,0.0,2.1912355
13138,ECI2,-122.38275,-2.1907604,0.0,0.0,2.1907604
3431,REC114,109.57216,2.1898878,0.0,0.0,2.1898878
11581,TBCC,-120.820755,-2.1894696,0.0,0.0,2.1894696
2820,NEURL1,116.36549,2.189244,0.0,0.0,2.189244
2419,KIZ,119.23848,2.1888404,0.0,0.0,2.1888404
105,VRK2,123.13408,2.1886542,0.0,0.0,2.1886542
1357,SFMBT1,122.49517,2.1880631,0.0,0.0,2.1880631
8605,RAB25,-64.40421,-2.1878397,0.0,0.0,2.1878397
14019,ETF1,-122.58114,-2.1877248,0.0,0.0,2.1877248
10235,SPHK1,-109.559586,-2.1870315,0.0,0.0,2.1870315
10519,SEZ6L2,-113.32071,-2.186061,0.0,0.0,2.186061
9908,GPR87,-103.46181,-2.186007,0.0,0.0,2.186007
10304,EPSTI1,-110.58234,-2.1856446,0.0,0.0,2.1856446
8417,LRP2,-57.615597,-2.1851635,0.0,0.0,2.1851635
14010,MED29,-122.57692,-2.1850533,0.0,0.0,2.1850533
10595,MTMR11,-114.12258,-2.1830528,0.0,0.0,2.1830528
12259,NDUFB9,-122.00545,-2.1825347,0.0,0.0,2.1825347
12255,DSG2,-122.0014,-2.1822455,0.0,0.0,2.1822455
13291,ATP6V0D1,-122.4144,-2.1818657,0.0,0.0,2.1818657
10638,FAM47E,-114.70028,-2.1815937,0.0,0.0,2.1815937
1720,EPB41,122.028786,2.1807828,0.0,0.0,2.1807828
1694,LPCAT3,122.0734,2.1805055,0.0,0.0,2.1805055
13292,RAB1B,-122.41446,-2.1797612,0.0,0.0,2.1797612
2665,FBXO31,117.624176,2.1795151,0.0,0.0,2.1795151
2913,SUGCT,115.475555,2.1787546,0.0,0.0,2.1787546
11701,ACOT13,-121.11732,-2.1787436,0.0,0.0,2.1787436
4547,TNNI3K,88.71296,2.178618,0.0,0.0,2.178618
12207,WDR18,-121.945045,-2.1784341,0.0,0.0,2.1784341
3577,SHISA9,107.474846,2.1777909,0.0,0.0,2.1777909
2525,KCNC1,118.597466,2.17724,0.0,0.0,2.17724
3433,ELF4,109.529785,2.1772108,0.0,0.0,2.1772108
10969,GALNT7,-117.9798,-2.1771836,0.0,0.0,2.1771836
4639,NAMA,86.93282,2.1744826,0.0,0.0,2.1744826
3044,CCDC9B,114.27841,2.17392,0.0,0.0,2.17392
3969,TNFSF13B,100.21135,2.1738691,0.0,0.0,2.1738691
9787,GJA3,-101.03716,-2.1724617,0.0,0.0,2.1724617
4854,CXCR5,82.02143,2.1721797,0.0,0.0,2.1721797
13000,MRPS30,-122.3485,-2.172038,0.0,0.0,2.172038
11526,SLC25A22,-120.651,-2.1715348,0.0,0.0,2.1715348
1279,XRRA1,122.55303,2.1712306,0.0,0.0,2.1712306
780,SOS2,122.813805,2.1707335,0.0,0.0,2.1707335
1113,TAOK3,122.647896,2.1699,0.0,0.0,2.1699
2549,LRRK1,118.35227,2.1698222,0.0,0.0,2.1698222
7774,GPC3,-31.478918,-2.1696472,1.6882462480027631e-217,1.870909370404915e-217,2.1696472
12681,DDX54,-122.2453,-2.1692104,0.0,0.0,2.1692104
12453,BCKDK,-122.14148,-2.1684923,0.0,0.0,2.1684923
3795,TERT,103.76351,2.1682236,0.0,0.0,2.1682236
690,IFT122,122.86321,2.1678789,0.0,0.0,2.1678789
2980,MAFK,114.91994,2.1677482,0.0,0.0,2.1677482
12130,GTF2A2,-121.85775,-2.167622,0.0,0.0,2.167622
8643,HOXB13,-65.79238,-2.1675649,0.0,0.0,2.1675649
12594,ATIC,-122.21076,-2.1672862,0.0,0.0,2.1672862
9670,DGKI,-98.666534,-2.1672456,0.0,0.0,2.1672456
13767,FBXW9,-122.51705,-2.1670125,0.0,0.0,2.1670125
530,TFCP2,122.92805,2.1669784,0.0,0.0,2.1669784
1337,SLC15A4,122.50947,2.1668482,0.0,0.0,2.1668482
10725,MSMP,-115.609924,-2.165646,0.0,0.0,2.165646
10922,CAPN5,-117.49436,-2.1650877,0.0,0.0,2.1650877
2706,CLDN4,117.27966,2.1646092,0.0,0.0,2.1646092
2733,ASMTL-AS1,117.074135,2.1643183,0.0,0.0,2.1643183
8433,TBX4,-58.051533,-2.164272,0.0,0.0,2.164272
9755,CCDC177,-100.45197,-2.163864,0.0,0.0,2.163864
13623,CFAP20,-122.48255,-2.1633222,0.0,0.0,2.1633222
10673,ANXA2R,-115.039604,-2.1630776,0.0,0.0,2.1630776
11588,FOXP4,-120.83474,-2.1629794,0.0,0.0,2.1629794
1402,ORC2,122.45318,2.1629722,0.0,0.0,2.1629722
3693,MYB,105.50459,2.1627872,0.0,0.0,2.1627872
2621,KIF6,117.901215,2.162782,0.0,0.0,2.162782
2390,SLC39A14,119.40126,2.1627457,0.0,0.0,2.1627457
3836,F2RL2,102.886955,2.162121,0.0,0.0,2.162121
1361,ERC1,122.49108,2.1618032,0.0,0.0,2.1618032
9407,MCHR1,-91.361404,-2.1616585,0.0,0.0,2.1616585
11723,SDC2,-121.16731,-2.161263,0.0,0.0,2.161263
2047,ACSS2,121.122765,2.1610587,0.0,0.0,2.1610587
11927,ATP5MG,-121.58541,-2.1608543,0.0,0.0,2.1608543
3378,LINC02606,110.20531,2.1606832,0.0,0.0,2.1606832
8951,ZIC1,-77.27147,-2.1605523,0.0,0.0,2.1605523
14793,PAIP1,-122.99063,-2.15921,0.0,0.0,2.15921
4351,RCC1,93.183876,2.1588311,0.0,0.0,2.1588311
2785,GAPDHS,116.67508,2.1588235,0.0,0.0,2.1588235
3116,RMDN2,113.47027,2.158617,0.0,0.0,2.158617
2010,ZSWIM3,121.255325,2.1582706,0.0,0.0,2.1582706
13313,TRMT10C,-122.41902,-2.1581168,0.0,0.0,2.1581168
3159,CPT1A,112.90965,2.156914,0.0,0.0,2.156914
11935,COLGALT1,-121.60609,-2.1566765,0.0,0.0,2.1566765
983,SCAF8,122.71734,2.1565025,0.0,0.0,2.1565025
4165,IL17RB,97.03193,2.1563334,0.0,0.0,2.1563334
9323,JCAD,-89.300385,-2.156239,0.0,0.0,2.156239
11840,SELENOT,-121.425835,-2.1559567,0.0,0.0,2.1559567
2371,MTMR8,119.489655,2.1554224,0.0,0.0,2.1554224
12718,KDM1A,-122.25956,-2.1551533,0.0,0.0,2.1551533
639,ZFP64,122.886345,2.1550448,0.0,0.0,2.1550448
1188,RALGAPA1,122.605774,2.154816,0.0,0.0,2.154816
3966,MIP,100.29154,2.154278,0.0,0.0,2.154278
10608,DEPDC7,-114.305336,-2.153611,0.0,0.0,2.153611
11994,EIF3B,-121.68403,-2.1535902,0.0,0.0,2.1535902
11545,ZNF184,-120.700195,-2.153073,0.0,0.0,2.153073
13441,RRP36,-122.44597,-2.1525185,0.0,0.0,2.1525185
12803,MOB1A,-122.28586,-2.1524026,0.0,0.0,2.1524026
2981,GLIDR,114.914276,2.1523015,0.0,0.0,2.1523015
11824,NANS,-121.39808,-2.1521587,0.0,0.0,2.1521587
3758,GALNT14,104.37994,2.1520736,0.0,0.0,2.1520736
13432,ZBTB18,-122.44397,-2.1516492,0.0,0.0,2.1516492
3685,TBC1D32,105.58708,2.1514027,0.0,0.0,2.1514027
9725,HES6,-99.82364,-2.1511033,0.0,0.0,2.1511033
11343,PELI3,-119.980255,-2.1510458,0.0,0.0,2.1510458
2384,ZNF575,119.4258,2.1494105,0.0,0.0,2.1494105
537,MCPH1,122.92707,2.1478667,0.0,0.0,2.1478667
3339,TMEM150C,110.626236,2.147817,0.0,0.0,2.147817
11099,TSPAN10,-118.88333,-2.1476052,0.0,0.0,2.1476052
3822,SIRT5,103.1418,2.147595,0.0,0.0,2.147595
2822,SDR16C5,116.358025,2.147355,0.0,0.0,2.147355
2222,CA5B,120.23621,2.1471708,0.0,0.0,2.1471708
3267,VWCE,111.66507,2.147156,0.0,0.0,2.147156
14133,ADCK2,-122.61536,-2.1467822,0.0,0.0,2.1467822
12018,TCOF1,-121.71561,-2.1450553,0.0,0.0,2.1450553
8668,ASCL2,-66.65919,-2.1450288,0.0,0.0,2.1450288
10645,PEA15,-114.76453,-2.1441333,0.0,0.0,2.1441333
10903,ATP1A1,-117.3626,-2.14412,0.0,0.0,2.14412
8859,ITGA1,-73.982574,-2.1439888,0.0,0.0,2.1439888
13349,UBE2A,-122.42562,-2.1434767,0.0,0.0,2.1434767
12539,EXOSC2,-122.19171,-2.143441,0.0,0.0,2.143441
10647,CDK2,-114.784485,-2.1427677,0.0,0.0,2.1427677
12986,TMBIM6,-122.34471,-2.142672,0.0,0.0,2.142672
2066,SPATA45,121.05128,2.1416686,0.0,0.0,2.1416686
12330,PLEKHO1,-122.06235,-2.1413734,0.0,0.0,2.1413734
12369,EMC7,-122.09332,-2.1412573,0.0,0.0,2.1412573
14593,TMED4,-122.792885,-2.140839,0.0,0.0,2.140839
12323,MTFR1L,-122.05855,-2.139904,0.0,0.0,2.139904
2614,SYN2,117.93467,2.1394138,0.0,0.0,2.1394138
12039,MMADHC,-121.74912,-2.1393876,0.0,0.0,2.1393876
11436,PDE6B,-120.30594,-2.139041,0.0,0.0,2.139041
3678,SNAI3,105.761696,2.1388903,0.0,0.0,2.1388903
12660,PANK3,-122.23685,-2.1387382,0.0,0.0,2.1387382
3392,P2RX3,110.049126,2.138269,0.0,0.0,2.138269
2141,KDM7A,120.664604,2.1381977,0.0,0.0,2.1381977
11772,ASF1A,-121.29336,-2.1379073,0.0,0.0,2.1379073
10918,MBD3,-117.47945,-2.1378937,0.0,0.0,2.1378937
10375,CAVIN1,-111.75954,-2.137716,0.0,0.0,2.137716
10262,FAM41C,-109.89176,-2.137707,0.0,0.0,2.137707
2846,GRIN1,116.08586,2.1375844,0.0,0.0,2.1375844
2235,TRIM66,120.17951,2.137454,0.0,0.0,2.137454
1954,PTPRS,121.40616,2.1365595,0.0,0.0,2.1365595
3171,PKNOX2,112.74128,2.1365035,0.0,0.0,2.1365035
2712,QPCTL,117.20944,2.1361887,0.0,0.0,2.1361887
2302,RFX7,119.852425,2.135554,0.0,0.0,2.135554
11074,EZH2,-118.68772,-2.1351337,0.0,0.0,2.1351337
319,TRIT1,123.01936,2.1347501,0.0,0.0,2.1347501
14006,CHCHD7,-122.57557,-2.1343632,0.0,0.0,2.1343632
988,SPG11,122.715416,2.1343374,0.0,0.0,2.1343374
10131,KLF2,-107.89068,-2.1339562,0.0,0.0,2.1339562
382,RNF13,122.98842,2.1336262,0.0,0.0,2.1336262
2973,KREMEN1,114.962845,2.133411,0.0,0.0,2.133411
11998,DUSP28,-121.68874,-2.1327798,0.0,0.0,2.1327798
3900,SQOR,101.53613,2.1327143,0.0,0.0,2.1327143
3112,CABYR,113.537384,2.1324656,0.0,0.0,2.1324656
1435,USP20,122.42394,2.132417,0.0,0.0,2.132417
2449,MGAT5,119.08678,2.1321113,0.0,0.0,2.1321113
3467,HAND2-AS1,109.14848,2.1317658,0.0,0.0,2.1317658
3217,SLC2A12,112.26526,2.1309652,0.0,0.0,2.1309652
1258,MFAP3,122.56674,2.1305308,0.0,0.0,2.1305308
8207,STIM2-AS1,-49.60031,-2.1304936,0.0,0.0,2.1304936
2554,MIPOL1,118.315765,2.1304178,0.0,0.0,2.1304178
4918,MRC1,80.41247,2.1302712,0.0,0.0,2.1302712
14451,SIKE1,-122.728546,-2.1301324,0.0,0.0,2.1301324
8073,PRXL2A,-44.305622,-2.1298335,0.0,0.0,2.1298335
2673,KAT2A,117.547585,2.1297398,0.0,0.0,2.1297398
10706,LRRCC1,-115.44826,-2.1291857,0.0,0.0,2.1291857
11047,PABPN1,-118.488045,-2.1289062,0.0,0.0,2.1289062
3666,EGFLAM,106.01985,2.1288612,0.0,0.0,2.1288612
762,TBC1D22B,122.82228,2.1281667,0.0,0.0,2.1281667
11017,PYCARD-AS1,-118.323616,-2.127759,0.0,0.0,2.127759
1647,MAU2,122.14269,2.1276042,0.0,0.0,2.1276042
12163,RIC8A,-121.89343,-2.127358,0.0,0.0,2.127358
2931,FAXDC2,115.279755,2.1268692,0.0,0.0,2.1268692
10670,TM7SF2,-115.02502,-2.1267796,0.0,0.0,2.1267796
10251,GOLT1A,-109.74957,-2.1264749,0.0,0.0,2.1264749
12411,FAM161A,-122.12042,-2.1264267,0.0,0.0,2.1264267
9427,IL17D,-91.79284,-2.1263003,0.0,0.0,2.1263003
13182,ADIPOR1,-122.3939,-2.1258109,0.0,0.0,2.1258109
9669,MAG,-98.65712,-2.1257033,0.0,0.0,2.1257033
1155,ALKBH1,122.62195,2.1238124,0.0,0.0,2.1238124
14446,SNAP29,-122.72732,-2.1237652,0.0,0.0,2.1237652
3645,ABCC5,106.37277,2.123722,0.0,0.0,2.123722
11858,FAM8A1,-121.45795,-2.1236486,0.0,0.0,2.1236486
11087,PRSS36,-118.829414,-2.1232836,0.0,0.0,2.1232836
3170,TJP3,112.77413,2.1225023,0.0,0.0,2.1225023
4098,ADH6,98.0952,2.1224086,0.0,0.0,2.1224086
328,NSUN6,123.0121,2.1223624,0.0,0.0,2.1223624
11764,ELOC,-121.2813,-2.1215856,0.0,0.0,2.1215856
1775,NEK7,121.915115,2.121303,0.0,0.0,2.121303
2945,NMD3,115.17291,2.1211877,0.0,0.0,2.1211877
6582,MEG3,21.372965,-2.1210175,2.3849454705908356e-101,2.5507410596619805e-101,2.1210175
10552,RAB38,-113.660675,-2.1205292,0.0,0.0,2.1205292
3023,ME1,114.52136,2.1204972,0.0,0.0,2.1204972
1682,PGM5,122.0876,2.1202672,0.0,0.0,2.1202672
1242,TTC38,122.57541,2.1200166,0.0,0.0,2.1200166
10196,MAP2K6,-108.85152,-2.119878,0.0,0.0,2.119878
3148,NUBPL,113.08343,2.118709,0.0,0.0,2.118709
2610,CFAP43,117.953674,2.1186929,0.0,0.0,2.1186929
10465,NEURL2,-112.7787,-2.1183915,0.0,0.0,2.1183915
12606,PRRC2C,-122.21699,-2.1181097,0.0,0.0,2.1181097
3058,MEF2C-AS1,114.14905,2.117046,0.0,0.0,2.117046
1371,ATR,122.48336,2.1163955,0.0,0.0,2.1163955
8701,CHAF1A,-68.17382,-2.1163726,0.0,0.0,2.1163726
12280,CDIPT,-122.024574,-2.115986,0.0,0.0,2.115986
2728,ARL17A,117.10389,2.1146402,0.0,0.0,2.1146402
11989,ALAS1,-121.67646,-2.1142356,0.0,0.0,2.1142356
10201,CD79A,-108.945526,-2.1130335,0.0,0.0,2.1130335
2093,SDCBP2-AS1,120.904175,2.1125631,0.0,0.0,2.1125631
2345,R3HDM2,119.59322,2.1121478,0.0,0.0,2.1121478
12984,XRN2,-122.34442,-2.112133,0.0,0.0,2.112133
13910,BTF3L4,-122.54873,-2.1118944,0.0,0.0,2.1118944
8420,CALML3-AS1,-57.72897,-2.1118298,0.0,0.0,2.1118298
8562,ARRDC2,-62.90434,-2.1113698,0.0,0.0,2.1113698
3629,NEXMIF,106.657616,2.1108365,0.0,0.0,2.1108365
11900,NDUFA12,-121.536476,-2.1107855,0.0,0.0,2.1107855
11199,GCC1,-119.37379,-2.1106837,0.0,0.0,2.1106837
8714,STPG3-AS1,-68.74139,-2.1104832,0.0,0.0,2.1104832
3830,FKBP5,103.01824,2.110472,0.0,0.0,2.110472
9212,TSHZ3,-85.857285,-2.1101208,0.0,0.0,2.1101208
12810,DTD1,-122.288246,-2.1096308,0.0,0.0,2.1096308
9387,STAC,-90.86793,-2.1095345,0.0,0.0,2.1095345
2759,TNRC6A,116.89457,2.109357,0.0,0.0,2.109357
3419,CACNG4,109.746155,2.1080341,0.0,0.0,2.1080341
8165,TSPAN11,-47.376305,-2.1077552,0.0,0.0,2.1077552
12421,SSNA1,-122.1265,-2.1076474,0.0,0.0,2.1076474
14075,TRUB2,-122.5989,-2.1069422,0.0,0.0,2.1069422
2466,OSBP2,119.00279,2.1068404,0.0,0.0,2.1068404
3028,RHOT2,114.45667,2.106196,0.0,0.0,2.106196
12214,COMMD5,-121.95306,-2.105452,0.0,0.0,2.105452
14695,STARD3NL,-122.873825,-2.1052313,0.0,0.0,2.1052313
11696,GSTM4,-121.101845,-2.105064,0.0,0.0,2.105064
8538,GATA2-AS1,-62.095238,-2.1039383,0.0,0.0,2.1039383
3276,ELOVL2,111.580025,2.1037385,0.0,0.0,2.1037385
11849,RNPEPL1,-121.44465,-2.102384,0.0,0.0,2.102384
13107,RHOA,-122.37337,-2.1022077,0.0,0.0,2.1022077
718,EVI5,122.84639,2.101949,0.0,0.0,2.101949
13312,PRKDC,-122.41883,-2.1015687,0.0,0.0,2.1015687
881,ZCCHC7,122.76743,2.1007764,0.0,0.0,2.1007764
1512,NUTM2A-AS1,122.34022,2.1003895,0.0,0.0,2.1003895
2924,C10orf143,115.351875,2.1003466,0.0,0.0,2.1003466
11418,ARL5A,-120.25843,-2.1003077,0.0,0.0,2.1003077
9827,MMP14,-102.036354,-2.0999072,0.0,0.0,2.0999072
2591,ANXA9,118.09553,2.099797,0.0,0.0,2.099797
14604,SPAG7,-122.802826,-2.0997467,0.0,0.0,2.0997467
3331,AGAP1,110.7552,2.099638,0.0,0.0,2.099638
3298,TXNIP,111.275665,2.0995655,0.0,0.0,2.0995655
4004,WDR62,99.627205,2.0993965,0.0,0.0,2.0993965
2480,RNF215,118.913124,2.0993426,0.0,0.0,2.0993426
11061,BRSK1,-118.57826,-2.0990224,0.0,0.0,2.0990224
11604,RWDD2A,-120.902084,-2.0986776,0.0,0.0,2.0986776
3067,IKZF2,114.03507,2.0982797,0.0,0.0,2.0982797
8105,SREBF2-AS1,-45.052807,-2.098079,0.0,0.0,2.098079
3944,LINC01275,100.64009,2.097796,0.0,0.0,2.097796
2192,RIN3,120.38399,2.0971332,0.0,0.0,2.0971332
10707,FAM216A,-115.44844,-2.0969896,0.0,0.0,2.0969896
3441,RAB40A,109.434586,2.0966892,0.0,0.0,2.0966892
2658,CD109,117.661766,2.096537,0.0,0.0,2.096537
2882,STEAP1,115.75963,2.0965126,0.0,0.0,2.0965126
1010,CDKL5,122.70283,2.0955665,0.0,0.0,2.0955665
10760,STX2,-115.91733,-2.0954053,0.0,0.0,2.0954053
11226,ATXN7L3,-119.49628,-2.0948887,0.0,0.0,2.0948887
1921,TSEN2,121.500595,2.0944993,0.0,0.0,2.0944993
1527,OGDH,122.317024,2.093773,0.0,0.0,2.093773
2467,SFI1,118.996346,2.0935538,0.0,0.0,2.0935538
4061,TBX6,98.6418,2.09286,0.0,0.0,2.09286
6898,ITGA5,7.3358655,2.0917952,2.2029310978345316e-13,2.25352952903738e-13,2.0917952
11407,BCAS4,-120.22268,-2.0910032,0.0,0.0,2.0910032
13036,COPB1,-122.35722,-2.0894623,0.0,0.0,2.0894623
12371,POLD1,-122.0951,-2.0884898,0.0,0.0,2.0884898
3848,PNLDC1,102.65511,2.0884612,0.0,0.0,2.0884612
2693,MADCAM1,117.3932,2.0871792,0.0,0.0,2.0871792
9060,BBC3,-80.595436,-2.0871298,0.0,0.0,2.0871298
11004,SPCS3,-118.226845,-2.0854948,0.0,0.0,2.0854948
1709,ZNF630,122.05004,2.0848315,0.0,0.0,2.0848315
3145,ANKRD36C,113.10941,2.084623,0.0,0.0,2.084623
1786,EXOC6,121.87844,2.0839653,0.0,0.0,2.0839653
9694,CHST1,-99.09556,-2.0837467,0.0,0.0,2.0837467
14063,TYW3,-122.59562,-2.0836234,0.0,0.0,2.0836234
3004,WNT3A,114.6731,2.0828528,0.0,0.0,2.0828528
10000,COL6A2,-105.49771,-2.0825336,0.0,0.0,2.0825336
1044,CUL4A,122.68141,2.0824769,0.0,0.0,2.0824769
12368,TUFM,-122.093,-2.0820858,0.0,0.0,2.0820858
13422,USP11,-122.44214,-2.0819118,0.0,0.0,2.0819118
12070,METTL5,-121.79922,-2.0816412,0.0,0.0,2.0816412
11337,ARHGDIA,-119.917984,-2.0815034,0.0,0.0,2.0815034
3591,OSBPL10,107.25046,2.0814023,0.0,0.0,2.0814023
13841,TIMM29,-122.534584,-2.0812185,0.0,0.0,2.0812185
13607,AAMP,-122.47784,-2.0809956,0.0,0.0,2.0809956
10572,SYN1,-113.84981,-2.0808604,0.0,0.0,2.0808604
3664,PGBD5,106.03452,2.0805516,0.0,0.0,2.0805516
1110,NF1,122.64877,2.080409,0.0,0.0,2.080409
14195,ARL16,-122.63376,-2.0803077,0.0,0.0,2.0803077
6650,RGPD2,18.137213,2.0802603,1.6204326023728718e-73,1.7151467260770814e-73,2.0802603
1932,C1orf159,121.47207,2.0800383,0.0,0.0,2.0800383
11650,PPP1R15B,-121.02211,-2.0798314,0.0,0.0,2.0798314
13021,C2orf49,-122.353516,-2.079716,0.0,0.0,2.079716
3989,LINC00924,99.89696,2.0796185,0.0,0.0,2.0796185
8052,NCBP2AS2,-43.745003,-2.0795703,0.0,0.0,2.0795703
12536,TBCA,-122.1912,-2.0791855,0.0,0.0,2.0791855
9315,ATP2B1-AS1,-88.9655,-2.0791686,0.0,0.0,2.0791686
11298,HIRIP3,-119.7947,-2.0790584,0.0,0.0,2.0790584
11089,TP53BP2,-118.84173,-2.0783103,0.0,0.0,2.0783103
9937,PAQR6,-103.98028,-2.0780687,0.0,0.0,2.0780687
11287,SERTAD3,-119.73746,-2.077639,0.0,0.0,2.077639
9081,ERP27,-81.268425,-2.0772214,0.0,0.0,2.0772214
7672,SBSPON,-26.700891,-2.077175,4.5959729190820277e-157,5.0101340950316465e-157,2.077175
2370,ZNRF3-AS1,119.49385,2.076898,0.0,0.0,2.076898
4878,LUCAT1,81.471466,2.0759628,0.0,0.0,2.0759628
11215,GOLM1,-119.43689,-2.0758405,0.0,0.0,2.0758405
318,MRRF,123.01942,2.075448,0.0,0.0,2.075448
1248,ZNF461,122.57124,2.0743783,0.0,0.0,2.0743783
9773,ERBB3,-100.82519,-2.0738516,0.0,0.0,2.0738516
512,TBC1D22A,122.93735,2.0737598,0.0,0.0,2.0737598
2687,F8,117.43046,2.0727422,0.0,0.0,2.0727422
1399,SGMS1,122.455124,2.0718403,0.0,0.0,2.0718403
1726,CCDC126,122.02306,2.071802,0.0,0.0,2.071802
1855,FAM193B,121.700325,2.0712874,0.0,0.0,2.0712874
12470,FZD3,-122.1509,-2.0712445,0.0,0.0,2.0712445
10379,HRC,-111.79415,-2.0703619,0.0,0.0,2.0703619
892,TRAF3IP2-AS1,122.762344,2.0702438,0.0,0.0,2.0702438
11493,RGS19,-120.54078,-2.0688055,0.0,0.0,2.0688055
8267,GBP2,-51.799557,-2.0678833,0.0,0.0,2.0678833
3612,CDH6,106.947044,2.0675735,0.0,0.0,2.0675735
9932,S100A2,-103.92406,-2.0670385,0.0,0.0,2.0670385
9146,CMKLR1,-83.75815,-2.0667818,0.0,0.0,2.0667818
829,UBAC2,122.78998,2.065867,0.0,0.0,2.065867
1370,MTFMT,122.483734,2.0656877,0.0,0.0,2.0656877
2268,PRKAA2,120.030655,2.0653641,0.0,0.0,2.0653641
12350,KDM5B,-122.07711,-2.0653627,0.0,0.0,2.0653627
9928,PITX1,-103.845566,-2.0652277,0.0,0.0,2.0652277
10479,ZNF486,-112.980125,-2.064156,0.0,0.0,2.064156
3108,LAPTM4A-DT,113.62526,2.0641124,0.0,0.0,2.0641124
3172,CAV2,112.71756,2.064007,0.0,0.0,2.064007
11616,MRM3,-120.930336,-2.062999,0.0,0.0,2.062999
12387,AIMP1,-122.10522,-2.0628593,0.0,0.0,2.0628593
4844,GNMT,82.164276,2.0623057,0.0,0.0,2.0623057
12420,CCDC25,-122.12586,-2.0620854,0.0,0.0,2.0620854
13838,KRR1,-122.53345,-2.0619228,0.0,0.0,2.0619228
11108,ERICH2,-118.929,-2.0617402,0.0,0.0,2.0617402
2604,MILR1,117.98433,2.0615954,0.0,0.0,2.0615954
2463,NEU3,119.01099,2.0610752,0.0,0.0,2.0610752
14330,TADA3,-122.68323,-2.06097,0.0,0.0,2.06097
3723,CEP128,105.1304,2.0597665,0.0,0.0,2.0597665
11021,DOLK,-118.34691,-2.0588882,0.0,0.0,2.0588882
11655,TMEM44,-121.0318,-2.0578196,0.0,0.0,2.0578196
13323,EIF2S3,-122.42114,-2.0577216,0.0,0.0,2.0577216
2876,PRDM5,115.80668,2.0569732,0.0,0.0,2.0569732
11731,SEC61B,-121.19904,-2.056948,0.0,0.0,2.056948
3231,SLC25A45,112.12442,2.0568461,0.0,0.0,2.0568461
1392,CDKL3,122.4622,2.056472,0.0,0.0,2.056472
3744,PIPOX,104.65429,2.0560462,0.0,0.0,2.0560462
1484,RALGAPA2,122.36756,2.0550127,0.0,0.0,2.0550127
12709,MRPL27,-122.256454,-2.0541058,0.0,0.0,2.0541058
1171,RAF1,122.6144,2.0540142,0.0,0.0,2.0540142
9500,KIRREL2,-94.035774,-2.0540028,0.0,0.0,2.0540028
2993,KLHL10,114.79808,2.0536942,0.0,0.0,2.0536942
11876,RBBP8,-121.501144,-2.0533645,0.0,0.0,2.0533645
9697,SNRK-AS1,-99.14425,-2.053124,0.0,0.0,2.053124
11451,KDELR3,-120.357445,-2.0523672,0.0,0.0,2.0523672
9843,RIMKLA,-102.39875,-2.052325,0.0,0.0,2.052325
3562,RORA,107.76572,2.052308,0.0,0.0,2.052308
11930,SNHG18,-121.588745,-2.051954,0.0,0.0,2.051954
3344,PLEKHA2,110.59308,2.0512764,0.0,0.0,2.0512764
3530,ADGRA1,108.3185,2.051011,0.0,0.0,2.051011
2893,PIK3CD,115.64251,2.050924,0.0,0.0,2.050924
11756,CIB1,-121.26602,-2.0508802,0.0,0.0,2.0508802
12890,GOLGA2,-122.31501,-2.0505638,0.0,0.0,2.0505638
11484,BCL10,-120.506714,-2.050538,0.0,0.0,2.050538
13295,GTF2E1,-122.41481,-2.050394,0.0,0.0,2.050394
9821,TNK2-AS1,-101.83263,-2.0499847,0.0,0.0,2.0499847
2600,SEZ6,118.0165,2.0496178,0.0,0.0,2.0496178
4197,NCAM2,96.51173,2.0492635,0.0,0.0,2.0492635
13362,COPZ1,-122.42923,-2.0491908,0.0,0.0,2.0491908
10777,PITPNM1,-116.079216,-2.0491514,0.0,0.0,2.0491514
12008,CERCAM,-121.70526,-2.0483973,0.0,0.0,2.0483973
14146,KLHL9,-122.6201,-2.0483582,0.0,0.0,2.0483582
8752,MARVELD3,-70.52946,-2.048027,0.0,0.0,2.048027
13305,KIAA2013,-122.416885,-2.0477488,0.0,0.0,2.0477488
10663,EIF1AX,-114.95895,-2.0469427,0.0,0.0,2.0469427
3960,LINC02805,100.41059,2.0468915,0.0,0.0,2.0468915
1688,ZC3H12C,122.07731,2.046322,0.0,0.0,2.046322
390,SHLD2,122.98285,2.0463178,0.0,0.0,2.0463178
3553,SLC17A8,107.94567,2.0462418,0.0,0.0,2.0462418
692,ARID2,122.86256,2.0461686,0.0,0.0,2.0461686
11806,PYGO2,-121.36682,-2.04612,0.0,0.0,2.04612
11065,RASGRP2,-118.625336,-2.0461128,0.0,0.0,2.0461128
8276,NSG1,-51.972336,-2.045961,0.0,0.0,2.045961
1535,USP53,122.30467,2.0454073,0.0,0.0,2.0454073
4088,ARID5A,98.316475,2.044811,0.0,0.0,2.044811
5334,MT1A,68.33436,2.0446022,0.0,0.0,2.0446022
11382,ZNF319,-120.10883,-2.0438044,0.0,0.0,2.0438044
3994,JAML,99.83179,2.0437136,0.0,0.0,2.0437136
11707,PNPLA4,-121.12806,-2.043132,0.0,0.0,2.043132
11052,LCMT2,-118.5304,-2.0424123,0.0,0.0,2.0424123
12805,SF3B1,-122.28733,-2.0423138,0.0,0.0,2.0423138
1839,ZNF595,121.7528,2.0418596,0.0,0.0,2.0418596
10747,COMMD4,-115.8396,-2.041645,0.0,0.0,2.041645
11070,CDK20,-118.664314,-2.040838,0.0,0.0,2.040838
7981,FOXA3,-41.39455,-2.0406716,0.0,0.0,2.0406716
12487,THAP10,-122.16408,-2.0405583,0.0,0.0,2.0405583
3917,VAV3,101.1888,2.0392096,0.0,0.0,2.0392096
1503,ATG10,122.350555,2.039086,0.0,0.0,2.039086
2330,TXNRD3,119.679825,2.0388856,0.0,0.0,2.0388856
3550,GIPR,107.96462,2.0387683,0.0,0.0,2.0387683
942,CCNH,122.73567,2.0384002,0.0,0.0,2.0384002
1277,WDR70,122.55553,2.0383124,0.0,0.0,2.0383124
2859,ZNF682,115.93934,2.0381331,0.0,0.0,2.0381331
8767,TMEM132E,-70.86808,-2.0375307,0.0,0.0,2.0375307
9987,MYL3,-104.982956,-2.0364776,0.0,0.0,2.0364776
2606,VMP1,117.96066,2.0363395,0.0,0.0,2.0363395
11988,TRNP1,-121.676315,-2.0361593,0.0,0.0,2.0361593
14532,KLHDC3,-122.763565,-2.035994,0.0,0.0,2.035994
12914,PELP1,-122.324646,-2.0359652,0.0,0.0,2.0359652
11399,HDDC3,-120.193085,-2.0356379,0.0,0.0,2.0356379
13674,SDF4,-122.49261,-2.0348973,0.0,0.0,2.0348973
1614,MSI2,122.19735,2.0346339,0.0,0.0,2.0346339
10966,REEP2,-117.93894,-2.0342793,0.0,0.0,2.0342793
10675,PLIN3,-115.0531,-2.0341225,0.0,0.0,2.0341225
10981,MRPL46,-118.07436,-2.0336118,0.0,0.0,2.0336118
3414,SH2D7,109.78944,2.0331175,0.0,0.0,2.0331175
5175,SRPX2,72.63145,2.0327175,0.0,0.0,2.0327175
8371,NPY5R,-55.848656,-2.0326602,0.0,0.0,2.0326602
9167,PRAP1,-84.510155,-2.032552,0.0,0.0,2.032552
14279,TOMM40,-122.66226,-2.0324762,0.0,0.0,2.0324762
4646,ITGB2,86.81527,2.03243,0.0,0.0,2.03243
3400,ARHGAP31,109.9449,2.0322363,0.0,0.0,2.0322363
416,ANKIB1,122.96973,2.032106,0.0,0.0,2.032106
3263,BACH2,111.72786,2.031974,0.0,0.0,2.031974
12413,CPSF2,-122.12181,-2.0317726,0.0,0.0,2.0317726
4400,MIR133A1HG,92.14933,2.0317278,0.0,0.0,2.0317278
5990,MYO7A,43.596,2.0309,0.0,0.0,2.0309
3079,SLC17A6,113.90065,2.030827,0.0,0.0,2.030827
3426,AMOTL1,109.59946,2.030821,0.0,0.0,2.030821
3633,CIDEA,106.60705,2.030507,0.0,0.0,2.030507
10858,SEC23A-AS1,-116.954124,-2.0287838,0.0,0.0,2.0287838
9611,HILPDA,-97.10024,-2.0282614,0.0,0.0,2.0282614
51,PTK2,123.18377,2.028245,0.0,0.0,2.028245
12824,SAP30L,-122.293884,-2.0281658,0.0,0.0,2.0281658
2383,SLC35G2,119.425835,2.0274878,0.0,0.0,2.0274878
1312,ZNF529,122.52524,2.026985,0.0,0.0,2.026985
12673,WDR45B,-122.24345,-2.0265224,0.0,0.0,2.0265224
1230,PCCA,122.582085,2.026047,0.0,0.0,2.026047
2946,CCDC171,115.16823,2.0260217,0.0,0.0,2.0260217
8126,INCENP,-45.621754,-2.025941,0.0,0.0,2.025941
3197,CYS1,112.50652,2.0256104,0.0,0.0,2.0256104
11970,DEDD2,-121.65574,-2.0255706,0.0,0.0,2.0255706
1594,AMMECR1,122.22121,2.0249023,0.0,0.0,2.0249023
1351,SNX25,122.50088,2.0245433,0.0,0.0,2.0245433
4056,C8G,98.743515,2.0244586,0.0,0.0,2.0244586
12665,SNRNP200,-122.24078,-2.0243382,0.0,0.0,2.0243382
7239,SYT6,-7.7772894,-2.0241714,7.409500917250914e-15,7.587013815503198e-15,2.0241714
9728,E2F8,-99.85938,-2.024007,0.0,0.0,2.024007
3201,ZC3H11B,112.44653,2.0239077,0.0,0.0,2.0239077
3547,SLC8A2,108.05699,2.0234256,0.0,0.0,2.0234256
4184,RAB9B,96.756775,2.0233893,0.0,0.0,2.0233893
11306,WEE1,-119.83127,-2.022565,0.0,0.0,2.022565
10870,RRP9,-117.073456,-2.0223877,0.0,0.0,2.0223877
13433,COPS6,-122.44425,-2.0221395,0.0,0.0,2.0221395
3806,SLC46A3,103.45888,2.0221033,0.0,0.0,2.0221033
3273,GABRP,111.61796,2.021823,0.0,0.0,2.021823
923,TIRAP,122.746346,2.0217626,0.0,0.0,2.0217626
10551,BMP3,-113.65275,-2.021394,0.0,0.0,2.021394
3318,GAB1,110.979294,2.0213454,0.0,0.0,2.0213454
13110,GLT8D1,-122.3738,-2.0211666,0.0,0.0,2.0211666
9501,GALNT6,-94.06068,-2.0200663,0.0,0.0,2.0200663
11754,ZFAND5,-121.25839,-2.0200186,0.0,0.0,2.0200186
12846,LSM8,-122.29986,-2.0197096,0.0,0.0,2.0197096
3570,ITPKC,107.67549,2.019343,0.0,0.0,2.019343
12162,EIF2B2,-121.89264,-2.0192492,0.0,0.0,2.0192492
9298,SLCO1A2,-88.484406,-2.0191717,0.0,0.0,2.0191717
3198,WNT7B,112.46547,2.0191653,0.0,0.0,2.0191653
2450,ZER1,119.082794,2.0190015,0.0,0.0,2.0190015
13086,GPATCH11,-122.36984,-2.0188618,0.0,0.0,2.0188618
10766,NHLRC1,-115.94974,-2.0187628,0.0,0.0,2.0187628
2354,PER2,119.56544,2.0186207,0.0,0.0,2.0186207
2848,ROPN1L,116.06052,2.0186076,0.0,0.0,2.0186076
3061,ANKRD24,114.113594,2.017995,0.0,0.0,2.017995
11280,INF2,-119.706924,-2.0179152,0.0,0.0,2.0179152
3401,SLC5A4-AS1,109.93954,2.017535,0.0,0.0,2.017535
13680,POLR2D,-122.49374,-2.0173657,0.0,0.0,2.0173657
11285,CCDC144NL-AS1,-119.73074,-2.016541,0.0,0.0,2.016541
3546,CNTN5,108.05955,2.0162985,0.0,0.0,2.0162985
9457,SHANK2-AS1,-92.867424,-2.016168,0.0,0.0,2.016168
3450,ANKRD29,109.31889,2.01605,0.0,0.0,2.01605
11607,ZSCAN22,-120.90727,-2.0155444,0.0,0.0,2.0155444
2520,NOD1,118.64619,2.0150895,0.0,0.0,2.0150895
8426,LGALS3,-57.858517,-2.0149298,0.0,0.0,2.0149298
9873,PGM5-AS1,-102.79495,-2.013667,0.0,0.0,2.013667
8045,PLAAT1,-43.4504,-2.0136406,0.0,0.0,2.0136406
9372,OR51E2,-90.61905,-2.013606,0.0,0.0,2.013606
3029,WDR93,114.45377,2.0134091,0.0,0.0,2.0134091
3709,FNIP2,105.307465,2.0121338,0.0,0.0,2.0121338
9651,SOCS2,-98.23925,-2.0121117,0.0,0.0,2.0121117
14696,G3BP2,-122.87516,-2.0112147,0.0,0.0,2.0112147
5523,MEIS1-AS2,61.273464,2.0109355,0.0,0.0,2.0109355
4417,RAD51AP2,91.863556,2.0108335,0.0,0.0,2.0108335
2538,STK38L,118.48,2.0105946,0.0,0.0,2.0105946
12987,CCDC88A,-122.34477,-2.010076,0.0,0.0,2.010076
9735,F2RL3,-99.94864,-2.0098414,0.0,0.0,2.0098414
9612,CBFA2T3,-97.145226,-2.0089478,0.0,0.0,2.0089478
12869,PRPF40A,-122.30717,-2.0088117,0.0,0.0,2.0088117
3363,CYP2A6,110.410995,2.0086532,0.0,0.0,2.0086532
10571,ZNF10,-113.84043,-2.0083706,0.0,0.0,2.0083706
3812,LGALS2,103.33984,2.0078042,0.0,0.0,2.0078042
1189,BTRC,122.60447,2.007383,0.0,0.0,2.007383
8069,POGLUT2,-44.2236,-2.0072923,0.0,0.0,2.0072923
11817,KIAA1549,-121.391685,-2.0072577,0.0,0.0,2.0072577
3104,DENND6A-DT,113.67037,2.0070617,0.0,0.0,2.0070617
3559,LMF1,107.796394,2.00693,0.0,0.0,2.00693
1794,CUX1,121.857,2.0067666,0.0,0.0,2.0067666
11397,FEM1B,-120.185196,-2.0062337,0.0,0.0,2.0062337
3076,ABCB9,113.942635,2.0054436,0.0,0.0,2.0054436
1798,ATRN,121.84554,2.005271,0.0,0.0,2.005271
3411,FAM3B,109.81563,2.0050201,0.0,0.0,2.0050201
3324,DNAJC27,110.894424,2.0049653,0.0,0.0,2.0049653
2699,ZFAT,117.32803,2.0046647,0.0,0.0,2.0046647
3157,CD6,112.92754,2.004638,0.0,0.0,2.004638
2199,MAPK8IP3,120.368286,2.0043569,0.0,0.0,2.0043569
3384,SLC9B1,110.137695,2.0038853,0.0,0.0,2.0038853
12676,LMAN1,-122.243835,-2.0024664,0.0,0.0,2.0024664
11489,UROD,-120.5186,-2.0022593,0.0,0.0,2.0022593
11491,FUNDC2,-120.5336,-2.0021844,0.0,0.0,2.0021844
11959,DPY30,-121.6365,-2.0018206,0.0,0.0,2.0018206
12933,SOCS4,-122.329956,-2.001328,0.0,0.0,2.001328
9145,GIMAP4,-83.70516,-2.0009947,0.0,0.0,2.0009947
10506,ARHGAP33,-113.207726,-2.0005395,0.0,0.0,2.0005395
10491,ARMCX5,-113.07007,-2.0004773,0.0,0.0,2.0004773
9915,INHA,-103.55575,-2.0003738,0.0,0.0,2.0003738
14003,SARAF,-122.57466,-2.0001929,0.0,0.0,2.0001929
11015,PLXNB2,-118.31026,-1.9997963,0.0,0.0,1.9997963
11393,DCXR,-120.16687,-1.9988104,0.0,0.0,1.9988104
11498,WDR74,-120.559456,-1.9981457,0.0,0.0,1.9981457
3240,TRIM14,111.972565,1.9979349,0.0,0.0,1.9979349
8245,HMSD,-51.117393,-1.9975449,0.0,0.0,1.9975449
13051,PRPF4,-122.36176,-1.9970219,0.0,0.0,1.9970219
11793,NLN,-121.3366,-1.9966937,0.0,0.0,1.9966937
14472,UBE2Q2,-122.73534,-1.996235,0.0,0.0,1.996235
9967,TCF4-AS2,-104.63488,-1.9953823,0.0,0.0,1.9953823
11786,ZNF513,-121.31958,-1.9945595,0.0,0.0,1.9945595
12409,TMF1,-122.11869,-1.9945573,0.0,0.0,1.9945573
2344,MINK1,119.596405,1.9938247,0.0,0.0,1.9938247
3359,SPATA9,110.4734,1.9934138,0.0,0.0,1.9934138
3599,PI15,107.15034,1.9933329,0.0,0.0,1.9933329
11984,DHX9,-121.67207,-1.9933056,0.0,0.0,1.9933056
12580,PRPF38A,-122.20619,-1.9932623,0.0,0.0,1.9932623
12210,BUB3,-121.950645,-1.9928885,0.0,0.0,1.9928885
13211,YY1,-122.39979,-1.9921836,0.0,0.0,1.9921836
2928,ZNF717,115.32371,1.9917128,0.0,0.0,1.9917128
1002,PRMT9,122.70808,1.991143,0.0,0.0,1.991143
2173,SPATA6,120.45287,1.9904424,0.0,0.0,1.9904424
3243,CYP4A22-AS1,111.94577,1.9902753,0.0,0.0,1.9902753
11813,BBS10,-121.383766,-1.9901626,0.0,0.0,1.9901626
9033,BNC1,-79.59824,-1.9899182,0.0,0.0,1.9899182
13019,PSMD7,-122.35334,-1.9893981,0.0,0.0,1.9893981
10823,ZBTB11-AS1,-116.583755,-1.9890686,0.0,0.0,1.9890686
10424,AKNA,-112.35102,-1.9886323,0.0,0.0,1.9886323
12386,FBXO30,-122.10439,-1.9886303,0.0,0.0,1.9886303
10241,HMOX1,-109.7027,-1.9884994,0.0,0.0,1.9884994
9660,CYP3A7,-98.515205,-1.9883554,0.0,0.0,1.9883554
9602,FANCG,-96.882195,-1.98827,0.0,0.0,1.98827
3713,HPSE,105.27465,1.9880372,0.0,0.0,1.9880372
10446,GIMAP1,-112.54367,-1.9879906,0.0,0.0,1.9879906
10439,TRIM5,-112.51054,-1.9875568,0.0,0.0,1.9875568
3257,XKRX,111.77388,1.9868898,0.0,0.0,1.9868898
6717,ARC,15.293002,1.9868056,8.513402175367543e-53,8.91619713741092e-53,1.9868056
13095,P4HB,-122.371124,-1.986744,0.0,0.0,1.986744
4309,DOCK4-AS1,94.1659,1.9867353,0.0,0.0,1.9867353
2865,GRM4,115.90884,1.9863476,0.0,0.0,1.9863476
10307,FLT4,-110.614044,-1.9860562,0.0,0.0,1.9860562
3154,PLCG1-AS1,113.00586,1.9855406,0.0,0.0,1.9855406
3448,CAVIN4,109.32835,1.9850622,0.0,0.0,1.9850622
12659,LSM14B,-122.236496,-1.984793,0.0,0.0,1.984793
551,ZBTB38,122.92172,1.9842405,0.0,0.0,1.9842405
8729,GAS6-DT,-69.49246,-1.9839833,0.0,0.0,1.9839833
7588,PLAT,-23.49031,-1.9831797,5.123466206507715e-122,5.517035308844546e-122,1.9831797
11523,ZFPL1,-120.64285,-1.9830208,0.0,0.0,1.9830208
11854,BLOC1S2,-121.455025,-1.9827982,0.0,0.0,1.9827982
671,DYM,122.87144,1.982589,0.0,0.0,1.982589
3655,TMEM235,106.23847,1.9825319,0.0,0.0,1.9825319
11530,MIS18A,-120.665,-1.9817128,0.0,0.0,1.9817128
9340,ADAM11,-89.71143,-1.9815693,0.0,0.0,1.9815693
3930,LINC01703,100.93566,1.9814582,0.0,0.0,1.9814582
11460,LASP1,-120.389084,-1.9814035,0.0,0.0,1.9814035
10346,PRSS12,-111.38404,-1.980995,0.0,0.0,1.980995
2158,SLC41A2,120.52532,1.9809554,0.0,0.0,1.9809554
9509,CACNA2D2,-94.28402,-1.9806094,0.0,0.0,1.9806094
9588,TMEM163,-96.56411,-1.9800128,0.0,0.0,1.9800128
14286,C17orf75,-122.66437,-1.9789566,0.0,0.0,1.9789566
2240,WASHC1,120.14407,1.9789017,0.0,0.0,1.9789017
9381,CDH15,-90.71475,-1.9786663,0.0,0.0,1.9786663
11277,CHEK2,-119.695404,-1.977637,0.0,0.0,1.977637
3699,DAB2IP,105.464035,1.9776126,0.0,0.0,1.9776126
3375,C2CD5,110.24784,1.9773211,0.0,0.0,1.9773211
2197,RIC8B,120.368484,1.9772427,0.0,0.0,1.9772427
1208,WWP2,122.59286,1.9769924,0.0,0.0,1.9769924
9414,TAL2,-91.49404,-1.9760717,0.0,0.0,1.9760717
10004,EMX2,-105.54425,-1.9756339,0.0,0.0,1.9756339
8930,ABCA7,-76.53033,-1.9755919,0.0,0.0,1.9755919
12707,ARCN1,-122.256195,-1.9755224,0.0,0.0,1.9755224
3387,PRMT8,110.09943,1.9746491,0.0,0.0,1.9746491
3482,LINC01426,108.913284,1.9746162,0.0,0.0,1.9746162
523,DIS3L2,122.93284,1.9729658,0.0,0.0,1.9729658
938,MCU,122.74027,1.9726046,0.0,0.0,1.9726046
11602,BRD3OS,-120.89498,-1.9725683,0.0,0.0,1.9725683
12023,CNIH4,-121.724785,-1.9722583,0.0,0.0,1.9722583
3646,ADA2,106.35306,1.9711808,0.0,0.0,1.9711808
3611,SLC12A6,106.9481,1.9706746,0.0,0.0,1.9706746
567,CLDN12,122.9162,1.9703096,0.0,0.0,1.9703096
3743,NCBP2-AS1,104.656746,1.9698952,0.0,0.0,1.9698952
11359,ABRAXAS1,-120.02699,-1.9697465,0.0,0.0,1.9697465
12496,SMC2,-122.167274,-1.9694287,0.0,0.0,1.9694287
12934,ICMT,-122.33002,-1.9691651,0.0,0.0,1.9691651
3587,CLYBL,107.31529,1.9689921,0.0,0.0,1.9689921
13115,EIF2AK1,-122.37513,-1.9687368,0.0,0.0,1.9687368
10977,ZNF792,-118.04691,-1.9687333,0.0,0.0,1.9687333
11874,ATP5F1C,-121.4984,-1.9687116,0.0,0.0,1.9687116
36,NDEL1,123.207825,1.9684435,0.0,0.0,1.9684435
9890,PHLDA1,-103.139145,-1.9678545,0.0,0.0,1.9678545
1592,ARID1B,122.22244,1.9672273,0.0,0.0,1.9672273
13509,FMR1,-122.45693,-1.9671687,0.0,0.0,1.9671687
4083,DAAM2,98.35021,1.9671437,0.0,0.0,1.9671437
10740,PAQR7,-115.75577,-1.966797,0.0,0.0,1.966797
2578,IMPG1,118.17925,1.9667089,0.0,0.0,1.9667089
11214,LINC01503,-119.43129,-1.966287,0.0,0.0,1.966287
14435,RIOK3,-122.722206,-1.9661562,0.0,0.0,1.9661562
2043,PILRB,121.131584,1.9657412,0.0,0.0,1.9657412
13358,SEC11A,-122.42853,-1.965718,0.0,0.0,1.965718
1695,CDK14,122.071915,1.9656171,0.0,0.0,1.9656171
14744,SCCPDH,-122.92773,-1.9648457,0.0,0.0,1.9648457
13144,SAE1,-122.38436,-1.9646842,0.0,0.0,1.9646842
13434,MPLKIP,-122.44435,-1.9644071,0.0,0.0,1.9644071
11743,FAM171A1,-121.23495,-1.9639907,0.0,0.0,1.9639907
1409,IPPK,122.44598,1.9639459,0.0,0.0,1.9639459
981,PIP5K1A,122.7185,1.9633629,0.0,0.0,1.9633629
3247,PLCXD2,111.88112,1.9632534,0.0,0.0,1.9632534
3008,GPR160,114.64062,1.9632525,0.0,0.0,1.9632525
9415,GPR62,-91.51639,-1.9630508,0.0,0.0,1.9630508
4040,LNCSRLR,99.036964,1.9623957,0.0,0.0,1.9623957
3150,MTUS2-AS1,113.069756,1.9620161,0.0,0.0,1.9620161
12965,PMPCA,-122.340324,-1.9619379,0.0,0.0,1.9619379
7804,PLCE1-AS1,-33.01545,-1.9616352,4.875550126382505e-239,5.431071347782705e-239,1.9616352
11685,FBXO10,-121.08769,-1.9613962,0.0,0.0,1.9613962
12719,STRN4,-122.26022,-1.9609895,0.0,0.0,1.9609895
4489,ADGRB3,90.214836,1.9606829,0.0,0.0,1.9606829
12407,ZC3H13,-122.117035,-1.9606184,0.0,0.0,1.9606184
11316,EMD,-119.867805,-1.9594572,0.0,0.0,1.9594572
10091,FZD4,-107.1561,-1.9592271,0.0,0.0,1.9592271
3870,SIGLEC15,102.21273,1.9590986,0.0,0.0,1.9590986
13505,THUMPD3,-122.45618,-1.95909,0.0,0.0,1.95909
8556,LINC02704,-62.845253,-1.9586986,0.0,0.0,1.9586986
12227,MEAF6,-121.964905,-1.9586957,0.0,0.0,1.9586957
12790,SERINC1,-122.28169,-1.9584944,0.0,0.0,1.9584944
11779,BOD1L1,-121.30606,-1.958463,0.0,0.0,1.958463
13427,GMPS,-122.44339,-1.958406,0.0,0.0,1.958406
4024,SEMA5B,99.25167,1.9583524,0.0,0.0,1.9583524
4716,LINC01290,84.90981,1.9583304,0.0,0.0,1.9583304
11541,PMVK,-120.694084,-1.957902,0.0,0.0,1.957902
14317,KIAA1191,-122.67873,-1.9578375,0.0,0.0,1.9578375
10592,SIGIRR,-114.1009,-1.9573921,0.0,0.0,1.9573921
7386,TBX1,-15.1491,-1.9562035,7.681056530454816e-52,8.042766831627744e-52,1.9562035
4416,COL25A1,91.93814,1.956184,0.0,0.0,1.956184
3451,LRRC74B,109.3115,1.9557848,0.0,0.0,1.9557848
12164,NUDCD2,-121.89366,-1.9556538,0.0,0.0,1.9556538
11967,OXLD1,-121.65096,-1.9553851,0.0,0.0,1.9553851
2708,TCEANC,117.26899,1.9548798,0.0,0.0,1.9548798
1523,MIR762HG,122.31949,1.9544417,0.0,0.0,1.9544417
8687,ENG,-67.66834,-1.9542986,0.0,0.0,1.9542986
9138,NTS,-83.5038,-1.954176,0.0,0.0,1.954176
3688,KCNA2,105.56144,1.95385,0.0,0.0,1.95385
12150,PEMT,-121.88249,-1.953551,0.0,0.0,1.953551
3115,ENPEP,113.47988,1.9531192,0.0,0.0,1.9531192
10234,PYGM,-109.55723,-1.9526131,0.0,0.0,1.9526131
10015,BEST4,-105.75589,-1.9525791,0.0,0.0,1.9525791
7438,LHX2,-16.935562,-1.9523171,2.4599853405462004e-64,2.5930378525686353e-64,1.9523171
11146,DYNLL2,-119.15627,-1.951598,0.0,0.0,1.951598
11246,LRP10,-119.572784,-1.9511929,0.0,0.0,1.9511929
6967,CRYBB2,4.6557913,1.9507474,3.227384111299372e-06,3.273067133115494e-06,1.9507474
14661,AKIRIN1,-122.84773,-1.9505197,0.0,0.0,1.9505197
12981,MED19,-122.34416,-1.9504683,0.0,0.0,1.9504683
10543,CFL2,-113.53372,-1.9504224,0.0,0.0,1.9504224
906,NFAT5,122.75208,1.950286,0.0,0.0,1.950286
11410,PGM3,-120.22982,-1.9501318,0.0,0.0,1.9501318
7998,DIPK2A,-41.907406,-1.9496893,0.0,0.0,1.9496893
11739,DYNLT1,-121.226425,-1.9496118,0.0,0.0,1.9496118
3035,PCDH19,114.38418,1.9494475,0.0,0.0,1.9494475
14105,DYNC1LI1,-122.60734,-1.949363,0.0,0.0,1.949363
749,PPP6R2,122.82957,1.9490644,0.0,0.0,1.9490644
12354,TMEM25,-122.084564,-1.9490134,0.0,0.0,1.9490134
9162,FSIP2,-84.31802,-1.9484435,0.0,0.0,1.9484435
1659,EPB41L5,122.12464,1.9483474,0.0,0.0,1.9483474
10219,SLC12A5-AS1,-109.23138,-1.9480872,0.0,0.0,1.9480872
12462,BROX,-122.14511,-1.9480839,0.0,0.0,1.9480839
2358,OBSCN,119.53623,1.9479846,0.0,0.0,1.9479846
10703,SNHG8,-115.40384,-1.9467218,0.0,0.0,1.9467218
1047,ZNF609,122.680786,1.9457468,0.0,0.0,1.9457468
12704,SPTY2D1,-122.25486,-1.9455793,0.0,0.0,1.9455793
8264,ANGPT1,-51.714912,-1.9451149,0.0,0.0,1.9451149
10079,MXD4,-106.876076,-1.945101,0.0,0.0,1.945101
14304,YWHAQ,-122.67306,-1.9443272,0.0,0.0,1.9443272
10908,PLEKHG3,-117.390465,-1.9439442,0.0,0.0,1.9439442
3769,GCOM1,104.20874,1.9438686,0.0,0.0,1.9438686
1983,ZNF79,121.346466,1.9435132,0.0,0.0,1.9435132
2757,PPARD,116.90557,1.9431762,0.0,0.0,1.9431762
985,LIN7A,122.71666,1.9427167,0.0,0.0,1.9427167
4822,LRRC52-AS1,82.65389,1.9424694,0.0,0.0,1.9424694
3162,PTK2B,112.87813,1.942275,0.0,0.0,1.942275
3560,PITRM1-AS1,107.78954,1.941949,0.0,0.0,1.941949
12559,NKAP,-122.200584,-1.941747,0.0,0.0,1.941747
1612,INPP4A,122.1996,1.9415101,0.0,0.0,1.9415101
9971,RELT,-104.72136,-1.9413718,0.0,0.0,1.9413718
4338,CA7,93.41644,1.9412514,0.0,0.0,1.9412514
3059,LEAP2,114.145935,1.9401472,0.0,0.0,1.9401472
11921,CASP3,-121.57368,-1.9400239,0.0,0.0,1.9400239
3428,LINC02427,109.5887,1.9395465,0.0,0.0,1.9395465
10197,CTPS1,-108.89965,-1.9394217,0.0,0.0,1.9394217
9989,SLC26A2,-105.03249,-1.93909,0.0,0.0,1.93909
2325,SLC25A21,119.71559,1.938941,0.0,0.0,1.938941
3383,ATP8A2,110.147514,1.9384617,0.0,0.0,1.9384617
9234,CA8,-86.57667,-1.9383136,0.0,0.0,1.9383136
10723,ZFHX4,-115.60664,-1.9378856,0.0,0.0,1.9378856
3173,DDX11-AS1,112.71699,1.9375459,0.0,0.0,1.9375459
2551,ZNF638,118.33153,1.9372277,0.0,0.0,1.9372277
3887,WFDC3,101.853584,1.9368335,0.0,0.0,1.9368335
2886,FAT4,115.72434,1.936762,0.0,0.0,1.936762
13343,NUDT16,-122.42474,-1.9367551,0.0,0.0,1.9367551
1716,APPL2,122.03658,1.9361999,0.0,0.0,1.9361999
343,FBXO28,123.007545,1.9353102,0.0,0.0,1.9353102
9499,SVEP1,-93.99069,-1.9349866,0.0,0.0,1.9349866
10180,SRGAP2B,-108.662415,-1.934807,0.0,0.0,1.934807
3479,TSPAN12,108.9284,1.9346601,0.0,0.0,1.9346601
13164,PHAX,-122.388756,-1.9337292,0.0,0.0,1.9337292
3852,RGS11,102.62318,1.9336019,0.0,0.0,1.9336019
2875,SCLT1,115.813354,1.9324154,0.0,0.0,1.9324154
13467,KHDRBS1,-122.4503,-1.932383,0.0,0.0,1.932383
12689,TMCO1,-122.24937,-1.9321437,0.0,0.0,1.9321437
13232,PSMC1,-122.403824,-1.9320341,0.0,0.0,1.9320341
2732,FOXN3,117.08622,1.9316262,0.0,0.0,1.9316262
3950,LINC02777,100.526215,1.9313167,0.0,0.0,1.9313167
9419,PDGFB,-91.56633,-1.9312143,0.0,0.0,1.9312143
12475,ATP6V1E1,-122.154335,-1.9301802,0.0,0.0,1.9301802
13462,CCDC127,-122.44909,-1.9298251,0.0,0.0,1.9298251
11915,GM2A,-121.56672,-1.9297318,0.0,0.0,1.9297318
2895,GPER1,115.62721,1.929424,0.0,0.0,1.929424
13671,TMEM186,-122.49242,-1.9292378,0.0,0.0,1.9292378
1949,PCNX4,121.418564,1.9289756,0.0,0.0,1.9289756
838,FAM120C,122.7863,1.9285023,0.0,0.0,1.9285023
4000,WDR97,99.74685,1.9281573,0.0,0.0,1.9281573
9224,MAFA,-86.070366,-1.927766,0.0,0.0,1.927766
4032,MIR222HG,99.168915,1.927652,0.0,0.0,1.927652
11555,RIDA,-120.71893,-1.9270442,0.0,0.0,1.9270442
9672,MYADML2,-98.717354,-1.9269813,0.0,0.0,1.9269813
11811,PHF3,-121.380974,-1.9254845,0.0,0.0,1.9254845
13377,ERLEC1,-122.431564,-1.924748,0.0,0.0,1.924748
11225,TMEM185B,-119.48958,-1.9247235,0.0,0.0,1.9247235
11179,HMGCR,-119.31068,-1.9243025,0.0,0.0,1.9243025
2777,NID1,116.73177,1.924135,0.0,0.0,1.924135
12774,STRAP,-122.27801,-1.9239309,0.0,0.0,1.9239309
12828,SNW1,-122.2949,-1.9236866,0.0,0.0,1.9236866
4650,SEMA6C,86.714195,1.9234053,0.0,0.0,1.9234053
11328,ARL6IP5,-119.90367,-1.9233651,0.0,0.0,1.9233651
11521,SRF,-120.637436,-1.9224424,0.0,0.0,1.9224424
1184,NFX1,122.60725,1.9224131,0.0,0.0,1.9224131
865,MAGI3,122.77451,1.9211065,0.0,0.0,1.9211065
14321,NCOA4,-122.67946,-1.9210802,0.0,0.0,1.9210802
8744,NPPC,-70.232834,-1.9203379,0.0,0.0,1.9203379
1233,FOXJ3,122.58098,1.919929,0.0,0.0,1.919929
10554,CA14,-113.695984,-1.919759,0.0,0.0,1.919759
9495,EFHD2,-93.93255,-1.9194933,0.0,0.0,1.9194933
3542,PCED1B,108.09749,1.919121,0.0,0.0,1.919121
13516,EPN1,-122.45796,-1.918382,0.0,0.0,1.918382
11232,SEPHS1,-119.52796,-1.9182553,0.0,0.0,1.9182553
11751,HDDC2,-121.25669,-1.9182161,0.0,0.0,1.9182161
3442,SLC22A3,109.42081,1.918101,0.0,0.0,1.918101
3256,CRTAC1,111.789246,1.918034,0.0,0.0,1.918034
11964,SNRPC,-121.64782,-1.9179662,0.0,0.0,1.9179662
11776,COMMD9,-121.299774,-1.9178796,0.0,0.0,1.9178796
2448,MAML3,119.088036,1.9178457,0.0,0.0,1.9178457
11408,NUDT17,-120.227005,-1.9172182,0.0,0.0,1.9172182
11347,SLC2A4RG,-119.9926,-1.9171988,0.0,0.0,1.9171988
11043,TIPARP,-118.47571,-1.9171697,0.0,0.0,1.9171697
9883,NUTM2D,-103.02816,-1.9171644,0.0,0.0,1.9171644
11537,LIG4,-120.689064,-1.9169426,0.0,0.0,1.9169426
9225,FNDC11,-86.11951,-1.9166386,0.0,0.0,1.9166386
1675,WDFY2,122.10194,1.9164189,0.0,0.0,1.9164189
3761,C1orf232,104.35866,1.9162331,0.0,0.0,1.9162331
12322,ERAL1,-122.05787,-1.916178,0.0,0.0,1.916178
12140,MRPS23,-121.87059,-1.9160419,0.0,0.0,1.9160419
1436,TBCCD1,122.42282,1.9156923,0.0,0.0,1.9156923
8933,TPM1-AS,-76.62662,-1.9156431,0.0,0.0,1.9156431
2933,IGF1R,115.27357,1.9152552,0.0,0.0,1.9152552
1679,ENOX2,122.093834,1.9144262,0.0,0.0,1.9144262
5105,LINC02604,75.185394,1.9142021,0.0,0.0,1.9142021
9658,RAB31,-98.43706,-1.9140257,0.0,0.0,1.9140257
730,PSME4,122.83973,1.913862,0.0,0.0,1.913862
10619,UBC,-114.48019,-1.9137037,0.0,0.0,1.9137037
12558,C15orf40,-122.20027,-1.9135011,0.0,0.0,1.9135011
3637,PLEKHD1,106.542175,1.9133766,0.0,0.0,1.9133766
9648,GIMAP5,-98.21725,-1.9133192,0.0,0.0,1.9133192
13756,KIAA1586,-122.51465,-1.9131668,0.0,0.0,1.9131668
13555,TMED10,-122.46516,-1.9130752,0.0,0.0,1.9130752
1012,KIF13B,122.70058,1.9130504,0.0,0.0,1.9130504
8072,OBI1,-44.3039,-1.9127692,0.0,0.0,1.9127692
14246,BNIP2,-122.651535,-1.9103799,0.0,0.0,1.9103799
1850,AFF1,121.70757,1.9099897,0.0,0.0,1.9099897
10499,FOXO4,-113.1287,-1.9097302,0.0,0.0,1.9097302
2533,HDAC7,118.50429,1.9096653,0.0,0.0,1.9096653
2513,MROH1,118.717636,1.909477,0.0,0.0,1.909477
4690,FAM124A,85.69456,1.9088686,0.0,0.0,1.9088686
10056,FAM78A,-106.46918,-1.9083263,0.0,0.0,1.9083263
11513,RHOG,-120.61882,-1.908171,0.0,0.0,1.908171
4017,FITM2,99.34626,1.908152,0.0,0.0,1.908152
13251,EFCAB14,-122.40695,-1.908001,0.0,0.0,1.908001
2900,CASZ1,115.5765,1.9078292,0.0,0.0,1.9078292
3260,ST6GAL1,111.76838,1.9077406,0.0,0.0,1.9077406
12218,CLTA,-121.960625,-1.9072951,0.0,0.0,1.9072951
11322,NCAPH2,-119.88767,-1.9066371,0.0,0.0,1.9066371
11403,MPV17L2,-120.21363,-1.9066303,0.0,0.0,1.9066303
10401,CA11,-112.0733,-1.9060212,0.0,0.0,1.9060212
11502,CREB3,-120.5796,-1.9059874,0.0,0.0,1.9059874
10060,CLCNKB,-106.55543,-1.9059554,0.0,0.0,1.9059554
9662,PAQR9-AS1,-98.57713,-1.9057457,0.0,0.0,1.9057457
2154,LRCH1,120.552444,1.9048705,0.0,0.0,1.9048705
2740,OXNAD1,117.03101,1.9046488,0.0,0.0,1.9046488
8328,SLC16A8,-54.315514,-1.9046152,0.0,0.0,1.9046152
12252,SMC1A,-121.99715,-1.9044069,0.0,0.0,1.9044069
3487,STRIT1,108.83928,1.9040234,0.0,0.0,1.9040234
3555,CFAP74,107.92861,1.9035113,0.0,0.0,1.9035113
2671,RAPGEF2,117.55933,1.9031895,0.0,0.0,1.9031895
10894,GCAT,-117.31523,-1.9031041,0.0,0.0,1.9031041
3586,NPM2,107.32537,1.9029207,0.0,0.0,1.9029207
2553,ATF7IP2,118.31865,1.9027344,0.0,0.0,1.9027344
7900,PRDM1,-37.663067,-1.902358,1.99957562406437e-310,2.26794937905313e-310,1.902358
11573,NDUFS3,-120.79947,-1.9022402,0.0,0.0,1.9022402
13011,HNRNPC,-122.3515,-1.9021132,0.0,0.0,1.9021132
2797,SLC27A4,116.5817,1.9020327,0.0,0.0,1.9020327
10281,SMAD6,-110.13217,-1.9015675,0.0,0.0,1.9015675
2534,RECK,118.493904,1.9013028,0.0,0.0,1.9013028
14013,IVD,-122.57752,-1.9011157,0.0,0.0,1.9011157
6805,TICRR,11.219737,-1.9001178,3.2623903554767816e-29,3.3785707256529675e-29,1.9001178
11391,PRRT3,-120.15091,-1.8998908,0.0,0.0,1.8998908
4771,TRG-AS1,83.72651,1.8994683,0.0,0.0,1.8994683
8081,GET1,-44.548466,-1.8992279,0.0,0.0,1.8992279
9208,CXCL1,-85.75044,-1.8982193,0.0,0.0,1.8982193
3674,VPS9D1,105.86429,1.8975635,0.0,0.0,1.8975635
14579,MKRN1,-122.78591,-1.8974596,0.0,0.0,1.8974596
3440,MSS51,109.45837,1.8967255,0.0,0.0,1.8967255
11850,NDUFS8,-121.4463,-1.8965302,0.0,0.0,1.8965302
4207,NMUR1,96.326805,1.8962677,0.0,0.0,1.8962677
12628,PRCP,-122.22709,-1.8962235,0.0,0.0,1.8962235
10913,ARID3B,-117.40887,-1.8959409,0.0,0.0,1.8959409
4607,JUNB,87.62752,1.8958688,0.0,0.0,1.8958688
9322,RUNDC3A,-89.27833,-1.8948497,0.0,0.0,1.8948497
4480,STEAP3,90.43268,1.893712,0.0,0.0,1.893712
1723,ZZEF1,122.02486,1.8935404,0.0,0.0,1.8935404
10618,TTYH3,-114.43744,-1.8921629,0.0,0.0,1.8921629
12445,PDCD6,-122.138664,-1.8913944,0.0,0.0,1.8913944
4924,PLEKHA6,80.244225,1.8913499,0.0,0.0,1.8913499
8991,COL6A3,-78.32353,-1.8907168,0.0,0.0,1.8907168
11350,MAF1,-120.00395,-1.8903244,0.0,0.0,1.8903244
8204,ACBD7,-49.561157,-1.8902651,0.0,0.0,1.8902651
3569,MYH3,107.69598,1.8899466,0.0,0.0,1.8899466
12238,ZBTB6,-121.984795,-1.8899335,0.0,0.0,1.8899335
1831,FBXW8,121.77557,1.8895504,0.0,0.0,1.8895504
7907,C20orf203,-38.098427,-1.8891239,0.0,0.0,1.8891239
11327,ACD,-119.896965,-1.8891014,0.0,0.0,1.8891014
10497,COL4A1,-113.120186,-1.8887893,0.0,0.0,1.8887893
2690,IFRD1,117.404915,1.8886727,0.0,0.0,1.8886727
9195,MMP1,-85.41696,-1.8884048,0.0,0.0,1.8884048
4097,HIPK1-AS1,98.1215,1.8879817,0.0,0.0,1.8879817
10984,AFAP1,-118.083595,-1.8878177,0.0,0.0,1.8878177
2274,ACVR1,119.99078,1.8877316,0.0,0.0,1.8877316
8743,CCNO,-70.146416,-1.8871199,0.0,0.0,1.8871199
12104,DEGS1,-121.83162,-1.8870956,0.0,0.0,1.8870956
2128,HERC1,120.711586,1.8869987,0.0,0.0,1.8869987
1150,CSPP1,122.62321,1.8869109,0.0,0.0,1.8869109
11872,MRPS7,-121.4906,-1.8868371,0.0,0.0,1.8868371
2264,SPRED2,120.062126,1.8864542,0.0,0.0,1.8864542
9446,LINC01219,-92.47206,-1.8863031,0.0,0.0,1.8863031
3009,MB21D2,114.62663,1.886249,0.0,0.0,1.886249
12147,ETHE1,-121.88071,-1.8856765,0.0,0.0,1.8856765
2855,CPLANE1,116.00359,1.8856583,0.0,0.0,1.8856583
10500,EXOC3-AS1,-113.13114,-1.8852727,0.0,0.0,1.8852727
3764,ZBTB46,104.32971,1.8849972,0.0,0.0,1.8849972
3294,MAL2,111.29463,1.8848652,0.0,0.0,1.8848652
10700,CASC9,-115.32218,-1.8845944,0.0,0.0,1.8845944
7765,LINC02802,-31.090918,-1.8845699,3.1955169498027417e-212,3.5365056251417403e-212,1.8845699
2202,ADGRA3,120.34295,1.8841683,0.0,0.0,1.8841683
10155,CARD10,-108.240685,-1.883985,0.0,0.0,1.883985
3364,HEXB,110.40377,1.8836703,0.0,0.0,1.8836703
11871,NAA20,-121.48744,-1.8833042,0.0,0.0,1.8833042
9522,SSTR2,-94.540634,-1.8828399,0.0,0.0,1.8828399
7642,PLAC8,-25.512758,-1.8827466,1.4230081811538882e-143,1.5436391409225656e-143,1.8827466
10837,NSMF,-116.78462,-1.8827096,0.0,0.0,1.8827096
12521,TMEM47,-122.18173,-1.8825696,0.0,0.0,1.8825696
12351,NOA1,-122.078064,-1.8823745,0.0,0.0,1.8823745
10926,TMEM109,-117.50482,-1.8823143,0.0,0.0,1.8823143
1456,ZNF189,122.40334,1.8819597,0.0,0.0,1.8819597
1780,VPS45,121.896614,1.881388,0.0,0.0,1.881388
3774,EHBP1L1,104.18555,1.88136,0.0,0.0,1.88136
11447,MAGOH,-120.33531,-1.8813038,0.0,0.0,1.8813038
4260,RNF144A,95.14986,1.8810068,0.0,0.0,1.8810068
12437,CHMP4B,-122.13493,-1.8801113,0.0,0.0,1.8801113
11057,SMIM30,-118.56011,-1.879973,0.0,0.0,1.879973
12481,TPD52L2,-122.15985,-1.8790163,0.0,0.0,1.8790163
11402,METTL18,-120.21326,-1.8782566,0.0,0.0,1.8782566
12626,SRP68,-122.22662,-1.8781056,0.0,0.0,1.8781056
12340,LAMTOR3,-122.07201,-1.8778487,0.0,0.0,1.8778487
856,RAB3GAP1,122.77789,1.8777548,0.0,0.0,1.8777548
2479,KLHL3,118.91359,1.8776535,0.0,0.0,1.8776535
1589,PHF8,122.22932,1.8775369,0.0,0.0,1.8775369
4177,LINC00654,96.852,1.8765243,0.0,0.0,1.8765243
9737,CCDC152,-100.022644,-1.8762137,0.0,0.0,1.8762137
9966,SEMA3G,-104.58099,-1.8759873,0.0,0.0,1.8759873
3820,MUC3A,103.1809,1.8756592,0.0,0.0,1.8756592
2809,SIMC1,116.4777,1.8754907,0.0,0.0,1.8754907
10599,PAK1,-114.18539,-1.8752568,0.0,0.0,1.8752568
2595,GPD2,118.05046,1.8751172,0.0,0.0,1.8751172
12087,MRPL3,-121.814606,-1.8750211,0.0,0.0,1.8750211
3823,ZMAT4,103.13917,1.8748105,0.0,0.0,1.8748105
4235,ABCG1,95.71023,1.8747563,0.0,0.0,1.8747563
3315,C1orf21,110.99581,1.8745822,0.0,0.0,1.8745822
3613,MMP25,106.9426,1.8742226,0.0,0.0,1.8742226
11259,BPHL,-119.6128,-1.8734844,0.0,0.0,1.8734844
11369,CYTH2,-120.07754,-1.8732394,0.0,0.0,1.8732394
1099,UBAP1,122.65735,1.872981,0.0,0.0,1.872981
12817,TRIM11,-122.289665,-1.8723584,0.0,0.0,1.8723584
10615,SRSF12,-114.43087,-1.8723243,0.0,0.0,1.8723243
11640,DERL2,-121.00087,-1.8722262,0.0,0.0,1.8722262
4049,RAPGEF5,98.903244,1.8721251,0.0,0.0,1.8721251
11253,TMEM126A,-119.591446,-1.871766,0.0,0.0,1.871766
9241,TYROBP,-86.7622,-1.8711523,0.0,0.0,1.8711523
8011,PWWP3B,-42.271393,-1.8705057,0.0,0.0,1.8705057
11148,SBDS,-119.16274,-1.8703884,0.0,0.0,1.8703884
12171,SERINC3,-121.91087,-1.870314,0.0,0.0,1.870314
11934,GRK2,-121.60537,-1.8702161,0.0,0.0,1.8702161
11606,EXTL2,-120.90464,-1.8700453,0.0,0.0,1.8700453
10502,TANC2,-113.13969,-1.8698384,0.0,0.0,1.8698384
9422,INKA1,-91.66437,-1.8697661,0.0,0.0,1.8697661
8792,EPCAM,-71.90701,-1.869382,0.0,0.0,1.869382
2700,NHLRC2,117.2952,1.8693552,0.0,0.0,1.8693552
3793,MYOF,103.77477,1.8693502,0.0,0.0,1.8693502
3847,RYR1,102.663795,1.8692268,0.0,0.0,1.8692268
13142,RPUSD3,-122.38394,-1.8692063,0.0,0.0,1.8692063
9180,DANT1,-85.04497,-1.8690271,0.0,0.0,1.8690271
9823,KCNQ5,-101.86493,-1.8689121,0.0,0.0,1.8689121
5293,CCDC17,69.31369,1.8687383,0.0,0.0,1.8687383
11587,LYPLA2,-120.83137,-1.8683089,0.0,0.0,1.8683089
9925,LINC00900,-103.73619,-1.8672876,0.0,0.0,1.8672876
10351,ASAP2,-111.46293,-1.866994,0.0,0.0,1.866994
12058,TMUB1,-121.77571,-1.8667125,0.0,0.0,1.8667125
1874,PRMT3,121.63042,1.8665699,0.0,0.0,1.8665699
2170,TMEM217,120.45559,1.8663296,0.0,0.0,1.8663296
10960,FBXO48,-117.90021,-1.8661559,0.0,0.0,1.8661559
2659,LMTK2,117.65313,1.865728,0.0,0.0,1.865728
10884,MDH1,-117.218094,-1.8656131,0.0,0.0,1.8656131
11471,MRPL55,-120.45644,-1.8652698,0.0,0.0,1.8652698
12781,DDX42,-122.2802,-1.8646847,0.0,0.0,1.8646847
9839,IL18BP,-102.31788,-1.8633591,0.0,0.0,1.8633591
11449,LINC00665,-120.33827,-1.8633126,0.0,0.0,1.8633126
13913,PLEKHA3,-122.54897,-1.8628875,0.0,0.0,1.8628875
4036,ACAP3,99.084984,1.8626493,0.0,0.0,1.8626493
2743,AGPAT3,116.996544,1.8626187,0.0,0.0,1.8626187
836,NBEAL1,122.78715,1.8625468,0.0,0.0,1.8625468
9392,CENPO,-91.04449,-1.862445,0.0,0.0,1.862445
6407,NLRP1,28.119469,-1.8621966,5.663358638081978e-174,6.209305238515103e-174,1.8621966
4386,TSSK6,92.42654,1.861969,0.0,0.0,1.861969
4137,SLC3A1,97.42258,1.8618133,0.0,0.0,1.8618133
2289,TOM1,119.9182,1.8614495,0.0,0.0,1.8614495
11578,CDC26,-120.81048,-1.8612895,0.0,0.0,1.8612895
12144,DSC2,-121.876945,-1.8607477,0.0,0.0,1.8607477
3882,SEC31B,101.923256,1.8604156,0.0,0.0,1.8604156
11056,C17orf100,-118.556404,-1.8599387,0.0,0.0,1.8599387
14799,LZIC,-122.998085,-1.8597121,0.0,0.0,1.8597121
12388,COG8,-122.10528,-1.8593584,0.0,0.0,1.8593584
10350,TCIM,-111.43194,-1.8593476,0.0,0.0,1.8593476
3540,FER1L5,108.12631,1.8585006,0.0,0.0,1.8585006
7554,SHISAL1,-21.606184,-1.8583204,1.5710635804097263e-103,1.6819781968567565e-103,1.8583204
11210,IGBP1,-119.39425,-1.8575306,0.0,0.0,1.8575306
2885,RASSF3,115.73956,1.857226,0.0,0.0,1.857226
11889,MIEF1,-121.53023,-1.8570765,0.0,0.0,1.8570765
10033,AOC2,-106.10635,-1.8570267,0.0,0.0,1.8570267
3497,MCEE,108.7029,1.8569688,0.0,0.0,1.8569688
1467,SPIRE1,122.39427,1.8567163,0.0,0.0,1.8567163
3531,LRIG1,108.23872,1.8564976,0.0,0.0,1.8564976
12748,RFC1,-122.26902,-1.856111,0.0,0.0,1.856111
3916,SIAE,101.19146,1.8553021,0.0,0.0,1.8553021
10852,PRADC1,-116.91807,-1.8548716,0.0,0.0,1.8548716
9461,PLPPR2,-92.90031,-1.8545512,0.0,0.0,1.8545512
9450,PRR29,-92.68861,-1.8542874,0.0,0.0,1.8542874
12335,ILF3,-122.06842,-1.8540593,0.0,0.0,1.8540593
12239,NDUFA5,-121.986336,-1.8533313,0.0,0.0,1.8533313
1732,FBXO34,122.01597,1.8530295,0.0,0.0,1.8530295
11687,SUMO1,-121.09074,-1.8528589,0.0,0.0,1.8528589
2756,PIK3R1,116.92113,1.8526192,0.0,0.0,1.8526192
12263,TACO1,-122.007706,-1.8523402,0.0,0.0,1.8523402
11567,HNRNPA0,-120.772255,-1.8518277,0.0,0.0,1.8518277
2521,KCTD1,118.6428,1.851808,0.0,0.0,1.851808
9098,PRCD,-82.20122,-1.8517582,0.0,0.0,1.8517582
12726,ZMAT5,-122.26252,-1.8514273,0.0,0.0,1.8514273
9497,SCARA3,-93.968636,-1.8508512,0.0,0.0,1.8508512
12401,DRG2,-122.11032,-1.8508152,0.0,0.0,1.8508152
1943,EFCAB5,121.43304,1.8507328,0.0,0.0,1.8507328
3219,LINC02087,112.23401,1.8504735,0.0,0.0,1.8504735
3791,CARF,103.80068,1.8502719,0.0,0.0,1.8502719
13634,RIOK2,-122.48472,-1.8502411,0.0,0.0,1.8502411
12181,TCF3,-121.92084,-1.8502077,0.0,0.0,1.8502077
9866,RARA-AS1,-102.70328,-1.8502004,0.0,0.0,1.8502004
1895,ZNF75D,121.57591,1.8500485,0.0,0.0,1.8500485
11506,CEP41,-120.59528,-1.8498085,0.0,0.0,1.8498085
2909,UBE2O,115.50571,1.8493211,0.0,0.0,1.8493211
12159,PSMD14,-121.8877,-1.8488435,0.0,0.0,1.8488435
11575,LCA5,-120.80229,-1.8484666,0.0,0.0,1.8484666
2597,PCBD2,118.0471,1.848456,0.0,0.0,1.848456
11478,HEXIM1,-120.47656,-1.8478919,0.0,0.0,1.8478919
2070,MYO5A,121.021454,1.8476655,0.0,0.0,1.8476655
4466,STAT4,90.716675,1.8471999,0.0,0.0,1.8471999
2464,DST,119.00907,1.8471965,0.0,0.0,1.8471965
3548,CRTC1,108.04239,1.8470892,0.0,0.0,1.8470892
1466,VPS13A,122.39464,1.846989,0.0,0.0,1.846989
12178,CRAT,-121.91857,-1.8469355,0.0,0.0,1.8469355
10993,SIVA1,-118.15086,-1.8469112,0.0,0.0,1.8469112
9559,TP53AIP1,-95.71635,-1.84661,0.0,0.0,1.84661
2703,EFCAB7,117.28463,1.8461436,0.0,0.0,1.8461436
9790,KNDC1,-101.0472,-1.8459085,0.0,0.0,1.8459085
12166,PPP1R26,-121.896416,-1.845471,0.0,0.0,1.845471
1674,AAK1,122.10316,1.8451523,0.0,0.0,1.8451523
12343,NDUFV3,-122.07311,-1.8449577,0.0,0.0,1.8449577
2636,STK10,117.82203,1.8449212,0.0,0.0,1.8449212
4054,RUNX3,98.775826,1.8441525,0.0,0.0,1.8441525
9983,RAMP2-AS1,-104.827446,-1.8435459,0.0,0.0,1.8435459
1092,ANKRD13C,122.65988,1.8434933,0.0,0.0,1.8434933
3884,CLEC2D,101.89117,1.8431561,0.0,0.0,1.8431561
9596,SLC11A1,-96.67358,-1.8427559,0.0,0.0,1.8427559
4102,DNAJB13,98.0406,1.8427286,0.0,0.0,1.8427286
2792,SLC9A1,116.6279,1.8423113,0.0,0.0,1.8423113
3389,CCDC81,110.081604,1.8420703,0.0,0.0,1.8420703
2522,TBC1D1,118.63203,1.8415513,0.0,0.0,1.8415513
10189,FGF14-AS2,-108.74399,-1.8406657,0.0,0.0,1.8406657
14256,COPS3,-122.65479,-1.8403327,0.0,0.0,1.8403327
2634,AGO4,117.82485,1.8400445,0.0,0.0,1.8400445
14669,FAM120AOS,-122.85335,-1.8396993,0.0,0.0,1.8396993
12088,CFAP36,-121.81642,-1.8394771,0.0,0.0,1.8394771
1692,ANKRD28,122.07417,1.8392978,0.0,0.0,1.8392978
4545,BFSP1,88.7782,1.8385538,0.0,0.0,1.8385538
12250,PGM2L1,-121.99463,-1.8383503,0.0,0.0,1.8383503
8489,TNFRSF18,-60.39272,-1.8382651,0.0,0.0,1.8382651
9319,RUNDC3A-AS1,-89.06016,-1.8379554,0.0,0.0,1.8379554
12566,MED28,-122.20227,-1.8379158,0.0,0.0,1.8379158
2613,NRP1,117.93781,1.8378958,0.0,0.0,1.8378958
11627,DYRK2,-120.962006,-1.8378175,0.0,0.0,1.8378175
11295,WDR24,-119.77452,-1.837734,0.0,0.0,1.837734
9015,UGT3A2,-79.183395,-1.8373319,0.0,0.0,1.8373319
1765,ARHGEF12,121.93059,1.8363292,0.0,0.0,1.8363292
1408,GPATCH2,122.44707,1.8359123,0.0,0.0,1.8359123
14048,GSPT1,-122.59143,-1.8358629,0.0,0.0,1.8358629
12811,SNRPA,-122.288246,-1.8358572,0.0,0.0,1.8358572
2168,ZNF665,120.46266,1.835833,0.0,0.0,1.835833
9439,LINC02166,-92.16098,-1.8358321,0.0,0.0,1.8358321
11592,ESD,-120.84877,-1.8356273,0.0,0.0,1.8356273
11965,GNPDA1,-121.64813,-1.8352624,0.0,0.0,1.8352624
2872,TMEM154,115.82863,1.8349857,0.0,0.0,1.8349857
9844,EHD3,-102.41256,-1.8334371,0.0,0.0,1.8334371
3839,DYDC2,102.76382,1.8329653,0.0,0.0,1.8329653
7985,TLCD3A,-41.533836,-1.832655,0.0,0.0,1.832655
12281,MEN1,-122.025566,-1.8326243,0.0,0.0,1.8326243
2218,PHLPP1,120.26345,1.8324908,0.0,0.0,1.8324908
12126,NUDT2,-121.855385,-1.8322967,0.0,0.0,1.8322967
10686,PNMA6A,-115.161865,-1.8316575,0.0,0.0,1.8316575
4297,CTSK,94.41809,1.8316239,0.0,0.0,1.8316239
3610,CRYBG2,106.96981,1.8305562,0.0,0.0,1.8305562
9974,LINC01694,-104.76466,-1.8305337,0.0,0.0,1.8305337
9691,HERC5,-99.03014,-1.8305299,0.0,0.0,1.8305299
2642,SH3RF2,117.78241,1.830302,0.0,0.0,1.830302
10630,ROR2,-114.65176,-1.829915,0.0,0.0,1.829915
11191,RNF141,-119.352516,-1.8291584,0.0,0.0,1.8291584
2812,MAP4K1,116.44021,1.8287861,0.0,0.0,1.8287861
1687,ARFGEF1,122.080986,1.8286602,0.0,0.0,1.8286602
11789,TPP1,-121.32456,-1.8283825,0.0,0.0,1.8283825
13057,EIF3J,-122.36319,-1.8281014,0.0,0.0,1.8281014
3018,LINC01664,114.583405,1.8280814,0.0,0.0,1.8280814
13288,HNRNPUL1,-122.41415,-1.8275306,0.0,0.0,1.8275306
10105,ITGB1,-107.39544,-1.8274806,0.0,0.0,1.8274806
1442,ZNF254,122.418076,1.82739,0.0,0.0,1.82739
11700,MRPL32,-121.114006,-1.8272066,0.0,0.0,1.8272066
3049,PDIA5,114.22997,1.8266891,0.0,0.0,1.8266891
4030,GRK5,99.19326,1.8260299,0.0,0.0,1.8260299
11804,TEN1,-121.361626,-1.8253353,0.0,0.0,1.8253353
1115,UBR1,122.64672,1.8252922,0.0,0.0,1.8252922
12004,EIF2S1,-121.70093,-1.8249532,0.0,0.0,1.8249532
8532,VCX3A,-61.951954,-1.8244627,0.0,0.0,1.8244627
13007,PRPF6,-122.35019,-1.8244282,0.0,0.0,1.8244282
4664,BRICD5,86.45188,1.8241812,0.0,0.0,1.8241812
10215,PINLYP,-109.18247,-1.823802,0.0,0.0,1.823802
5310,LMOD2,68.90661,1.8234954,0.0,0.0,1.8234954
8926,SPINK4,-76.32214,-1.8232936,0.0,0.0,1.8232936
1655,LRCH3,122.13136,1.8229169,0.0,0.0,1.8229169
8027,HOMER3-AS1,-42.89521,-1.8222907,0.0,0.0,1.8222907
9467,ZNF763,-93.01354,-1.8217789,0.0,0.0,1.8217789
932,NAT9,122.743095,1.8215601,0.0,0.0,1.8215601
3274,ARHGAP22,111.59851,1.821267,0.0,0.0,1.821267
4281,EXPH5,94.78172,1.8208907,0.0,0.0,1.8208907
9743,SIT1,-100.094055,-1.820829,0.0,0.0,1.820829
3013,EFHB,114.61522,1.8202704,0.0,0.0,1.8202704
11898,COX17,-121.53494,-1.8197482,0.0,0.0,1.8197482
13485,CNIH1,-122.453156,-1.819535,0.0,0.0,1.819535
10978,MGST3,-118.049385,-1.8194122,0.0,0.0,1.8194122
9852,PLP2,-102.51278,-1.8193115,0.0,0.0,1.8193115
10935,NATD1,-117.632355,-1.819138,0.0,0.0,1.819138
9870,SOX18,-102.7695,-1.8181467,0.0,0.0,1.8181467
3941,POLE2,100.70097,1.8177848,0.0,0.0,1.8177848
10749,ATP2B1,-115.84959,-1.8170832,0.0,0.0,1.8170832
3097,PPP1R12C,113.749695,1.8165662,0.0,0.0,1.8165662
8032,GAD1,-42.989574,-1.8161902,0.0,0.0,1.8161902
12921,EMC8,-122.32616,-1.8160976,0.0,0.0,1.8160976
8455,SOX15,-58.75915,-1.8156196,0.0,0.0,1.8156196
4471,SCN1B,90.60772,1.8156005,0.0,0.0,1.8156005
12002,CAPN2,-121.694695,-1.8152663,0.0,0.0,1.8152663
2593,LIMD1,118.085,1.8151308,0.0,0.0,1.8151308
2327,FARP2,119.69272,1.8147404,0.0,0.0,1.8147404
5307,LINC01943,68.97447,1.8145977,0.0,0.0,1.8145977
9969,CEP126,-104.69894,-1.813959,0.0,0.0,1.813959
11944,NECTIN2,-121.61802,-1.813616,0.0,0.0,1.813616
1528,UBR2,122.31024,1.8132964,0.0,0.0,1.8132964
10108,DDX47,-107.4635,-1.8129445,0.0,0.0,1.8129445
8839,CYP1B1,-73.50877,-1.8120815,0.0,0.0,1.8120815
12484,CSNK1G2,-122.16166,-1.8119838,0.0,0.0,1.8119838
10681,STOX1,-115.09043,-1.8119173,0.0,0.0,1.8119173
4649,SLC25A48,86.71896,1.8118571,0.0,0.0,1.8118571
8223,COL14A1,-50.228897,-1.8111933,0.0,0.0,1.8111933
11151,TAF1A-AS1,-119.17063,-1.8110354,0.0,0.0,1.8110354
13855,SAMM50,-122.538124,-1.8106505,0.0,0.0,1.8106505
14079,ABHD13,-122.5996,-1.8105044,0.0,0.0,1.8105044
9998,JAG2,-105.45403,-1.8105015,0.0,0.0,1.8105015
12535,ATG12,-122.190315,-1.8104105,0.0,0.0,1.8104105
11171,NUP50,-119.24679,-1.810196,0.0,0.0,1.810196
3144,NANOGNB,113.12991,1.810056,0.0,0.0,1.810056
10076,SUCLA2-AS1,-106.80962,-1.8093882,0.0,0.0,1.8093882
3833,NIPSNAP3B,102.91435,1.8089721,0.0,0.0,1.8089721
12822,UBE2V2,-122.29309,-1.8088651,0.0,0.0,1.8088651
10065,CTF1,-106.61653,-1.8085694,0.0,0.0,1.8085694
1634,TIGD7,122.16557,1.8085405,0.0,0.0,1.8085405
10280,STARD5,-110.1244,-1.8083963,0.0,0.0,1.8083963
11290,BRMS1,-119.75618,-1.8081297,0.0,0.0,1.8081297
12973,INTS13,-122.3416,-1.8079274,0.0,0.0,1.8079274
2663,SHROOM3,117.628654,1.8077917,0.0,0.0,1.8077917
11721,CTU1,-121.165535,-1.8074617,0.0,0.0,1.8074617
11801,CETN3,-121.36055,-1.8072118,0.0,0.0,1.8072118
9679,ULBP1,-98.84004,-1.8070363,0.0,0.0,1.8070363
11668,TMEM230,-121.06089,-1.8070294,0.0,0.0,1.8070294
8665,TNFRSF13C,-66.566475,-1.8069873,0.0,0.0,1.8069873
12375,GLTP,-122.09807,-1.8067257,0.0,0.0,1.8067257
4079,GPD1,98.38608,1.8063476,0.0,0.0,1.8063476
12132,UTP15,-121.85916,-1.8063052,0.0,0.0,1.8063052
4807,GXYLT2,82.92634,1.8061676,0.0,0.0,1.8061676
5288,KIF4A,69.52797,-1.8059602,0.0,0.0,1.8059602
11540,SRPRB,-120.693245,-1.8055241,0.0,0.0,1.8055241
12219,ACP2,-121.96068,-1.8052511,0.0,0.0,1.8052511
1071,ANKRD17,122.66707,1.8051969,0.0,0.0,1.8051969
11409,PARD6B,-120.229805,-1.8051819,0.0,0.0,1.8051819
11035,RAB27A,-118.41927,-1.8051407,0.0,0.0,1.8051407
3010,ZNF236,114.62371,1.8051323,0.0,0.0,1.8051323
1526,SMURF1,122.318634,1.8050051,0.0,0.0,1.8050051
10581,KNOP1,-113.94585,-1.8049077,0.0,0.0,1.8049077
11224,ZNF32,-119.47755,-1.8047858,0.0,0.0,1.8047858
13258,NUCB1,-122.408005,-1.8046271,0.0,0.0,1.8046271
12469,IMPACT,-122.149376,-1.8043463,0.0,0.0,1.8043463
3756,PHKA2,104.45011,1.803902,0.0,0.0,1.803902
10031,TIFA,-106.07712,-1.8023686,0.0,0.0,1.8023686
3794,FLNB-AS1,103.76722,1.8020002,0.0,0.0,1.8020002
10038,CAMK1,-106.14315,-1.8018073,0.0,0.0,1.8018073
1802,HCFC2,121.83427,1.801622,0.0,0.0,1.801622
1602,EPC1,122.21431,1.8014454,0.0,0.0,1.8014454
3854,HS3ST1,102.58681,1.8010755,0.0,0.0,1.8010755
13237,RTF1,-122.40484,-1.8000754,0.0,0.0,1.8000754
3829,TMEM135,103.03977,1.7999796,0.0,0.0,1.7999796
11791,ZNF219,-121.332016,-1.7996314,0.0,0.0,1.7996314
1896,NR2C1,121.57462,1.7994518,0.0,0.0,1.7994518
1991,CWF19L2,121.31756,1.7992002,0.0,0.0,1.7992002
1606,UQCC1,122.21164,1.7988589,0.0,0.0,1.7988589
2721,TRPC1,117.11801,1.798842,0.0,0.0,1.798842
1908,TOGARAM1,121.535034,1.7986478,0.0,0.0,1.7986478
8918,CACNA1D,-76.08064,-1.7986393,0.0,0.0,1.7986393
12234,SLC25A39,-121.97371,-1.7983195,0.0,0.0,1.7983195
599,MAX,122.90232,1.7965822,0.0,0.0,1.7965822
10762,LYN,-115.92802,-1.7960944,0.0,0.0,1.7960944
10405,CALU,-112.10642,-1.795667,0.0,0.0,1.795667
2625,PHKA1,117.88082,1.7954078,0.0,0.0,1.7954078
6234,TACC3,34.689037,-1.795339,1.1528324703236457e-263,1.2927308609836678e-263,1.795339
11635,RANGRF,-120.980385,-1.7949771,0.0,0.0,1.7949771
2939,ACSBG1,115.222046,1.7939903,0.0,0.0,1.7939903
4159,PAG1,97.094475,1.7930975,0.0,0.0,1.7930975
10585,EBNA1BP2,-114.00809,-1.7929761,0.0,0.0,1.7929761
1777,FRS2,121.90555,1.792769,0.0,0.0,1.792769
2688,CYTH1,117.4109,1.7922578,0.0,0.0,1.7922578
10154,EFNB1,-108.225494,-1.7920437,0.0,0.0,1.7920437
3705,ZNF578,105.374596,1.791941,0.0,0.0,1.791941
3874,N4BP2L1,102.13601,1.7916285,0.0,0.0,1.7916285
3082,MYRFL,113.85097,1.7914832,0.0,0.0,1.7914832
3877,CEP192,102.067276,1.7908766,0.0,0.0,1.7908766
9733,LRRC71,-99.91277,-1.7908721,0.0,0.0,1.7908721
3063,RPS6KA5,114.0742,1.790816,0.0,0.0,1.790816
4150,SLC47A2,97.22108,1.790603,0.0,0.0,1.790603
10413,AP5B1,-112.211655,-1.789943,0.0,0.0,1.789943
3386,CHROMR,110.11602,1.7896931,0.0,0.0,1.7896931
13135,AP1AR,-122.381325,-1.7893473,0.0,0.0,1.7893473
6583,PRR11,21.36609,-1.7890362,2.7632141361897285e-101,2.955092937253379e-101,1.7890362
3997,CFAP44,99.823135,1.7883309,0.0,0.0,1.7883309
4151,DAW1,97.19828,1.7873267,0.0,0.0,1.7873267
11425,PPFIA3,-120.26993,-1.7873123,0.0,0.0,1.7873123
2915,PACC1,115.461624,1.7869658,0.0,0.0,1.7869658
11001,ZCCHC24,-118.21095,-1.7867901,0.0,0.0,1.7867901
11863,FLYWCH2,-121.47653,-1.7864262,0.0,0.0,1.7864262
11249,DDX3Y,-119.57891,-1.7863666,0.0,0.0,1.7863666
11737,RABIF,-121.224785,-1.7861396,0.0,0.0,1.7861396
11434,SAYSD1,-120.297325,-1.7859831,0.0,0.0,1.7859831
2404,SLC12A2,119.34363,1.7858955,0.0,0.0,1.7858955
11654,COX20,-121.02796,-1.7858642,0.0,0.0,1.7858642
10094,RRM1,-107.181946,-1.7857301,0.0,0.0,1.7857301
11265,NCK1-DT,-119.63848,-1.7846148,0.0,0.0,1.7846148
1990,TRAPPC13,121.31949,1.784066,0.0,0.0,1.784066
4200,ZNF684,96.461365,1.7836605,0.0,0.0,1.7836605
10349,CCND2,-111.41938,-1.7832075,0.0,0.0,1.7832075
4157,PIDD1,97.15671,1.7830796,0.0,0.0,1.7830796
9645,CCR7,-98.1621,-1.7829791,0.0,0.0,1.7829791
10629,DMRTA1,-114.63895,-1.7829138,0.0,0.0,1.7829138
3651,ERFE,106.27599,1.7828503,0.0,0.0,1.7828503
10220,LAMB2,-109.239555,-1.7826461,0.0,0.0,1.7826461
11945,ARID3A,-121.61902,-1.7821816,0.0,0.0,1.7821816
10598,MVD,-114.182465,-1.7817854,0.0,0.0,1.7817854
9524,NQO1,-94.62124,-1.7816869,0.0,0.0,1.7816869
9813,BRI3BP,-101.69838,-1.7815083,0.0,0.0,1.7815083
10432,TBCE,-112.4317,-1.7813299,0.0,0.0,1.7813299
3544,RHOT1,108.06968,1.7811322,0.0,0.0,1.7811322
1827,SMG6,121.78301,1.7810259,0.0,0.0,1.7810259
4076,TAS1R3,98.45539,1.780975,0.0,0.0,1.780975
1219,ARMC8,122.5869,1.7809656,0.0,0.0,1.7809656
1884,MED13,121.59402,1.7808628,0.0,0.0,1.7808628
3627,TRABD2A,106.67427,1.7804055,0.0,0.0,1.7804055
11131,ABCD1,-119.08264,-1.780119,0.0,0.0,1.780119
12779,CCDC47,-122.27987,-1.7789071,0.0,0.0,1.7789071
1584,UBE4B,122.23843,1.7786629,0.0,0.0,1.7786629
1635,LARS2,122.16527,1.7786611,0.0,0.0,1.7786611
11960,TBL2,-121.63805,-1.7786145,0.0,0.0,1.7786145
11724,POLR2F,-121.16772,-1.7777816,0.0,0.0,1.7777816
12753,POLDIP2,-122.27146,-1.7773732,0.0,0.0,1.7773732
13014,USP22,-122.352005,-1.7772834,0.0,0.0,1.7772834
11236,KMT5A,-119.53463,-1.7771435,0.0,0.0,1.7771435
2778,SPATA6L,116.726974,1.777098,0.0,0.0,1.777098
3660,MYO1D,106.10512,1.7760416,0.0,0.0,1.7760416
11780,PNRC2,-121.30987,-1.7750916,0.0,0.0,1.7750916
3048,GOLGA8B,114.23677,1.7749809,0.0,0.0,1.7749809
2819,TFB1M,116.366844,1.7747754,0.0,0.0,1.7747754
2557,DNM2,118.29721,1.774772,0.0,0.0,1.774772
2753,FBXL4,116.93577,1.773971,0.0,0.0,1.773971
3978,NDST1-AS1,100.04652,1.7737517,0.0,0.0,1.7737517
2005,ADNP-AS1,121.28025,1.7734944,0.0,0.0,1.7734944
13564,PCBP2,-122.46794,-1.7733166,0.0,0.0,1.7733166
3529,HELZ2,108.32481,1.7724847,0.0,0.0,1.7724847
9799,DGAT2,-101.34846,-1.7711403,0.0,0.0,1.7711403
12714,YIPF5,-122.25782,-1.7709242,0.0,0.0,1.7709242
1879,ARSB,121.60381,1.7707433,0.0,0.0,1.7707433
11380,TRPT1,-120.10309,-1.7704602,0.0,0.0,1.7704602
3060,ZDHHC1,114.120125,1.7702786,0.0,0.0,1.7702786
8335,CCL2,-54.479393,-1.770225,0.0,0.0,1.770225
13199,WIPI2,-122.39855,-1.7698222,0.0,0.0,1.7698222
1998,OTUD7B,121.29216,1.7696719,0.0,0.0,1.7696719
1683,NUP98,122.08741,1.7694222,0.0,0.0,1.7694222
9044,SECTM1,-80.02042,-1.7691984,0.0,0.0,1.7691984
7942,BSPRY,-39.631054,-1.7687298,0.0,0.0,1.7687298
12780,RBBP4,-122.27988,-1.76869,0.0,0.0,1.76869
10790,ETV3,-116.18957,-1.768451,0.0,0.0,1.768451
10869,EIF1AY,-117.063416,-1.7677361,0.0,0.0,1.7677361
11351,CLTB,-120.00728,-1.7675681,0.0,0.0,1.7675681
11728,MLST8,-121.18175,-1.7672565,0.0,0.0,1.7672565
9754,F8A3,-100.449646,-1.7671976,0.0,0.0,1.7671976
12664,RWDD4,-122.24057,-1.766745,0.0,0.0,1.766745
1878,ZNF562,121.61245,1.7660735,0.0,0.0,1.7660735
11729,RRAGD,-121.18997,-1.765895,0.0,0.0,1.765895
1533,USP32,122.30628,1.7658105,0.0,0.0,1.7658105
11674,POP4,-121.07001,-1.7657965,0.0,0.0,1.7657965
3779,CCDC159,104.10517,1.7652187,0.0,0.0,1.7652187
10318,ZNF681,-110.800705,-1.7651895,0.0,0.0,1.7651895
2556,SLC17A5,118.30471,1.7650245,0.0,0.0,1.7650245
11748,CHMP1A,-121.24553,-1.7648256,0.0,0.0,1.7648256
12221,SLC35A1,-121.962036,-1.7641417,0.0,0.0,1.7641417
3703,GPRIN2,105.38031,1.7632846,0.0,0.0,1.7632846
6767,UHRF1,13.0846615,-1.7628305,4.029506661561727e-39,4.1949749612257455e-39,1.7628305
11691,MSH2,-121.09767,-1.7626264,0.0,0.0,1.7626264
3096,SAMD14,113.75197,1.7624907,0.0,0.0,1.7624907
2444,ANK3,119.12489,1.7623749,0.0,0.0,1.7623749
4025,CCDC30,99.24276,1.7623515,0.0,0.0,1.7623515
1917,MGRN1,121.50985,1.7622639,0.0,0.0,1.7622639
11239,SNAPIN,-119.549034,-1.7613657,0.0,0.0,1.7613657
12186,GDI1,-121.928185,-1.7606479,0.0,0.0,1.7606479
9930,TSPAN33,-103.88217,-1.760531,0.0,0.0,1.760531
4116,KCTD16,97.80217,1.7603195,0.0,0.0,1.7603195
11042,APAF1,-118.46565,-1.7602392,0.0,0.0,1.7602392
1816,LATS1,121.80464,1.7601506,0.0,0.0,1.7601506
7993,TMEM255A,-41.799393,-1.7599876,0.0,0.0,1.7599876
2767,HMG20A,116.82928,1.7597704,0.0,0.0,1.7597704
12478,NUDT5,-122.15589,-1.7596059,0.0,0.0,1.7596059
1950,FSD1L,121.417725,1.7595975,0.0,0.0,1.7595975
3940,DRD2,100.73464,1.7592413,0.0,0.0,1.7592413
3914,OR51M1,101.207146,1.7589933,0.0,0.0,1.7589933
3015,PPARA,114.60767,1.7586734,0.0,0.0,1.7586734
2124,PHC3,120.74234,1.7586436,0.0,0.0,1.7586436
12583,CAPRIN1,-122.20691,-1.758416,0.0,0.0,1.758416
4158,GLIS1,97.099396,1.7584087,0.0,0.0,1.7584087
3875,NLRX1,102.10648,1.7582932,0.0,0.0,1.7582932
2311,PCSK7,119.805786,1.7576656,0.0,0.0,1.7576656
2125,LRBA,120.73764,1.7573712,0.0,0.0,1.7573712
9126,HOXB-AS3,-83.2203,-1.7572008,0.0,0.0,1.7572008
3355,SNORC,110.48671,1.7567858,0.0,0.0,1.7567858
4230,SLC26A9,95.81706,1.7567376,0.0,0.0,1.7567376
4103,TSPAN19,98.03972,1.7566237,0.0,0.0,1.7566237
12943,TAF11,-122.33127,-1.7563692,0.0,0.0,1.7563692
12137,TXLNA,-121.86499,-1.7561141,0.0,0.0,1.7561141
12269,RP9,-122.01476,-1.7551131,0.0,0.0,1.7551131
3984,TGFA,99.92239,1.754025,0.0,0.0,1.754025
13168,XRCC6,-122.39001,-1.7538192,0.0,0.0,1.7538192
10163,COL6A1,-108.36194,-1.7537769,0.0,0.0,1.7537769
2068,ACOX3,121.0369,1.7536491,0.0,0.0,1.7536491
2598,TMC7,118.01919,1.753649,0.0,0.0,1.753649
11229,PSMD12,-119.508995,-1.7529685,0.0,0.0,1.7529685
3136,TPD52L1,113.26054,1.7522395,0.0,0.0,1.7522395
9804,FUT8-AS1,-101.410835,-1.7522357,0.0,0.0,1.7522357
2091,ZNF169,120.91569,1.750388,0.0,0.0,1.750388
11875,TIMM8A,-121.49921,-1.7500169,0.0,0.0,1.7500169
953,GABPB1,122.731606,1.7498993,0.0,0.0,1.7498993
4034,GPR132,99.13812,1.7496986,0.0,0.0,1.7496986
11109,PINK1,-118.93142,-1.74931,0.0,0.0,1.74931
9288,SERPINA3,-88.19444,-1.7482222,0.0,0.0,1.7482222
11699,RFNG,-121.11002,-1.7477106,0.0,0.0,1.7477106
9713,ICAM3,-99.44147,-1.7476058,0.0,0.0,1.7476058
9570,ERO1A,-96.0684,-1.7469447,0.0,0.0,1.7469447
13188,ATP6V1D,-122.39565,-1.746677,0.0,0.0,1.746677
11913,RHPN2,-121.56399,-1.7464308,0.0,0.0,1.7464308
10556,TCP10L,-113.71805,-1.7463291,0.0,0.0,1.7463291
10665,TCF4,-114.97718,-1.7461492,0.0,0.0,1.7461492
2894,TMTC1,115.6314,1.7459909,0.0,0.0,1.7459909
2117,BANP,120.77969,1.745497,0.0,0.0,1.745497
10522,ATP11C,-113.33908,-1.7440511,0.0,0.0,1.7440511
3371,ZNF521,110.31276,1.7439687,0.0,0.0,1.7439687
1223,PRKRIP1,122.58522,1.74392,0.0,0.0,1.74392
12631,ALKBH5,-122.22811,-1.7429464,0.0,0.0,1.7429464
10210,PARP8,-109.076416,-1.7428864,0.0,0.0,1.7428864
11680,CYB5R3,-121.08198,-1.7428523,0.0,0.0,1.7428523
9605,SNAP25,-96.920105,-1.7425164,0.0,0.0,1.7425164
2627,TBCK,117.871544,1.7419701,0.0,0.0,1.7419701
2413,MYO9B,119.271996,1.7414749,0.0,0.0,1.7414749
9011,MSC,-79.07423,-1.740799,0.0,0.0,1.740799
1947,NEDD4L,121.42258,1.7406768,0.0,0.0,1.7406768
2963,MAP7D2,115.04723,1.739986,0.0,0.0,1.739986
3864,DSCAML1,102.34985,1.7395403,0.0,0.0,1.7395403
9593,ZNF710-AS1,-96.6528,-1.7394173,0.0,0.0,1.7394173
9297,RAB3A,-88.3971,-1.7393314,0.0,0.0,1.7393314
3098,IPMK,113.720146,1.7391881,0.0,0.0,1.7391881
9791,TGFB3,-101.07216,-1.7384499,0.0,0.0,1.7384499
11154,NDUFS7,-119.17877,-1.738172,0.0,0.0,1.738172
3725,LINC01967,105.0922,1.7381454,0.0,0.0,1.7381454
2689,LINC01473,117.410736,1.738112,0.0,0.0,1.738112
11145,SKA2,-119.153435,-1.7373841,0.0,0.0,1.7373841
1622,NEK1,122.18997,1.7371578,0.0,0.0,1.7371578
2247,PPTC7,120.12179,1.7367637,0.0,0.0,1.7367637
10046,NR2C2AP,-106.34931,-1.7367389,0.0,0.0,1.7367389
2611,ABCB7,117.94794,1.7363461,0.0,0.0,1.7363461
11822,MRGBP,-121.394226,-1.7363021,0.0,0.0,1.7363021
3506,VSNL1,108.60429,1.7360392,0.0,0.0,1.7360392
4440,SCUBE1,91.224625,1.7360177,0.0,0.0,1.7360177
2754,PAM,116.932365,1.7357886,0.0,0.0,1.7357886
11515,PIH1D1,-120.62159,-1.7353091,0.0,0.0,1.7353091
11438,AKT1,-120.31508,-1.7353041,0.0,0.0,1.7353041
12849,STK25,-122.30086,-1.7351594,0.0,0.0,1.7351594
3911,HTR3B,101.319374,1.735086,0.0,0.0,1.735086
3495,BCL2L15,108.7103,1.7345589,0.0,0.0,1.7345589
14086,SPRYD7,-122.60254,-1.7341865,0.0,0.0,1.7341865
11172,REX1BD,-119.2544,-1.7327996,0.0,0.0,1.7327996
12098,TMEM64,-121.826805,-1.7327924,0.0,0.0,1.7327924
5050,ACRBP,76.60792,1.7322428,0.0,0.0,1.7322428
14020,WDR82,-122.58136,-1.7317948,0.0,0.0,1.7317948
11949,CAP1,-121.623566,-1.7317879,0.0,0.0,1.7317879
11815,LIG3,-121.387596,-1.7316788,0.0,0.0,1.7316788
2599,PEX6,118.018684,1.7313626,0.0,0.0,1.7313626
7268,TULP1,-9.331445,-1.7309333,1.0443777856065691e-20,1.0747409754601045e-20,1.7309333
5124,DCXR-DT,74.54757,1.7308255,0.0,0.0,1.7308255
2380,ZBTB49,119.43827,1.7304405,0.0,0.0,1.7304405
13018,RBM17,-122.35256,-1.7302094,0.0,0.0,1.7302094
3539,COBLL1,108.152374,1.7299238,0.0,0.0,1.7299238
4941,EFCAB12,79.75161,1.7298324,0.0,0.0,1.7298324
11833,HTRA2,-121.40692,-1.7294859,0.0,0.0,1.7294859
11518,SIX5,-120.627235,-1.729356,0.0,0.0,1.729356
1963,KDM2A,121.38838,1.7293204,0.0,0.0,1.7293204
9785,LY6E-DT,-101.015076,-1.7291616,0.0,0.0,1.7291616
5690,TMEM204,55.31687,1.7291077,0.0,0.0,1.7291077
10412,ZNF334,-112.19957,-1.7284621,0.0,0.0,1.7284621
10998,MSTO1,-118.17668,-1.7284483,0.0,0.0,1.7284483
3143,TOX3,113.149635,1.7283885,0.0,0.0,1.7283885
10159,SNHG15,-108.29682,-1.7280711,0.0,0.0,1.7280711
8409,PDZD4,-57.282497,-1.7278651,0.0,0.0,1.7278651
2537,BACH1,118.4831,1.7276071,0.0,0.0,1.7276071
10319,MAP1LC3B2,-110.81124,-1.7272635,0.0,0.0,1.7272635
9579,SELENOP,-96.45452,-1.7260401,0.0,0.0,1.7260401
12577,NUB1,-122.20534,-1.7259809,0.0,0.0,1.7259809
11790,ALG3,-121.32512,-1.7257653,0.0,0.0,1.7257653
12500,RNF167,-122.16826,-1.7257302,0.0,0.0,1.7257302
4336,ENOSF1,93.47264,1.7256689,0.0,0.0,1.7256689
11266,ZNF239,-119.64605,-1.7252469,0.0,0.0,1.7252469
8993,SLC4A11,-78.37493,-1.7252197,0.0,0.0,1.7252197
9678,LZTS1,-98.83981,-1.7249306,0.0,0.0,1.7249306
4080,FABP6,98.38038,1.7247655,0.0,0.0,1.7247655
2300,CECR2,119.86101,1.7246746,0.0,0.0,1.7246746
2922,NRDE2,115.38914,1.7242094,0.0,0.0,1.7242094
7969,MUC19,-40.726295,-1.7241745,0.0,0.0,1.7241745
11485,SMYD5,-120.50808,-1.7237136,0.0,0.0,1.7237136
12285,ISCA1,-122.026634,-1.7235428,0.0,0.0,1.7235428
3983,LINC02728,99.9345,1.7231281,0.0,0.0,1.7231281
11073,UCK1,-118.6846,-1.7228382,0.0,0.0,1.7228382
10561,DDX21,-113.75976,-1.7223753,0.0,0.0,1.7223753
10864,TMEM250,-116.99638,-1.7216969,0.0,0.0,1.7216969
10729,TERF1,-115.6458,-1.7216823,0.0,0.0,1.7216823
2562,AEBP2,118.275246,1.721395,0.0,0.0,1.721395
12697,DDX18,-122.25258,-1.7213591,0.0,0.0,1.7213591
11032,PFAS,-118.39392,-1.7211677,0.0,0.0,1.7211677
7496,ATP1B4,-19.20194,-1.7208455,3.5652507025353806e-82,3.785526429646494e-82,1.7208455
3789,SLC13A5,103.85972,1.7208033,0.0,0.0,1.7208033
3728,TRPM4,104.99949,1.7204932,0.0,0.0,1.7204932
3670,IL18R1,105.93112,1.7203758,0.0,0.0,1.7203758
3787,ZNF658,103.92634,1.7203498,0.0,0.0,1.7203498
1953,DENND6A,121.41145,1.720236,0.0,0.0,1.720236
10074,FADS2,-106.78946,-1.7196653,0.0,0.0,1.7196653
8333,DPYSL4,-54.450954,-1.7194409,0.0,0.0,1.7194409
4067,ELOVL7,98.56709,1.7194059,0.0,0.0,1.7194059
11983,PAIP2,-121.67107,-1.7193455,0.0,0.0,1.7193455
3179,NBAS,112.65133,1.7193055,0.0,0.0,1.7193055
13218,SPCS2,-122.401634,-1.7192358,0.0,0.0,1.7192358
11330,CSNK2A2,-119.91048,-1.7189846,0.0,0.0,1.7189846
13759,ELOA,-122.51567,-1.717776,0.0,0.0,1.717776
1585,MSRB3,122.238235,1.7172071,0.0,0.0,1.7172071
3464,AFF3,109.16369,1.7172062,0.0,0.0,1.7172062
12651,NAE1,-122.2338,-1.7169387,0.0,0.0,1.7169387
3121,PCNT,113.4188,1.7166847,0.0,0.0,1.7166847
2669,ZNF383,117.58615,1.7159935,0.0,0.0,1.7159935
12541,C11orf58,-122.19322,-1.7155942,0.0,0.0,1.7155942
11083,EIF3C,-118.812454,-1.7155783,0.0,0.0,1.7155783
11293,MRPL50,-119.76469,-1.7147926,0.0,0.0,1.7147926
2096,ANO6,120.8784,1.7147121,0.0,0.0,1.7147121
3368,TMEM120B,110.3276,1.714491,0.0,0.0,1.714491
12650,KRAS,-122.23364,-1.7137719,0.0,0.0,1.7137719
1904,RC3H1,121.540924,1.7133437,0.0,0.0,1.7133437
3118,MYO15B,113.45066,1.7128803,0.0,0.0,1.7128803
8059,SLC6A4,-43.884804,-1.7123735,0.0,0.0,1.7123735
3526,SNX22,108.349525,1.712334,0.0,0.0,1.712334
14104,RPAIN,-122.60726,-1.7122749,0.0,0.0,1.7122749
11414,ZNF689,-120.24758,-1.7120491,0.0,0.0,1.7120491
2631,DAGLA,117.85694,1.7109982,0.0,0.0,1.7109982
1871,KLHL20,121.63782,1.7106225,0.0,0.0,1.7106225
12389,AZI2,-122.10541,-1.7105776,0.0,0.0,1.7105776
8673,ETV5,-67.0517,-1.7100431,0.0,0.0,1.7100431
10444,TMEM147-AS1,-112.53665,-1.7098781,0.0,0.0,1.7098781
3648,TRDN,106.33619,1.7098588,0.0,0.0,1.7098588
7719,DUOX2,-28.621271,-1.7097862,3.653091008246753e-180,4.010584998394226e-180,1.7097862
10529,TMEM198,-113.39786,-1.7085687,0.0,0.0,1.7085687
9716,FARP1-AS1,-99.577225,-1.7084901,0.0,0.0,1.7084901
11795,QSER1,-121.34151,-1.7076548,0.0,0.0,1.7076548
11810,PSME3,-121.37833,-1.7072395,0.0,0.0,1.7072395
2275,KIF13A,119.98295,1.7070805,0.0,0.0,1.7070805
1457,ZNF721,122.40259,1.7069722,0.0,0.0,1.7069722
2156,DYRK1A,120.5357,1.706724,0.0,0.0,1.706724
4366,MIR181A1HG,92.846855,1.706518,0.0,0.0,1.706518
1845,DIP2A,121.72612,1.705089,0.0,0.0,1.705089
4425,TSPOAP1,91.61405,1.7047827,0.0,0.0,1.7047827
11140,PIP4P2,-119.11812,-1.7045962,0.0,0.0,1.7045962
10933,UBXN6,-117.6032,-1.704183,0.0,0.0,1.704183
3133,CCDC93,113.2967,1.7036346,0.0,0.0,1.7036346
8312,ESRP2,-53.428608,-1.7028633,0.0,0.0,1.7028633
4556,GOLGA8H,88.534706,1.7025516,0.0,0.0,1.7025516
3111,ZNRF1,113.57253,1.7025286,0.0,0.0,1.7025286
2854,HDHD3,116.01652,1.7018453,0.0,0.0,1.7018453
10708,GNL3L,-115.480804,-1.7017106,0.0,0.0,1.7017106
10523,DYNLT3,-113.35318,-1.701338,0.0,0.0,1.701338
1375,SRPK2,122.47625,1.7010641,0.0,0.0,1.7010641
9429,TPM3,-91.84363,-1.700934,0.0,0.0,1.700934
9187,SLC5A9,-85.13255,-1.7006907,0.0,0.0,1.7006907
3319,ITPRID2,110.92898,1.7003223,0.0,0.0,1.7003223
11769,SEC61A2,-121.289955,-1.7002444,0.0,0.0,1.7002444
2836,SLC38A6,116.18802,1.6994542,0.0,0.0,1.6994542
3065,CDS2,114.05181,1.6992745,0.0,0.0,1.6992745
3151,CAMK4,113.051994,1.6983672,0.0,0.0,1.6983672
3990,ZBED5-AS1,99.88853,1.6980705,0.0,0.0,1.6980705
3942,LINC02572,100.67193,1.6979307,0.0,0.0,1.6979307
4035,CD4,99.111336,1.6972805,0.0,0.0,1.6972805
4784,RHOB,83.57871,1.6970149,0.0,0.0,1.6970149
2682,CORO6,117.46716,1.6969378,0.0,0.0,1.6969378
4174,PARP10,96.9068,1.6966394,0.0,0.0,1.6966394
10927,VSIG10L,-117.51319,-1.6966376,0.0,0.0,1.6966376
10900,ZNF599,-117.35382,-1.6964167,0.0,0.0,1.6964167
1224,SEC24B,122.58483,1.6963208,0.0,0.0,1.6963208
12014,MRPL16,-121.71098,-1.6962733,0.0,0.0,1.6962733
11186,PDCD2L,-119.3173,-1.695162,0.0,0.0,1.695162
11608,FAM98A,-120.9084,-1.6947385,0.0,0.0,1.6947385
3519,NMNAT1,108.37866,1.6940804,0.0,0.0,1.6940804
3868,ABHD6,102.23044,1.6938976,0.0,0.0,1.6938976
5687,ADGRL3,55.442398,1.6937612,0.0,0.0,1.6937612
11556,SMIM19,-120.720314,-1.6935823,0.0,0.0,1.6935823
2256,ZEB2,120.09782,1.693521,0.0,0.0,1.693521
4216,HTR7,96.10341,1.6935114,0.0,0.0,1.6935114
2071,MED13L,121.01822,1.6931196,0.0,0.0,1.6931196
11642,MAP7D3,-121.00501,-1.6927236,0.0,0.0,1.6927236
11331,SDHAF1,-119.91086,-1.6926916,0.0,0.0,1.6926916
4086,IDUA,98.3362,1.6926041,0.0,0.0,1.6926041
8353,ESRP1,-55.344994,-1.6923407,0.0,0.0,1.6923407
6522,ACTG2,24.024471,-1.6919512,1.5435741360654017e-127,1.6649271281444343e-127,1.6919512
2382,TMBIM1,119.430405,1.6919008,0.0,0.0,1.6919008
4444,LINC02268,91.15575,1.6916885,0.0,0.0,1.6916885
3745,CRY2,104.64521,1.6911416,0.0,0.0,1.6911416
10134,LRR1,-107.94207,-1.6910049,0.0,0.0,1.6910049
11507,ZNF614,-120.59567,-1.6907657,0.0,0.0,1.6907657
10080,B3GNT8,-106.88664,-1.6907406,0.0,0.0,1.6907406
11969,ARL2BP,-121.65383,-1.6906748,0.0,0.0,1.6906748
1560,LARP4B,122.26582,1.6906168,0.0,0.0,1.6906168
1804,NVL,121.8332,1.6901289,0.0,0.0,1.6901289
11467,FAM76B,-120.44387,-1.6899184,0.0,0.0,1.6899184
12111,CNDP2,-121.8397,-1.6896933,0.0,0.0,1.6896933
8633,OR8D4,-65.52483,-1.68955,0.0,0.0,1.68955
1901,RERE,121.55033,1.689428,0.0,0.0,1.689428
11902,SMARCD1,-121.54143,-1.6889247,0.0,0.0,1.6889247
3524,SYPL2,108.351974,1.6888995,0.0,0.0,1.6888995
9720,ARHGDIG,-99.65356,-1.6884931,0.0,0.0,1.6884931
10533,FLVCR1-DT,-113.451225,-1.6880777,0.0,0.0,1.6880777
11142,PIGT,-119.12315,-1.6880237,0.0,0.0,1.6880237
2588,SLC23A2,118.14019,1.6874688,0.0,0.0,1.6874688
13633,FAM204A,-122.4847,-1.6871831,0.0,0.0,1.6871831
11867,GATAD1,-121.48181,-1.6862512,0.0,0.0,1.6862512
12800,ZNF322,-122.28541,-1.686242,0.0,0.0,1.686242
12839,TXNDC12,-122.29784,-1.6861445,0.0,0.0,1.6861445
8889,APOD,-74.92154,-1.6860839,0.0,0.0,1.6860839
3679,CLMP,105.752884,1.685886,0.0,0.0,1.685886
11683,AMZ2,-121.08691,-1.6857188,0.0,0.0,1.6857188
11787,MEX3C,-121.32186,-1.6855745,0.0,0.0,1.6855745
8843,IL4R,-73.55563,-1.685558,0.0,0.0,1.685558
10764,HYPK,-115.93826,-1.6846056,0.0,0.0,1.6846056
12036,ZNF677,-121.74786,-1.6842494,0.0,0.0,1.6842494
11708,DEXI,-121.13037,-1.6839582,0.0,0.0,1.6839582
8647,LRRC10,-65.884926,-1.6839222,0.0,0.0,1.6839222
1725,ZNF710,122.02317,1.6837862,0.0,0.0,1.6837862
10534,PDE9A,-113.463394,-1.6832044,0.0,0.0,1.6832044
3694,MTUS2,105.49952,1.6828427,0.0,0.0,1.6828427
11217,MZT2A,-119.45034,-1.682327,0.0,0.0,1.682327
8671,C2CD4B,-66.77171,-1.6821188,0.0,0.0,1.6821188
12909,SCAF1,-122.32277,-1.6820759,0.0,0.0,1.6820759
12135,ELK1,-121.86276,-1.6820487,0.0,0.0,1.6820487
4778,COL4A2-AS2,83.60837,1.6813122,0.0,0.0,1.6813122
9192,CX3CL1,-85.37731,-1.6808007,0.0,0.0,1.6808007
11376,TMEM185A,-120.09292,-1.6803896,0.0,0.0,1.6803896
8987,ADH1A,-78.24406,-1.6801018,0.0,0.0,1.6801018
11269,TOPBP1,-119.66977,-1.6797832,0.0,0.0,1.6797832
11187,MAPK7,-119.32024,-1.6792238,0.0,0.0,1.6792238
770,PHYKPL,122.817406,1.6790992,0.0,0.0,1.6790992
10264,DLK2,-109.90647,-1.6788245,0.0,0.0,1.6788245
1690,NR2C2,122.07627,1.6788244,0.0,0.0,1.6788244
2341,SMG1,119.63672,1.6785425,0.0,0.0,1.6785425
9855,LRRC73,-102.56113,-1.6777871,0.0,0.0,1.6777871
3905,LCAT,101.39146,1.6771448,0.0,0.0,1.6771448
11439,ZNF628,-120.31752,-1.6765338,0.0,0.0,1.6765338
4635,CLEC18A,87.00259,1.6763288,0.0,0.0,1.6763288
2629,C2CD3,117.86102,1.6754366,0.0,0.0,1.6754366
1665,ATP11B,122.12075,1.6746594,0.0,0.0,1.6746594
2163,NBPF9,120.487885,1.6744069,0.0,0.0,1.6744069
11548,PPP6R1,-120.70679,-1.6742975,0.0,0.0,1.6742975
6718,MIR302CHG,15.267211,-1.6736243,1.2646707267478297e-52,1.324412621691644e-52,1.6736243
10946,PDCD11,-117.73535,-1.6735444,0.0,0.0,1.6735444
2490,LRRC28,118.84268,1.6725407,0.0,0.0,1.6725407
1826,GCFC2,121.78304,1.6725209,0.0,0.0,1.6725209
4286,ANKRD16,94.71358,1.6723601,0.0,0.0,1.6723601
12808,NCBP3,-122.28777,-1.6719705,0.0,0.0,1.6719705
1876,PIGU,121.6172,1.6710277,0.0,0.0,1.6710277
3955,GAS7,100.490906,1.6710019,0.0,0.0,1.6710019
14697,AIFM1,-122.87618,-1.6702846,0.0,0.0,1.6702846
4048,CCL28,98.91128,1.6697098,0.0,0.0,1.6697098
4312,AURKC,94.13043,1.6695018,0.0,0.0,1.6695018
1633,MKNK1,122.16565,1.6693952,0.0,0.0,1.6693952
2644,TTBK2,117.750404,1.6693897,0.0,0.0,1.6693897
10955,SLC35B2,-117.85986,-1.6691792,0.0,0.0,1.6691792
14178,BECN1,-122.62844,-1.669137,0.0,0.0,1.669137
6560,FAM72B,22.265076,-1.669002,8.058659415144879e-110,8.645687050492889e-110,1.669002
4231,PRKG2,95.79603,1.6683406,0.0,0.0,1.6683406
10178,GPR63,-108.639305,-1.6680391,0.0,0.0,1.6680391
9516,PKIB,-94.38257,-1.667969,0.0,0.0,1.667969
11890,SMAP2,-121.530525,-1.6677455,0.0,0.0,1.6677455
298,RASA1,123.02666,1.6673695,0.0,0.0,1.6673695
11862,BRF2,-121.47575,-1.6673269,0.0,0.0,1.6673269
3391,LRRIQ1,110.05997,1.6672741,0.0,0.0,1.6672741
7869,LNX1,-36.624767,-1.667273,1.1542375974797285e-293,1.3030751167101966e-293,1.667273
11632,TMEM237,-120.97636,-1.6672481,0.0,0.0,1.6672481
14287,PPP1R2,-122.66452,-1.6671184,0.0,0.0,1.6671184
3750,NOS1AP,104.589134,1.6670613,0.0,0.0,1.6670613
9430,NUP62CL,-91.85108,-1.6667591,0.0,0.0,1.6667591
3630,CTCFL,106.64149,1.6658881,0.0,0.0,1.6658881
11183,CIC,-119.31624,-1.665736,0.0,0.0,1.665736
4201,MATN4,96.433754,1.6655366,0.0,0.0,1.6655366
3842,FRRS1,102.72826,1.6653696,0.0,0.0,1.6653696
8530,TMEM176A,-61.919205,-1.6651199,0.0,0.0,1.6651199
3281,ATP7B,111.55438,1.6643286,0.0,0.0,1.6643286
2278,RMC1,119.96674,1.6642667,0.0,0.0,1.6642667
9095,TMEM121B,-82.10391,-1.6642196,0.0,0.0,1.6642196
8092,CHST15,-44.72439,-1.663813,0.0,0.0,1.663813
3681,AP1S3,105.686485,1.6636953,0.0,0.0,1.6636953
9647,GUCY1B1,-98.19296,-1.6636342,0.0,0.0,1.6636342
8771,CRMP1,-70.98182,-1.662937,0.0,0.0,1.662937
2322,TMEM184B,119.73129,1.6626151,0.0,0.0,1.6626151
5319,COX6A2,68.710304,1.6623157,0.0,0.0,1.6623157
2921,RAB40C,115.41746,1.6612936,0.0,0.0,1.6612936
3226,TTLL5,112.16457,1.6606903,0.0,0.0,1.6606903
3193,SUN2,112.53417,1.6602044,0.0,0.0,1.6602044
1817,SNX1,121.804276,1.6601915,0.0,0.0,1.6601915
3232,STXBP4,112.11334,1.6600077,0.0,0.0,1.6600077
4136,EDRF1-AS1,97.473206,1.6597159,0.0,0.0,1.6597159
9534,VSIG10L2,-94.88955,-1.6597124,0.0,0.0,1.6597124
2776,SPART-AS1,116.747826,1.6594939,0.0,0.0,1.6594939
3654,TNFRSF10A,106.24442,1.6594199,0.0,0.0,1.6594199
1981,MED27,121.351074,1.6588857,0.0,0.0,1.6588857
3888,OPRK1,101.73268,1.6587869,0.0,0.0,1.6587869
6333,SKA3,31.157408,-1.6584612,4.025769569584316e-213,4.456683472904754e-213,1.6584612
4042,CNGA1,99.01491,1.6584548,0.0,0.0,1.6584548
3425,FLVCR2,109.62434,1.6584396,0.0,0.0,1.6584396
2723,TEX2,117.11492,1.6583676,0.0,0.0,1.6583676
10734,PREX1,-115.699326,-1.6582639,0.0,0.0,1.6582639
10642,OCEL1,-114.733734,-1.6582166,0.0,0.0,1.6582166
9972,CYP27B1,-104.73826,-1.6579075,0.0,0.0,1.6579075
2396,NPC1,119.37537,1.6574432,0.0,0.0,1.6574432
11818,NUDT22,-121.392265,-1.6572851,0.0,0.0,1.6572851
9936,B3GNT2,-103.96678,-1.6569129,0.0,0.0,1.6569129
2734,PPP2R5C,117.06927,1.6562127,0.0,0.0,1.6562127
8464,SEMA3F,-59.380245,-1.6562027,0.0,0.0,1.6562027
9595,FES,-96.66484,-1.655729,0.0,0.0,1.655729
941,GSK3B,122.7363,1.6553456,0.0,0.0,1.6553456
3706,IL33,105.33811,1.655181,0.0,0.0,1.655181
3469,LMTK3,109.089226,1.6551691,0.0,0.0,1.6551691
12947,SUCO,-122.33184,-1.6551186,0.0,0.0,1.6551186
2860,CALCOCO2,115.93651,1.6547961,0.0,0.0,1.6547961
8053,SEPTIN8,-43.754677,-1.6547244,0.0,0.0,1.6547244
2273,RREB1,119.990845,1.6546632,0.0,0.0,1.6546632
1070,SLC30A6,122.66759,1.6542261,0.0,0.0,1.6542261
3811,CCDC134,103.3438,1.6539756,0.0,0.0,1.6539756
1575,ZNF654,122.25096,1.6533884,0.0,0.0,1.6533884
3343,C1orf116,110.593994,1.6532396,0.0,0.0,1.6532396
1464,PPM1D,122.39625,1.6527665,0.0,0.0,1.6527665
2683,PCNX1,117.456085,1.6523516,0.0,0.0,1.6523516
10719,GLRX2,-115.56374,-1.6517845,0.0,0.0,1.6517845
9058,COL17A1,-80.56153,-1.6513829,0.0,0.0,1.6513829
12768,SF3A3,-122.276474,-1.6512816,0.0,0.0,1.6512816
4146,POT1-AS1,97.25775,1.6507082,0.0,0.0,1.6507082
4367,CX3CR1,92.83754,1.65038,0.0,0.0,1.65038
2651,ABCA3,117.712585,1.6501253,0.0,0.0,1.6501253
3790,KCNN3,103.80149,1.6500288,0.0,0.0,1.6500288
4446,KCNK7,91.13275,1.6498985,0.0,0.0,1.6498985
3512,RILPL1,108.44057,1.6498171,0.0,0.0,1.6498171
3235,BCL11A,112.07002,1.6496686,0.0,0.0,1.6496686
11809,CNBP,-121.37207,-1.6494198,0.0,0.0,1.6494198
11311,PPT1,-119.84136,-1.6493515,0.0,0.0,1.6493515
1893,TAF3,121.57673,1.6491362,0.0,0.0,1.6491362
3395,KHDRBS3,110.0245,1.6489408,0.0,0.0,1.6489408
9708,ZNF813,-99.40528,-1.6487101,0.0,0.0,1.6487101
11166,JMJD4,-119.22865,-1.648537,0.0,0.0,1.648537
11419,MAT2B,-120.26287,-1.6480612,0.0,0.0,1.6480612
8467,SLC43A3,-59.652554,-1.6473931,0.0,0.0,1.6473931
12026,DDX3X,-121.73011,-1.6472623,0.0,0.0,1.6472623
8037,CIAO2B,-43.0857,-1.6472449,0.0,0.0,1.6472449
8938,TSPAN15,-76.77481,-1.6467334,0.0,0.0,1.6467334
12151,DDOST,-121.882675,-1.6465769,0.0,0.0,1.6465769
12056,NTMT1,-121.775024,-1.646137,0.0,0.0,1.646137
8741,TMEM59L,-70.09727,-1.6460754,0.0,0.0,1.6460754
9505,LINC00092,-94.206314,-1.6460419,0.0,0.0,1.6460419
9510,LINC00235,-94.289894,-1.6455653,0.0,0.0,1.6455653
8329,PFKFB4,-54.340137,-1.6451255,0.0,0.0,1.6451255
4051,FAM81A,98.81251,1.6450937,0.0,0.0,1.6450937
13233,ZFYVE21,-122.40392,-1.6450784,0.0,0.0,1.6450784
4467,QRFPR,90.69128,1.6447604,0.0,0.0,1.6447604
9826,LRRC4B,-101.989655,-1.6432832,0.0,0.0,1.6432832
1569,NDUFAF6,122.25516,1.6430817,0.0,0.0,1.6430817
6659,LINC02649,17.792719,-1.6430395,8.047730348124532e-71,8.502948549763835e-71,1.6430395
3784,SLC7A2,103.97549,1.6428292,0.0,0.0,1.6428292
2361,RPS6KA3,119.531425,1.6428252,0.0,0.0,1.6428252
2491,LINC00910,118.832664,1.6421862,0.0,0.0,1.6421862
3447,PCTP,109.32954,1.6417888,0.0,0.0,1.6417888
8897,GLI2,-75.172585,-1.641786,0.0,0.0,1.641786
10482,TDRKH,-112.99825,-1.6417094,0.0,0.0,1.6417094
10183,FSCN2,-108.68774,-1.6415992,0.0,0.0,1.6415992
4990,CACNA1I,78.06448,1.6413218,0.0,0.0,1.6413218
11903,PSMB7,-121.54441,-1.6410327,0.0,0.0,1.6410327
10833,TTLL4,-116.745865,-1.6401538,0.0,0.0,1.6401538
4451,KLRG1,91.02494,1.6398796,0.0,0.0,1.6398796
11307,GOLGA3,-119.833275,-1.6396625,0.0,0.0,1.6396625
11045,ITPA,-118.48541,-1.639657,0.0,0.0,1.639657
11468,MED12,-120.444176,-1.6396288,0.0,0.0,1.6396288
4843,A2M,82.17413,1.6396217,0.0,0.0,1.6396217
4477,THBS4,90.45462,1.6394966,0.0,0.0,1.6394966
2868,PDP1,115.88434,1.6393074,0.0,0.0,1.6393074
4744,RTN1,84.17112,1.6388669,0.0,0.0,1.6388669
11107,SRRT,-118.91046,-1.638743,0.0,0.0,1.638743
10341,RPA3,-111.349335,-1.6387373,0.0,0.0,1.6387373
3741,SPTBN5,104.69296,1.6379719,0.0,0.0,1.6379719
8731,UQCRHL,-69.557205,-1.6378449,0.0,0.0,1.6378449
11807,RBCK1,-121.36865,-1.6370895,0.0,0.0,1.6370895
9764,ATP6V1F,-100.62137,-1.6367141,0.0,0.0,1.6367141
10518,PARS2,-113.30961,-1.6366706,0.0,0.0,1.6366706
3113,RAI1,113.51897,1.636487,0.0,0.0,1.636487
7776,CXCL6,-31.727695,-1.6364784,6.44947325288861e-221,7.151561705689044e-221,1.6364784
2216,MARK1,120.26884,1.6363342,0.0,0.0,1.6363342
13691,USP14,-122.496765,-1.635944,0.0,0.0,1.635944
9706,PODXL2,-99.40258,-1.6353704,0.0,0.0,1.6353704
9601,TMEM243,-96.8516,-1.6349239,0.0,0.0,1.6349239
9384,ACVR2B-AS1,-90.80218,-1.6347376,0.0,0.0,1.6347376
11544,ZBTB10,-120.69925,-1.6340721,0.0,0.0,1.6340721
9268,PRPS2,-87.5541,-1.6339887,0.0,0.0,1.6339887
2570,PKP4,118.22791,1.6335634,0.0,0.0,1.6335634
12495,MRPS35,-122.16704,-1.6332134,0.0,0.0,1.6332134
12113,VPS16,-121.84326,-1.6331007,0.0,0.0,1.6331007
2908,STK38,115.5319,1.6329495,0.0,0.0,1.6329495
3922,S100A14,101.10756,1.6323649,0.0,0.0,1.6323649
7875,KRT7,-36.897243,-1.632236,5.1163462706942255e-298,5.781814350858431e-298,1.632236
3196,IFNGR1,112.50983,1.6321133,0.0,0.0,1.6321133
11745,ESYT1,-121.24016,-1.6316662,0.0,0.0,1.6316662
3952,ZMYND12,100.50328,1.6315709,0.0,0.0,1.6315709
11444,FYTTD1,-120.32918,-1.6309841,0.0,0.0,1.6309841
12073,GTF2A1,-121.79999,-1.6309117,0.0,0.0,1.6309117
10144,DNAJB1,-108.084145,-1.6302831,0.0,0.0,1.6302831
12873,OTUB1,-122.30878,-1.6299778,0.0,0.0,1.6299778
2780,FAM193A,116.70462,1.6297585,0.0,0.0,1.6297585
4131,PAN2,97.566345,1.6297255,0.0,0.0,1.6297255
7873,SERPINA5,-36.751114,-1.6295656,1.1159593900298434e-295,1.260724688721253e-295,1.6295656
3303,FOXP1,111.21784,1.6294954,0.0,0.0,1.6294954
7679,C21orf58,-26.917753,-1.6291487,1.36117383123153e-159,1.4853630410562004e-159,1.6291487
3788,GRIN2D,103.87371,1.6291015,0.0,0.0,1.6291015
6912,TRIM38,6.5105257,1.6290581,7.488819907340636e-11,7.644482624115147e-11,1.6290581
12529,NRBP1,-122.18852,-1.6289952,0.0,0.0,1.6289952
7799,CHAF1B,-32.74495,-1.6286837,3.5830096424788155e-235,3.986766899812687e-235,1.6286837
9569,CD68,-96.0383,-1.6282063,0.0,0.0,1.6282063
11292,BCAS2,-119.7638,-1.627963,0.0,0.0,1.627963
6572,LINC00458,21.685595,-1.6272537,2.806030413727163e-104,3.004999427105752e-104,1.6272537
4883,DCST2,81.26865,1.627079,0.0,0.0,1.627079
1865,HECTD4,121.659584,1.6270285,0.0,0.0,1.6270285
11597,NT5C,-120.862946,-1.6264875,0.0,0.0,1.6264875
3619,TAT-AS1,106.877205,1.6261952,0.0,0.0,1.6261952
10596,EMP2,-114.13489,-1.6260675,0.0,0.0,1.6260675
8583,TUBA1C,-63.579132,-1.6259295,0.0,0.0,1.6259295
12074,SH3GLB1,-121.80003,-1.6259094,0.0,0.0,1.6259094
2937,PRKAG1,115.26265,1.6257778,0.0,0.0,1.6257778
10755,GNL3,-115.87162,-1.6257548,0.0,0.0,1.6257548
11861,TMEM263,-121.47536,-1.6256535,0.0,0.0,1.6256535
10999,ZNF267,-118.19696,-1.6254998,0.0,0.0,1.6254998
11553,MRPS21,-120.71662,-1.6253558,0.0,0.0,1.6253558
2337,NCOA6,119.65649,1.6250207,0.0,0.0,1.6250207
9796,ZSCAN16-AS1,-101.28515,-1.6246227,0.0,0.0,1.6246227
2704,TRIM35,117.28458,1.6244029,0.0,0.0,1.6244029
9800,FARP1,-101.37472,-1.6241732,0.0,0.0,1.6241732
13260,CHAMP1,-122.408264,-1.6241341,0.0,0.0,1.6241341
3350,RPS6KA2,110.551735,1.6234802,0.0,0.0,1.6234802
4388,FMNL1,92.40005,1.6232888,0.0,0.0,1.6232888
12788,SMU1,-122.28149,-1.6231678,0.0,0.0,1.6231678
10574,CHPF,-113.85843,-1.622268,0.0,0.0,1.622268
8611,SLC4A8,-64.74466,-1.6217015,0.0,0.0,1.6217015
2468,PHF21A,118.988754,1.6216918,0.0,0.0,1.6216918
3123,KATNAL2,113.365654,1.6215732,0.0,0.0,1.6215732
3690,AIG1,105.5381,1.621431,0.0,0.0,1.621431
1417,CCZ1B,122.434616,1.6213484,0.0,0.0,1.6213484
9849,ENDOD1,-102.47813,-1.6211615,0.0,0.0,1.6211615
12311,THAP12,-122.04563,-1.6211127,0.0,0.0,1.6211127
4077,PRR22,98.422844,1.6201084,0.0,0.0,1.6201084
10744,RFX5,-115.78085,-1.6199378,0.0,0.0,1.6199378
3603,RNF216,107.1246,1.6191752,0.0,0.0,1.6191752
12373,FAM199X,-122.09671,-1.6191067,0.0,0.0,1.6191067
2976,LRRC37B,114.94277,1.6185423,0.0,0.0,1.6185423
3284,RAB11FIP4,111.49674,1.6184003,0.0,0.0,1.6184003
11834,MSL1,-121.40831,-1.6183827,0.0,0.0,1.6183827
11570,WDCP,-120.783165,-1.6181864,0.0,0.0,1.6181864
11366,SPIN2B,-120.062126,-1.617332,0.0,0.0,1.617332
8373,HGF,-55.937515,-1.617181,0.0,0.0,1.617181
11636,ALG2,-120.989044,-1.6169424,0.0,0.0,1.6169424
3165,CTPS2,112.84433,1.616464,0.0,0.0,1.616464
9503,SGSM3,-94.09843,-1.616461,0.0,0.0,1.616461
4492,LINC02517,90.14554,1.6164373,0.0,0.0,1.6164373
3362,TMEM175,110.414566,1.6159106,0.0,0.0,1.6159106
11501,NDUFB6,-120.5696,-1.6148633,0.0,0.0,1.6148633
11304,PPP4C,-119.8122,-1.6146853,0.0,0.0,1.6146853
4534,SAMHD1,89.04273,1.613627,0.0,0.0,1.613627
13833,MRPS16,-122.532715,-1.6135397,0.0,0.0,1.6135397
10769,EIF1B,-115.97864,-1.6134716,0.0,0.0,1.6134716
3432,ZNF786,109.55566,1.6132145,0.0,0.0,1.6132145
13556,SCAMP1,-122.465416,-1.6131772,0.0,0.0,1.6131772
11188,INTS1,-119.3212,-1.6130247,0.0,0.0,1.6130247
4321,RFC3,93.926544,1.6112796,0.0,0.0,1.6112796
11783,ATP6V0E1,-121.31712,-1.6107236,0.0,0.0,1.6107236
4132,PIK3C2B,97.55661,1.6104674,0.0,0.0,1.6104674
9090,GAL3ST4,-81.74146,-1.6092466,0.0,0.0,1.6092466
12067,RPF1,-121.792885,-1.6084104,0.0,0.0,1.6084104
11698,CCDC59,-121.10604,-1.6083322,0.0,0.0,1.6083322
11335,TRIM8,-119.91695,-1.6082087,0.0,0.0,1.6082087
4516,HSD11B2,89.53287,1.6079654,0.0,0.0,1.6079654
11241,ENKD1,-119.55308,-1.6077461,0.0,0.0,1.6077461
2771,LATS2,116.78339,1.6074789,0.0,0.0,1.6074789
2022,SPPL2A,121.20579,1.6068679,0.0,0.0,1.6068679
3760,ZNF790-AS1,104.361336,1.6067532,0.0,0.0,1.6067532
12158,PEF1,-121.88766,-1.6066738,0.0,0.0,1.6066738
8828,TRIM9,-73.12412,-1.6064763,0.0,0.0,1.6064763
11677,GLUD1,-121.071915,-1.6059809,0.0,0.0,1.6059809
10039,LINC01980,-106.150536,-1.605813,0.0,0.0,1.605813
11272,WASF3,-119.67801,-1.605534,0.0,0.0,1.605534
3632,PLXNB1,106.634155,1.6050073,0.0,0.0,1.6050073
9056,KLC3,-80.54047,-1.6049789,0.0,0.0,1.6049789
11926,DCTD,-121.58393,-1.604923,0.0,0.0,1.604923
8014,CD7,-42.30482,-1.6047221,0.0,0.0,1.6047221
11461,PHF5A,-120.396225,-1.6040622,0.0,0.0,1.6040622
11405,LRPPRC,-120.220634,-1.6040174,0.0,0.0,1.6040174
10048,SPACA9,-106.36292,-1.6037785,0.0,0.0,1.6037785
4432,CPS1,91.43237,1.6030256,0.0,0.0,1.6030256
4288,FUT2,94.65158,1.6029502,0.0,0.0,1.6029502
10715,C1orf74,-115.52625,-1.6029383,0.0,0.0,1.6029383
14361,METTL2A,-122.6959,-1.6027609,0.0,0.0,1.6027609
3948,SLIT1,100.53879,1.6027449,0.0,0.0,1.6027449
10527,CCP110,-113.391266,-1.6026962,0.0,0.0,1.6026962
2269,KIAA0319L,120.020134,1.602579,0.0,0.0,1.602579
11275,ACTR3,-119.68301,-1.6021963,0.0,0.0,1.6021963
11016,NIPSNAP3A,-118.322136,-1.602159,0.0,0.0,1.602159
7872,SBNO1-AS1,-36.6738,-1.6021525,1.9109469839057985e-294,2.1581826620702784e-294,1.6021525
8920,MYOZ1,-76.13044,-1.6008196,0.0,0.0,1.6008196
11364,CPNE1,-120.05608,-1.6005324,0.0,0.0,1.6005324
13538,CLTC,-122.461006,-1.6004053,0.0,0.0,1.6004053
3006,JARID2,114.65034,1.5997087,0.0,0.0,1.5997087
11258,PLD3,-119.60976,-1.5994704,0.0,0.0,1.5994704
9220,TLR4,-85.93786,-1.5993983,0.0,0.0,1.5993983
3939,LINC01993,100.7664,1.598917,0.0,0.0,1.598917
12172,UBE2I,-121.91355,-1.5985894,0.0,0.0,1.5985894
9492,SLIT3,-93.807365,-1.5985856,0.0,0.0,1.5985856
11345,TSPAN31,-119.984184,-1.5981885,0.0,0.0,1.5981885
2023,RNF149,121.205505,1.5981637,0.0,0.0,1.5981637
9413,IER2,-91.47745,-1.5980082,0.0,0.0,1.5980082
11242,RPGRIP1L,-119.55628,-1.5972201,0.0,0.0,1.5972201
3937,IGFL4,100.82396,1.596779,0.0,0.0,1.596779
10962,TRIM68,-117.9136,-1.5964407,0.0,0.0,1.5964407
10843,ARMC5,-116.81191,-1.5959864,0.0,0.0,1.5959864
11653,LTA4H,-121.027374,-1.5957373,0.0,0.0,1.5957373
11168,TEX264,-119.239006,-1.5951498,0.0,0.0,1.5951498
1970,ACER3,121.375534,1.5942451,0.0,0.0,1.5942451
3783,PRC1-AS1,104.03459,1.594224,0.0,0.0,1.594224
10979,SRSF8,-118.05068,-1.5942016,0.0,0.0,1.5942016
1835,UEVLD,121.76058,1.5940909,0.0,0.0,1.5940909
2206,ZEB1,120.32834,1.5938543,0.0,0.0,1.5938543
11323,RRP1B,-119.890884,-1.5936855,0.0,0.0,1.5936855
3064,SLCO3A1,114.05655,1.5934968,0.0,0.0,1.5934968
11726,XAB2,-121.17065,-1.5934919,0.0,0.0,1.5934919
12348,USP38,-122.07619,-1.5933181,0.0,0.0,1.5933181
3268,TBC1D31,111.6608,1.5929816,0.0,0.0,1.5929816
3834,PMFBP1,102.90276,1.5929013,0.0,0.0,1.5929013
10937,RABL6,-117.64146,-1.5924859,0.0,0.0,1.5924859
2567,ZNF549,118.251175,1.5922822,0.0,0.0,1.5922822
4171,GUCA1B,96.946846,1.592192,0.0,0.0,1.592192
3220,TESK2,112.21464,1.5919971,0.0,0.0,1.5919971
8613,CGN,-64.8319,-1.5919731,0.0,0.0,1.5919731
1891,AFTPH,121.580574,1.591881,0.0,0.0,1.591881
10721,HIC2,-115.59452,-1.5917782,0.0,0.0,1.5917782
12570,SYAP1,-122.20383,-1.591655,0.0,0.0,1.591655
12837,SRRM1,-122.29775,-1.591351,0.0,0.0,1.591351
3623,STOM,106.72198,1.5909909,0.0,0.0,1.5909909
7732,AMER3,-29.022554,-1.5907762,3.417280335348438e-185,3.758096148120472e-185,1.5907762
1934,ELF2,121.451485,1.5906798,0.0,0.0,1.5906798
8054,SEPTIN11,-43.790356,-1.5902945,0.0,0.0,1.5902945
10605,CIRBP,-114.250626,-1.5891299,0.0,0.0,1.5891299
9631,TLE3,-97.6418,-1.5887871,0.0,0.0,1.5887871
11387,ZNF672,-120.12541,-1.5887718,0.0,0.0,1.5887718
5179,STARD8,72.58074,1.5883378,0.0,0.0,1.5883378
4081,SLC12A8,98.36283,1.5880479,0.0,0.0,1.5880479
12514,CEBPZ,-122.17757,-1.5879877,0.0,0.0,1.5879877
12197,TOPORS,-121.935936,-1.5872922,0.0,0.0,1.5872922
3353,KIF21A,110.50921,1.5866519,0.0,0.0,1.5866519
1494,WDR59,122.35859,1.5866444,0.0,0.0,1.5866444
10915,ZNF12,-117.46276,-1.5864168,0.0,0.0,1.5864168
9751,ZNF530,-100.36044,-1.5860593,0.0,0.0,1.5860593
2815,RBPMS-AS1,116.415924,1.5857184,0.0,0.0,1.5857184
3216,ANKRD6,112.26743,1.5856254,0.0,0.0,1.5856254
12160,NOSIP,-121.8907,-1.5855204,0.0,0.0,1.5855204
11027,N4BP2,-118.37191,-1.5849794,0.0,0.0,1.5849794
11377,UAP1,-120.097176,-1.5844566,0.0,0.0,1.5844566
8598,MYC,-64.27384,1.5841745,0.0,0.0,1.5841745
2146,ATG14,120.63902,1.5839317,0.0,0.0,1.5839317
979,ELL,122.72026,1.5838189,0.0,0.0,1.5838189
9919,CEP83-DT,-103.60238,-1.5832942,0.0,0.0,1.5832942
11600,DGUOK,-120.879105,-1.583254,0.0,0.0,1.583254
3740,NXPE2,104.70902,1.5832256,0.0,0.0,1.5832256
10469,PPIL1,-112.83278,-1.5831366,0.0,0.0,1.5831366
11781,RLIM,-121.31255,-1.5829589,0.0,0.0,1.5829589
4033,NACC2,99.13815,1.5829196,0.0,0.0,1.5829196
2364,UBXN8,119.509125,1.58285,0.0,0.0,1.58285
2966,LTO1,115.029884,1.5827903,0.0,0.0,1.5827903
10767,NOC3L,-115.961296,-1.5825105,0.0,0.0,1.5825105
4779,LINC02067,83.60719,1.5821433,0.0,0.0,1.5821433
11421,TIMM50,-120.26376,-1.5821427,0.0,0.0,1.5821427
2329,USP4,119.686874,1.5819722,0.0,0.0,1.5819722
11750,TMTC3,-121.255035,-1.5817964,0.0,0.0,1.5817964
3520,ANAPC2,108.3765,1.5817963,0.0,0.0,1.5817963
8338,PLP1,-54.544186,-1.5816008,0.0,0.0,1.5816008
8031,FEZF1-AS1,-42.969494,-1.5810628,0.0,0.0,1.5810628
11773,RITA1,-121.29389,-1.5810007,0.0,0.0,1.5810007
4248,LINC01515,95.41869,1.5808716,0.0,0.0,1.5808716
8051,TLE5,-43.735264,-1.58059,0.0,0.0,1.58059
9309,VAMP8,-88.8734,-1.580542,0.0,0.0,1.580542
2883,NIFK-AS1,115.75338,1.580384,0.0,0.0,1.580384
10322,HPS3,-110.86901,-1.580185,0.0,0.0,1.580185
4075,ZNF30,98.464386,1.5798757,0.0,0.0,1.5798757
4399,KIF19,92.157845,1.5798601,0.0,0.0,1.5798601
2183,TOB2,120.414536,1.5797484,0.0,0.0,1.5797484
4923,SULT1C2,80.2574,1.5793175,0.0,0.0,1.5793175
12199,MCTS1,-121.938034,-1.5790641,0.0,0.0,1.5790641
4512,THEMIS2,89.68677,1.5787839,0.0,0.0,1.5787839
4198,STK32A,96.491325,1.5784868,0.0,0.0,1.5784868
13314,SLC4A1AP,-122.41903,-1.5779988,0.0,0.0,1.5779988
1757,ZNF592,121.95199,1.5777895,0.0,0.0,1.5777895
9556,TNFSF4,-95.686874,-1.577477,0.0,0.0,1.577477
5349,CHRNA10,67.65563,1.577059,0.0,0.0,1.577059
2360,ZNF398,119.53231,1.5768491,0.0,0.0,1.5768491
10082,HAND2,-106.9205,-1.5764977,0.0,0.0,1.5764977
9355,PDLIM1,-90.05435,-1.5764177,0.0,0.0,1.5764177
5260,FGL2,70.25111,1.5755101,0.0,0.0,1.5755101
8040,MICOS13,-43.182606,-1.5754108,0.0,0.0,1.5754108
3641,PAPPA2,106.469505,1.5751173,0.0,0.0,1.5751173
11092,SEC14L1,-118.848946,-1.5749347,0.0,0.0,1.5749347
2079,VPS50,120.983025,1.5743222,0.0,0.0,1.5743222
9245,EPHX4,-86.98633,-1.574242,0.0,0.0,1.574242
2650,CTNS,117.71826,1.5742315,0.0,0.0,1.5742315
3388,ITGA3,110.08795,1.5741943,0.0,0.0,1.5741943
11003,SPATA33,-118.225876,-1.5739549,0.0,0.0,1.5739549
9607,SLC25A21-AS1,-96.97965,-1.5738068,0.0,0.0,1.5738068
9759,MCF2L-AS1,-100.536575,-1.5735645,0.0,0.0,1.5735645
4093,TPH1,98.24291,1.5728258,0.0,0.0,1.5728258
3934,DOK6,100.900826,1.5725124,0.0,0.0,1.5725124
11542,TMEM106B,-120.696594,-1.5724881,0.0,0.0,1.5724881
4119,DDX59-AS1,97.74417,1.5723215,0.0,0.0,1.5723215
10850,BARD1,-116.89837,-1.5722778,0.0,0.0,1.5722778
3813,CATSPER4,103.33793,1.5720595,0.0,0.0,1.5720595
10758,NAGK,-115.89997,-1.5717024,0.0,0.0,1.5717024
7736,FKBP2,-29.449413,-1.5712157,1.2809584054215427e-190,1.4099669074370566e-190,1.5712157
10639,IL13RA1,-114.70674,-1.5705765,0.0,0.0,1.5705765
10242,ATP6V0E2,-109.70518,-1.569745,0.0,0.0,1.569745
12796,ARPP19,-122.284164,-1.5696157,0.0,0.0,1.5696157
3418,VIPR1,109.7538,1.569041,0.0,0.0,1.569041
12059,CMTM6,-121.77902,-1.5690087,0.0,0.0,1.5690087
2768,PARVA,116.82321,1.568665,0.0,0.0,1.568665
3088,GRB10,113.7889,1.5678241,0.0,0.0,1.5678241
1978,ASH1L,121.360275,1.5677776,0.0,0.0,1.5677776
10532,DALRD3,-113.43922,-1.5672264,0.0,0.0,1.5672264
9332,RBM4,-89.50011,-1.5668023,0.0,0.0,1.5668023
3036,DAPK3,114.36436,1.5667846,0.0,0.0,1.5667846
12767,UBE2Z,-122.27639,-1.5665879,0.0,0.0,1.5665879
3661,CADPS,106.06615,1.5658966,0.0,0.0,1.5658966
2791,C9orf72,116.63429,1.5657401,0.0,0.0,1.5657401
9517,GSEC,-94.394714,-1.5656695,0.0,0.0,1.5656695
12345,ARL14EP,-122.07468,-1.5653856,0.0,0.0,1.5653856
3929,LINC02541,100.93656,1.565253,0.0,0.0,1.565253
4497,IKZF1,89.966354,1.5652468,0.0,0.0,1.5652468
10169,NPAS1,-108.487114,-1.5649884,0.0,0.0,1.5649884
13639,CCDC112,-122.48531,-1.5649028,0.0,0.0,1.5649028
3718,PDE6A,105.22637,1.56485,0.0,0.0,1.56485
12016,MIA3,-121.712425,-1.564749,0.0,0.0,1.564749
12367,PPIL4,-122.09258,-1.5645043,0.0,0.0,1.5645043
10682,C1orf198,-115.1166,-1.5641088,0.0,0.0,1.5641088
4274,CABCOCO1,94.92523,1.5638574,0.0,0.0,1.5638574
8143,FABP2,-46.452484,-1.5637573,0.0,0.0,1.5637573
12425,G3BP1,-122.12965,-1.5635593,0.0,0.0,1.5635593
3926,SMIM8,101.01943,1.5633961,0.0,0.0,1.5633961
10963,HSDL1,-117.9194,-1.5631887,0.0,0.0,1.5631887
12177,GCC2,-121.91838,-1.5629658,0.0,0.0,1.5629658
10077,ZNF396,-106.82883,-1.562671,0.0,0.0,1.562671
4643,GSN-AS1,86.85723,1.5622921,0.0,0.0,1.5622921
14358,GINM1,-122.69474,-1.5622462,0.0,0.0,1.5622462
9723,LYAR,-99.78192,-1.5622319,0.0,0.0,1.5622319
10248,TBC1D10A,-109.74034,-1.5621085,0.0,0.0,1.5621085
10214,RBM3,-109.15312,-1.5619637,0.0,0.0,1.5619637
9956,FCHSD1,-104.426865,-1.5618474,0.0,0.0,1.5618474
12556,DVL3,-122.199875,-1.5617615,0.0,0.0,1.5617615
4266,CYP2U1,95.031654,1.5616411,0.0,0.0,1.5616411
7298,FGF17,-10.577608,-1.5615664,3.7849608323166665e-26,3.909377679788877e-26,1.5615664
11559,MLLT1,-120.73934,-1.5615532,0.0,0.0,1.5615532
11596,SCAMP4,-120.860016,-1.5613023,0.0,0.0,1.5613023
4621,SLC16A14,87.38503,1.5611223,0.0,0.0,1.5611223
7923,SEPTIN1,-38.888298,-1.5606853,0.0,0.0,1.5606853
2305,PICALM,119.82662,1.5603315,0.0,0.0,1.5603315
1021,UIMC1,122.69789,1.5602922,0.0,0.0,1.5602922
2685,STK35,117.43797,1.5602332,0.0,0.0,1.5602332
3824,UCN,103.12355,1.5601628,0.0,0.0,1.5601628
3480,DSE,108.91535,1.5594257,0.0,0.0,1.5594257
4147,PWRN4,97.24153,1.5591458,0.0,0.0,1.5591458
10436,PLXNA3,-112.47399,-1.559127,0.0,0.0,1.559127
4456,RASAL1,90.923195,1.5589443,0.0,0.0,1.5589443
12231,UBE2L3,-121.96925,-1.5584437,0.0,0.0,1.5584437
8163,CCNF,-47.355843,-1.5584137,0.0,0.0,1.5584137
1977,UVRAG,121.36397,1.5580817,0.0,0.0,1.5580817
2407,IPO11,119.32494,1.5580751,0.0,0.0,1.5580751
3571,UCKL1-AS1,107.62956,1.5580518,0.0,0.0,1.5580518
7726,PSKH2,-28.973137,-1.5578207,1.4347325708076626e-184,1.5770042805638808e-184,1.5578207
11846,VPS72,-121.43832,-1.5573059,0.0,0.0,1.5573059
12037,RRP15,-121.74788,-1.5572788,0.0,0.0,1.5572788
2684,CDA,117.444084,1.5569398,0.0,0.0,1.5569398
4343,LINC02192,93.36959,1.5565057,0.0,0.0,1.5565057
2958,FHAD1,115.080444,1.5562685,0.0,0.0,1.5562685
8401,CELF2-AS1,-56.845745,-1.5562421,0.0,0.0,1.5562421
12091,GOT2,-121.82214,-1.5560324,0.0,0.0,1.5560324
9920,LINC00621,-103.60873,-1.555553,0.0,0.0,1.555553
11584,XXYLT1,-120.82723,-1.5554664,0.0,0.0,1.5554664
11504,SMARCD3,-120.58679,-1.5551922,0.0,0.0,1.5551922
4375,LRRC20,92.60819,1.554885,0.0,0.0,1.554885
9498,PRNP,-93.9812,-1.5548325,0.0,0.0,1.5548325
11234,GNB5,-119.53118,-1.5547727,0.0,0.0,1.5547727
10455,MBLAC1,-112.674706,-1.5544059,0.0,0.0,1.5544059
11799,CNOT6,-121.35474,-1.5540686,0.0,0.0,1.5540686
3746,STAT3,104.63109,1.5540432,0.0,0.0,1.5540432
3657,LINC02035,106.221725,1.5536249,0.0,0.0,1.5536249
9986,G6PD,-104.968704,-1.5535281,0.0,0.0,1.5535281
5712,GOLGA7B,54.17911,1.5532371,0.0,0.0,1.5532371
4369,ZNF483,92.77749,1.5530413,0.0,0.0,1.5530413
10720,PSMG4,-115.57075,-1.5527928,0.0,0.0,1.5527928
10468,SNIP1,-112.81815,-1.5524219,0.0,0.0,1.5524219
12452,DDB1,-122.14112,-1.55194,0.0,0.0,1.55194
3161,STAU2,112.89938,1.551292,0.0,0.0,1.551292
4031,PAX3,99.170334,1.5512269,0.0,0.0,1.5512269
1886,ZNF75A,121.59327,1.551184,0.0,0.0,1.551184
10120,YBX3,-107.70241,-1.5511246,0.0,0.0,1.5511246
2196,COPG2,120.37129,1.5506513,0.0,0.0,1.5506513
12647,ACTR1A,-122.233444,-1.549828,0.0,0.0,1.549828
4241,ADPGK-AS1,95.59295,1.549808,0.0,0.0,1.549808
9779,CLCNKA,-100.91653,-1.5495884,0.0,0.0,1.5495884
2941,WDTC1,115.20907,1.5488969,0.0,0.0,1.5488969
11404,TMEM126B,-120.21536,-1.548566,0.0,0.0,1.548566
8661,RNF175,-66.49204,-1.5483449,0.0,0.0,1.5483449
2130,UBE3C,120.70911,1.5478446,0.0,0.0,1.5478446
11036,MYEF2,-118.43587,-1.5477492,0.0,0.0,1.5477492
6490,RGS13,25.092056,-1.5473192,6.072506855470446e-139,6.5776620781100044e-139,1.5473192
7433,ADIRF,-16.819548,-1.5466442,1.754913954722034e-63,1.8490429711908557e-63,1.5466442
2335,SOS1,119.657646,1.5458441,0.0,0.0,1.5458441
10302,ITGAE,-110.54446,-1.5456681,0.0,0.0,1.5456681
11665,NOL11,-121.05903,-1.5448449,0.0,0.0,1.5448449
10577,TCAF1,-113.886795,-1.5446537,0.0,0.0,1.5446537
9620,PDGFA,-97.355675,-1.5446142,0.0,0.0,1.5446142
4371,ZMAT1,92.73311,1.544594,0.0,0.0,1.544594
11845,STX4,-121.43372,-1.544411,0.0,0.0,1.544411
3499,SETD6,108.69007,1.5443501,0.0,0.0,1.5443501
949,USP15,122.73296,1.5442331,0.0,0.0,1.5442331
2095,CCNY,120.88005,1.5439703,0.0,0.0,1.5439703
4398,KLK10,92.20091,1.5437375,0.0,0.0,1.5437375
2746,SZT2,116.97691,1.5432413,0.0,0.0,1.5432413
11511,PATZ1,-120.614655,-1.5432141,0.0,0.0,1.5432141
11547,BCLAF1,-120.702805,-1.542434,0.0,0.0,1.542434
10891,FBXO9,-117.2595,-1.5421453,0.0,0.0,1.5421453
2115,ZBTB43,120.79814,1.541983,0.0,0.0,1.541983
9132,IL23A,-83.40293,-1.5417931,0.0,0.0,1.5417931
2187,NEXN,120.40779,1.5417595,0.0,0.0,1.5417595
2807,SLC44A1,116.48722,1.5405072,0.0,0.0,1.5405072
10456,ZKSCAN3,-112.68356,-1.5402225,0.0,0.0,1.5402225
3797,KLF6,103.72959,1.540143,0.0,0.0,1.540143
10223,WNK3,-109.3256,-1.5397439,0.0,0.0,1.5397439
11495,NSMCE4A,-120.55364,-1.5397297,0.0,0.0,1.5397297
4910,SULT1A3,80.54976,1.5397054,0.0,0.0,1.5397054
10901,RDH14,-117.35483,-1.5395199,0.0,0.0,1.5395199
8976,CXCL3,-78.06631,-1.5393662,0.0,0.0,1.5393662
10470,FAH,-112.85253,-1.5391378,0.0,0.0,1.5391378
11264,SLC27A5,-119.638336,-1.5391262,0.0,0.0,1.5391262
10336,SLC25A29,-111.19454,-1.53907,0.0,0.0,1.53907
5958,GRM2,44.618004,1.5376867,0.0,0.0,1.5376867
9871,GNPNAT1,-102.7766,-1.5373341,0.0,0.0,1.5373341
10092,EDNRA,-107.157616,-1.5362144,0.0,0.0,1.5362144
10912,ABHD4,-117.406166,-1.5357593,0.0,0.0,1.5357593
10298,FAAP100,-110.42923,-1.5356908,0.0,0.0,1.5356908
2090,ARHGEF7,120.92298,1.5356,0.0,0.0,1.5356
11429,POLR2C,-120.294304,-1.5355995,0.0,0.0,1.5355995
11375,CRELD1,-120.0923,-1.535532,0.0,0.0,1.535532
10714,TSPAN17,-115.52318,-1.5354089,0.0,0.0,1.5354089
4522,CYP7B1,89.37464,1.5346464,0.0,0.0,1.5346464
4270,MYO15A,95.00109,1.5345969,0.0,0.0,1.5345969
1445,CHD9,122.415764,1.5343875,0.0,0.0,1.5343875
11612,UBA1,-120.92071,-1.5342947,0.0,0.0,1.5342947
1746,PARG,121.97592,1.5342433,0.0,0.0,1.5342433
10783,CHMP6,-116.12823,-1.5341079,0.0,0.0,1.5341079
2988,NT5C2,114.8443,1.5333852,0.0,0.0,1.5333852
3435,A4GALT,109.501236,1.53312,0.0,0.0,1.53312
7768,CCDC3,-31.204422,-1.5327541,9.279879063527396e-214,1.0273953896026785e-213,1.5327541
11579,RAB4A,-120.81651,-1.5320255,0.0,0.0,1.5320255
10297,ZNF114,-110.423325,-1.5316217,0.0,0.0,1.5316217
11388,RNF166,-120.13153,-1.5315863,0.0,0.0,1.5315863
11571,GATC,-120.79421,-1.531495,0.0,0.0,1.531495
7281,LINC02709,-9.718472,-1.5314384,2.5152838941213463e-22,2.5914675535751085e-22,1.5314384
8308,INHBA-AS1,-53.32518,-1.5311407,0.0,0.0,1.5311407
10300,ZKSCAN8,-110.477776,-1.53108,0.0,0.0,1.53108
7423,FANCB,-16.357866,-1.5308896,3.822867380519718e-60,4.0207748472085623e-60,1.5308896
3246,CHCHD3,111.91386,1.5304024,0.0,0.0,1.5304024
2850,HS1BP3,116.05211,1.5303035,0.0,0.0,1.5303035
9543,GOLGA8R,-95.306076,-1.529809,0.0,0.0,1.529809
8619,CYP26B1,-64.94542,-1.5296522,0.0,0.0,1.5296522
11613,MRPL4,-120.92658,-1.5293958,0.0,0.0,1.5293958
3141,ZNF814,113.149734,1.5292938,0.0,0.0,1.5292938
12545,RTN3,-122.19463,-1.5289462,0.0,0.0,1.5289462
9563,PXDC1,-95.87276,-1.5288169,0.0,0.0,1.5288169
7641,BIRC7,-25.500355,-1.5287694,1.9535129163847556e-143,2.1189607301179193e-143,1.5287694
3935,FCN3,100.86531,1.5285523,0.0,0.0,1.5285523
9794,TTC32,-101.16893,-1.5281097,0.0,0.0,1.5281097
10722,AARS2,-115.59483,-1.5280662,0.0,0.0,1.5280662
4251,ERVV-2,95.36105,1.5280178,0.0,0.0,1.5280178
11942,AFDN,-121.61647,-1.5279398,0.0,0.0,1.5279398
3615,POLA1,106.924515,1.5278401,0.0,0.0,1.5278401
2821,ST3GAL6-AS1,116.36254,1.5276958,0.0,0.0,1.5276958
3982,UPK1B,99.94256,1.5271479,0.0,0.0,1.5271479
13489,YTHDF2,-122.45368,-1.5271207,0.0,0.0,1.5271207
3885,CCDC150,101.86869,1.5271089,0.0,0.0,1.5271089
3644,EPN2,106.376854,1.5270797,0.0,0.0,1.5270797
4659,PCOLCE-AS1,86.49747,1.5265288,0.0,0.0,1.5265288
2281,USP2,119.95682,1.526286,0.0,0.0,1.526286
9592,SLC25A19,-96.61616,-1.5261877,0.0,0.0,1.5261877
4938,LINC02511,79.81271,1.5258797,0.0,0.0,1.5258797
11792,DYNC1H1,-121.336205,-1.5257353,0.0,0.0,1.5257353
11227,SYNGR1,-119.499756,-1.5256042,0.0,0.0,1.5256042
3031,ANKFY1,114.43898,1.5251995,0.0,0.0,1.5251995
10911,THAP8,-117.3921,-1.5251621,0.0,0.0,1.5251621
11368,PDXK,-120.071754,-1.5249698,0.0,0.0,1.5249698
3040,WDFY3,114.32341,1.5234618,0.0,0.0,1.5234618
9947,HSPB1,-104.18511,-1.5234152,0.0,0.0,1.5234152
1699,PSEN1,122.06631,1.5231518,0.0,0.0,1.5231518
8921,TGFBI,-76.17637,-1.5230653,0.0,0.0,1.5230653
3180,CYP4F26P,112.64948,1.5230161,0.0,0.0,1.5230161
5873,WAKMAR2,47.537838,1.5229738,0.0,0.0,1.5229738
4906,PDZRN3-AS1,80.63557,1.5228001,0.0,0.0,1.5228001
3085,RTN4IP1,113.821884,1.5226917,0.0,0.0,1.5226917
12078,NEDD1,-121.80357,-1.5226778,0.0,0.0,1.5226778
8443,LINC00920,-58.368484,-1.5226587,0.0,0.0,1.5226587
10520,ZNF622,-113.324326,-1.5222068,0.0,0.0,1.5222068
8214,AICDA,-49.813004,-1.5214928,0.0,0.0,1.5214928
11512,FAM234A,-120.61549,-1.5203801,0.0,0.0,1.5203801
11141,HIKESHI,-119.119934,-1.5191448,0.0,0.0,1.5191448
2662,UBR5,117.631294,1.5189729,0.0,0.0,1.5189729
8874,ZMYND10,-74.44641,-1.5188984,0.0,0.0,1.5188984
2493,ZNRF3,118.81919,1.5188085,0.0,0.0,1.5188085
10206,HYI,-109.02704,-1.518665,0.0,0.0,1.518665
10357,COMTD1,-111.501305,-1.5185492,0.0,0.0,1.5185492
11014,HAX1,-118.30394,-1.5184623,0.0,0.0,1.5184623
8132,PODXL,-45.998413,-1.5177027,0.0,0.0,1.5177027
10435,GSTA4,-112.47038,-1.5176265,0.0,0.0,1.5176265
7798,RHEX,-32.715443,-1.517196,9.420477616435565e-235,1.048046684639981e-234,1.517196
3859,CCND3,102.47506,1.5163465,0.0,0.0,1.5163465
10651,CCDC87,-114.832344,-1.515953,0.0,0.0,1.515953
7779,MPPED2-AS1,-31.896461,-1.5156776,2.9893904559663598e-223,3.315806585329226e-223,1.5156776
2619,TRMT2B,117.91465,1.5151029,0.0,0.0,1.5151029
3593,PRDM12,107.21808,1.5150146,0.0,0.0,1.5150146
9375,AFAP1-AS1,-90.65224,-1.514779,0.0,0.0,1.514779
4349,MVB12B,93.20482,1.5147511,0.0,0.0,1.5147511
3515,ILRUN,108.4144,1.5147226,0.0,0.0,1.5147226
4564,NMNAT3,88.39735,1.5145383,0.0,0.0,1.5145383
2965,AASDH,115.03113,1.5142589,0.0,0.0,1.5142589
13582,RRP8,-122.47242,-1.5141716,0.0,0.0,1.5141716
10921,FAM217B,-117.486755,-1.5140624,0.0,0.0,1.5140624
11160,ZNF74,-119.204506,-1.5136447,0.0,0.0,1.5136447
2837,NBPF19,116.184715,1.5135473,0.0,0.0,1.5135473
10329,UACA,-111.050415,-1.5132684,0.0,0.0,1.5132684
12592,RNPS1,-122.20904,-1.5127583,0.0,0.0,1.5127583
3818,GLDC,103.22944,1.5106847,0.0,0.0,1.5106847
2445,LNX2,119.121475,1.5104139,0.0,0.0,1.5104139
10831,ZNF205,-116.68892,-1.5101411,0.0,0.0,1.5101411
4991,TTC39C,78.05035,1.5096984,0.0,0.0,1.5096984
4735,NT5E,84.2959,1.5092626,0.0,0.0,1.5092626
13200,MRPS11,-122.39862,-1.5088818,0.0,0.0,1.5088818
1645,ANKRD10,122.14687,1.5087415,0.0,0.0,1.5087415
2666,ATP2C1,117.61133,1.5086042,0.0,0.0,1.5086042
8548,PRIM1,-62.58905,-1.5085375,0.0,0.0,1.5085375
1530,GPBP1L1,122.30944,1.5083485,0.0,0.0,1.5083485
11514,SLC35B1,-120.62035,-1.508253,0.0,0.0,1.508253
4640,CADPS2,86.923325,1.507939,0.0,0.0,1.507939
3698,MAPKBP1,105.46691,1.5078437,0.0,0.0,1.5078437
3595,PRIMPOL,107.20514,1.5075514,0.0,0.0,1.5075514
4526,PAX6,89.33993,1.507446,0.0,0.0,1.507446
3906,LINC02551,101.36922,1.507235,0.0,0.0,1.507235
10003,ZFR2,-105.54099,-1.5069058,0.0,0.0,1.5069058
4665,HSPB6,86.38091,1.5067973,0.0,0.0,1.5067973
3210,SPACA6,112.33122,1.5066912,0.0,0.0,1.5066912
2702,SLC30A7,117.28709,1.5065048,0.0,0.0,1.5065048
10216,MOSPD3,-109.20417,-1.5058773,0.0,0.0,1.5058773
10317,DOLPP1,-110.77237,-1.5056019,0.0,0.0,1.5056019
10717,ARHGAP42,-115.55852,-1.504999,0.0,0.0,1.504999
11379,BRPF3,-120.10208,-1.5048509,0.0,0.0,1.5048509
3473,ARIH2,109.053055,1.5042475,0.0,0.0,1.5042475
1918,REV3L,121.506294,1.5042468,0.0,0.0,1.5042468
4317,TNFRSF25,94.0739,1.503775,0.0,0.0,1.503775
10097,ZNF232,-107.2283,-1.5035194,0.0,0.0,1.5035194
4052,PEX7,98.79215,1.5034953,0.0,0.0,1.5034953
8789,FXYD1,-71.86398,-1.5031664,0.0,0.0,1.5031664
4114,ISLR2,97.853546,1.5030946,0.0,0.0,1.5030946
4246,ZFP69,95.44903,1.5030787,0.0,0.0,1.5030787
8711,SLC24A5,-68.66361,-1.5024205,0.0,0.0,1.5024205
3367,EXT1,110.374886,1.5021187,0.0,0.0,1.5021187
10857,TPGS2,-116.9464,-1.502046,0.0,0.0,1.502046
2230,TAF1,120.209595,1.5019711,0.0,0.0,1.5019711
8541,CD48,-62.24081,-1.5018644,0.0,0.0,1.5018644
8999,MAST1,-78.691315,-1.5009539,0.0,0.0,1.5009539
4756,CCNI2,84.02928,1.5008178,0.0,0.0,1.5008178
4509,PJVK,89.761505,1.5000625,0.0,0.0,1.5000625
