,names,scores,logfoldchanges,pvals,pvals_adj,abslfc
14739,MYL2,-139.58324,-8.349191,0.0,0.0,8.349191
2287,FCN3,95.18405,8.203855,0.0,0.0,8.203855
14808,MYH7,-141.93292,-7.6939154,0.0,0.0,7.6939154
533,SAMD3,124.20208,7.1508155,0.0,0.0,7.1508155
1433,CDH5,108.186874,7.1430764,0.0,0.0,7.1430764
12453,ESM1,-73.288086,7.0381203,0.0,0.0,7.0381203
1204,TM4SF18,111.70307,6.9795017,0.0,0.0,6.9795017
649,F2RL2,121.800644,6.9426265,0.0,0.0,6.9426265
613,MYCT1,122.62639,6.914971,0.0,0.0,6.914971
1459,LUM,107.749756,6.890067,0.0,0.0,6.890067
1150,PLVAP,112.61463,6.7831335,0.0,0.0,6.7831335
14773,BANCR,-140.74742,-6.702481,0.0,0.0,6.702481
268,LINC02192,130.03465,6.674952,0.0,0.0,6.674952
5625,PECAM1,48.910374,6.6056833,0.0,0.0,6.6056833
3191,CD34,83.369255,6.5497403,0.0,0.0,6.5497403
1601,SOX18,105.492226,6.436642,0.0,0.0,6.436642
14758,PPP1R3A,-140.27092,-6.412298,0.0,0.0,6.412298
3248,GYPB,82.66639,6.3855314,0.0,0.0,6.3855314
34,ANPEP,138.62454,6.335642,0.0,0.0,6.335642
51,LGR5,137.67259,6.28606,0.0,0.0,6.28606
860,LINC00458,117.68369,6.2829947,0.0,0.0,6.2829947
2860,ESAM,87.71181,6.277295,0.0,0.0,6.277295
3755,SAMSN1,75.898605,6.2590055,0.0,0.0,6.2590055
14732,SAA2,-139.39508,-6.2445326,0.0,0.0,6.2445326
143,FENDRR,133.65099,6.2177973,0.0,0.0,6.2177973
14804,HSPB3,-141.72008,-6.217538,0.0,0.0,6.217538
14829,MYL3,-143.12192,-6.206078,0.0,0.0,6.206078
14798,FABP2,-141.55824,-6.201957,0.0,0.0,6.201957
24,PAMR1,139.12354,6.194513,0.0,0.0,6.194513
346,SOX17,128.1349,6.1922927,0.0,0.0,6.1922927
3323,ICAM2,81.776215,6.174337,0.0,0.0,6.174337
1452,GJA4,107.870056,6.1087837,0.0,0.0,6.1087837
736,NT5E,120.0038,6.0860248,0.0,0.0,6.0860248
14827,TCAP,-142.92549,-6.0717044,0.0,0.0,6.0717044
1080,LAPTM5,113.86466,6.0267525,0.0,0.0,6.0267525
3490,GIMAP8,79.56642,6.012304,0.0,0.0,6.012304
11245,CD93,-45.52359,6.0058317,0.0,0.0,6.0058317
2525,DCN,91.8649,5.9983315,0.0,0.0,5.9983315
9627,EMCN,-15.655219,5.9896007,3.0605743666629654e-55,3.4903020708941516e-55,5.9896007
14718,ACSM5,-139.00624,-5.9659348,0.0,0.0,5.9659348
14649,HHATL,-136.7055,-5.9648194,0.0,0.0,5.9648194
978,TYRP1,115.566895,5.935752,0.0,0.0,5.935752
72,BGN,136.50209,5.847869,0.0,0.0,5.847869
5102,DIPK2B,56.478706,5.844871,0.0,0.0,5.844871
906,BCL6B,116.8887,5.789908,0.0,0.0,5.789908
2275,TM4SF1,95.28006,5.7722526,0.0,0.0,5.7722526
14429,MYH4,-129.71902,-5.7674074,0.0,0.0,5.7674074
364,FLI1,127.75932,5.75779,0.0,0.0,5.75779
1022,ADGRL4,114.90206,5.7566104,0.0,0.0,5.7566104
1130,ERG,112.9431,5.756572,0.0,0.0,5.756572
152,TGFBI,133.455,5.7411103,0.0,0.0,5.7411103
2753,FGF17,88.97353,5.7383304,0.0,0.0,5.7383304
881,SLC17A8,117.45489,5.73048,0.0,0.0,5.73048
14796,CKM,-141.42223,-5.7219787,0.0,0.0,5.7219787
1479,NNMT,107.39672,5.7207074,0.0,0.0,5.7207074
14812,C1QTNF1-AS1,-142.1624,-5.715772,0.0,0.0,5.715772
893,PAX2,117.11739,5.699528,0.0,0.0,5.699528
14735,TRDN-AS1,-139.47862,-5.6597643,0.0,0.0,5.6597643
229,NTS,131.19385,5.6072645,0.0,0.0,5.6072645
14782,LRRC10,-141.08461,-5.601918,0.0,0.0,5.601918
14788,MB,-141.17403,-5.5868793,0.0,0.0,5.5868793
449,HGF,126.089424,5.579091,0.0,0.0,5.579091
14508,NPPA,-132.40576,-5.5728583,0.0,0.0,5.5728583
10967,MGP,-39.605427,5.556865,0.0,0.0,5.556865
3972,CLEC14A,72.52211,5.554215,0.0,0.0,5.554215
14814,SMCO1,-142.18367,-5.516591,0.0,0.0,5.516591
2032,HOXB-AS3,98.85886,5.476664,0.0,0.0,5.476664
14828,LSMEM2,-142.94377,-5.4679275,0.0,0.0,5.4679275
639,TEK,122.012955,5.401703,0.0,0.0,5.401703
14789,CRYAB,-141.17638,-5.3676486,0.0,0.0,5.3676486
11861,ADGRF5,-59.216785,5.3661633,0.0,0.0,5.3661633
30,PLPP4,138.80222,5.365441,0.0,0.0,5.365441
14817,CKMT2,-142.31387,-5.3634863,0.0,0.0,5.3634863
14710,LINC01954,-138.7384,-5.347899,0.0,0.0,5.347899
830,TLR4,118.254234,5.3325086,0.0,0.0,5.3325086
7306,KCNE4,23.274632,5.318465,8.012192645431003e-120,9.839267129617224e-120,5.318465
14825,TRIM63,-142.79092,-5.317382,0.0,0.0,5.317382
558,DPEP1,123.715355,5.316809,0.0,0.0,5.316809
14652,LINC00881,-136.80106,-5.296461,0.0,0.0,5.296461
2397,SENCR,93.48294,5.279515,0.0,0.0,5.279515
149,EMX1,133.56142,5.2673073,0.0,0.0,5.2673073
866,SHISA3,117.63169,5.2595415,0.0,0.0,5.2595415
14815,CASQ1,-142.28925,-5.25294,0.0,0.0,5.25294
1708,IL1RL1,103.90556,5.2508016,0.0,0.0,5.2508016
127,PKHD1L1,134.05707,5.2319593,0.0,0.0,5.2319593
29,COL9A2,138.85959,5.201123,0.0,0.0,5.201123
466,IRX6,125.68216,5.1969357,0.0,0.0,5.1969357
14717,CSRP3,-139.00157,-5.1953535,0.0,0.0,5.1953535
7853,TCIM,14.75718,5.1942697,2.7660685821619394e-49,3.1296584636896343e-49,5.1942697
5,IL11,140.32272,5.185152,0.0,0.0,5.185152
372,ADAMTS18,127.70165,5.175648,0.0,0.0,5.175648
14786,FBXO40,-141.13899,-5.163967,0.0,0.0,5.163967
1062,RSPO1,114.17314,5.1470227,0.0,0.0,5.1470227
14784,TXLNB,-141.09608,-5.146338,0.0,0.0,5.146338
14689,COX6A2,-138.15958,-5.1417933,0.0,0.0,5.1417933
14818,LRRC39,-142.32092,-5.1329775,0.0,0.0,5.1329775
490,CD52,125.16488,5.131397,0.0,0.0,5.131397
186,FMOD,132.42094,5.1311216,0.0,0.0,5.1311216
14564,KLHL40,-134.21931,-5.1305356,0.0,0.0,5.1305356
1271,LINC01356,110.61507,5.1144457,0.0,0.0,5.1144457
14777,MYH7B,-140.83868,-5.112373,0.0,0.0,5.112373
427,VWF,126.528496,5.105431,0.0,0.0,5.105431
4058,CXCL6,71.02718,5.100805,0.0,0.0,5.100805
14820,ADPRHL1,-142.41084,-5.0723314,0.0,0.0,5.0723314
3751,TIE1,75.9395,5.070434,0.0,0.0,5.070434
1402,XAF1,108.61335,5.055462,0.0,0.0,5.055462
102,CD40,135.13028,5.0457525,0.0,0.0,5.0457525
627,SPON2,122.24302,5.0360317,0.0,0.0,5.0360317
14826,HSPB7,-142.82162,-5.0172634,0.0,0.0,5.0172634
14695,LRRC14B,-138.39014,-5.011748,0.0,0.0,5.011748
14555,SPHKAP,-134.00471,-5.006266,0.0,0.0,5.006266
2354,EOMES,94.12252,5.0030932,0.0,0.0,5.0030932
317,KYNU,128.71301,5.000555,0.0,0.0,5.000555
3059,EXOC1L,85.00442,4.994819,0.0,0.0,4.994819
2194,ROBO4,96.43306,4.9942183,0.0,0.0,4.9942183
14762,GPAT3,-140.50284,-4.987802,0.0,0.0,4.987802
6131,SCG2,41.27225,4.9868855,0.0,0.0,4.9868855
14062,S100A8,-117.18784,-4.9858036,0.0,0.0,4.9858036
14776,IRX4,-140.83862,-4.985078,0.0,0.0,4.985078
14738,C11orf21,-139.5669,-4.9806337,0.0,0.0,4.9806337
365,KCNMA1,127.73953,4.965612,0.0,0.0,4.965612
49,ABI3,137.70135,4.9555902,0.0,0.0,4.9555902
14020,ACTA1,-115.84225,-4.95403,0.0,0.0,4.95403
14767,C10orf71-AS1,-140.58354,-4.948343,0.0,0.0,4.948343
50,HAPLN1,137.67853,4.9292235,0.0,0.0,4.9292235
98,OR8D4,135.26991,4.924701,0.0,0.0,4.924701
2045,PLSCR2,98.70085,4.9129744,0.0,0.0,4.9129744
14684,SAA4,-137.94899,-4.8973,0.0,0.0,4.8973
14721,SORCS3,-139.07442,-4.8817716,0.0,0.0,4.8817716
1348,COL6A3,109.47194,4.8809237,0.0,0.0,4.8809237
14726,C1orf105,-139.15637,-4.880879,0.0,0.0,4.880879
443,PITX1,126.189125,4.878512,0.0,0.0,4.878512
14822,MYBPC3,-142.61815,-4.8770194,0.0,0.0,4.8770194
10242,GIMAP4,-26.670843,4.8763967,1.0258943875345101e-156,1.3025459859193835e-156,4.8763967
14741,OVAAL,-139.64728,-4.874748,0.0,0.0,4.874748
83,KLK6,136.05702,4.874009,0.0,0.0,4.874009
14615,RHEX,-135.64095,-4.8730307,0.0,0.0,4.8730307
77,ITGA8,136.3554,4.8661795,0.0,0.0,4.8661795
84,NPR1,135.85857,4.8641534,0.0,0.0,4.8641534
14434,P2RX1,-130.08717,-4.850213,0.0,0.0,4.850213
14824,MYPN,-142.7159,-4.8381076,0.0,0.0,4.8381076
220,PLAC9,131.3154,4.8214765,0.0,0.0,4.8214765
14745,SLC5A1,-139.79483,-4.8089757,0.0,0.0,4.8089757
580,AKR1B10,123.105156,4.8040557,0.0,0.0,4.8040557
36,EGFLAM,138.53368,4.8031836,0.0,0.0,4.8031836
5594,MESP2,49.213978,4.7887354,0.0,0.0,4.7887354
14797,ART3,-141.46904,-4.7818155,0.0,0.0,4.7818155
35,CA12,138.53537,4.770692,0.0,0.0,4.770692
5312,LINC01638,53.581894,4.7689843,0.0,0.0,4.7689843
14800,TMEM163,-141.6046,-4.7659597,0.0,0.0,4.7659597
6698,IL33,32.76991,4.762165,1.5805525430163287e-235,2.1401602086620258e-235,4.762165
726,DRC7,120.14203,4.7545075,0.0,0.0,4.7545075
610,PDZRN4,122.66244,4.7520494,0.0,0.0,4.7520494
6438,CLDN5,36.457962,4.7386374,5.1452684214702705e-291,7.282133405747263e-291,4.7386374
1093,HPCAL4,113.605034,4.7371907,0.0,0.0,4.7371907
356,ACVRL1,127.95733,4.7342567,0.0,0.0,4.7342567
647,EDN3,121.89873,4.712449,0.0,0.0,4.712449
405,GPR83,127.15255,4.7076154,0.0,0.0,4.7076154
26,AFAP1L2,138.95445,4.7061353,0.0,0.0,4.7061353
7256,IL7R,23.883194,4.7046795,4.579281501527999e-126,5.661025585493186e-126,4.7046795
6115,SRPX2,41.507378,4.7008314,0.0,0.0,4.7008314
14764,MLIP,-140.53154,-4.6868505,0.0,0.0,4.6868505
4757,CXCL1,61.21428,4.6848817,0.0,0.0,4.6848817
3245,PPP1R16B,82.70331,4.683029,0.0,0.0,4.683029
14660,LINC01531,-137.0464,-4.6827497,0.0,0.0,4.6827497
631,APLNR,122.214096,4.678817,0.0,0.0,4.678817
7,ERVH48-1,140.17067,4.6626296,0.0,0.0,4.6626296
10,TMEM200A,139.93364,4.6551766,0.0,0.0,4.6551766
5839,PTGS2,45.59319,4.6548095,0.0,0.0,4.6548095
3604,NOS2,78.04824,4.6515255,0.0,0.0,4.6515255
14546,DHRS7C,-133.68086,-4.6487827,0.0,0.0,4.6487827
1885,SPP1,101.19366,4.648702,0.0,0.0,4.648702
3802,GYPE,75.09975,4.641344,0.0,0.0,4.641344
1279,CYP1B1,110.48675,4.636361,0.0,0.0,4.636361
1886,IL18R1,101.178314,4.6302066,0.0,0.0,4.6302066
9,MUC12,140.10548,4.626106,0.0,0.0,4.626106
188,PCDH18,132.3575,4.625806,0.0,0.0,4.625806
14722,LMOD2,-139.08415,-4.6239476,0.0,0.0,4.6239476
19,MME,139.25479,4.6191382,0.0,0.0,4.6191382
14811,MYOM1,-142.10426,-4.6155267,0.0,0.0,4.6155267
14830,SYPL2,-143.1732,-4.6097946,0.0,0.0,4.6097946
1833,LINC00379,102.06683,4.6022387,0.0,0.0,4.6022387
2306,VRTN,94.898705,4.6021523,0.0,0.0,4.6021523
2162,SULF1,96.9271,4.5962543,0.0,0.0,4.5962543
3413,NR1H4,80.72229,4.591876,0.0,0.0,4.591876
14816,ACTN2,-142.30887,-4.5873857,0.0,0.0,4.5873857
4362,IGFBP3,66.59059,4.5746803,0.0,0.0,4.5746803
14771,GJA3,-140.69644,-4.5741463,0.0,0.0,4.5741463
3312,THBD,81.9155,4.561266,0.0,0.0,4.561266
739,ELN,119.972664,4.560863,0.0,0.0,4.560863
402,VAV3,127.170105,4.5580387,0.0,0.0,4.5580387
14670,LYZL4,-137.27098,-4.5565257,0.0,0.0,4.5565257
242,LGI1,130.77461,4.5510974,0.0,0.0,4.5510974
14780,MYADML2,-141.04668,-4.548757,0.0,0.0,4.548757
14763,TNNC1,-140.51874,-4.5478683,0.0,0.0,4.5478683
4427,OVCH2,65.8117,4.5438285,0.0,0.0,4.5438285
234,KCNK5,130.99837,4.543313,0.0,0.0,4.543313
14,THY1,139.6422,4.5379167,0.0,0.0,4.5379167
1460,TNFRSF1B,107.73339,4.5377846,0.0,0.0,4.5377846
14823,FRMD3,-142.67145,-4.53515,0.0,0.0,4.53515
2022,CCN4,99.14351,4.532562,0.0,0.0,4.532562
655,STEAP1B,121.698105,4.5286727,0.0,0.0,4.5286727
55,HLX,137.65268,4.5284142,0.0,0.0,4.5284142
14807,A4GALT,-141.91547,-4.527289,0.0,0.0,4.527289
621,GDF7,122.450714,4.525362,0.0,0.0,4.525362
14511,HAMP,-132.6298,-4.5181518,0.0,0.0,4.5181518
419,DKK4,126.79542,4.518095,0.0,0.0,4.518095
14801,LDB3,-141.6085,-4.517281,0.0,0.0,4.517281
2576,ADGRG3,91.20648,4.516689,0.0,0.0,4.516689
932,SLC5A7,116.32348,4.5164986,0.0,0.0,4.5164986
14756,LAMA4,-140.12056,-4.5135336,0.0,0.0,4.5135336
100,ADAM12,135.19724,4.51012,0.0,0.0,4.51012
889,PCAT19,117.20654,4.4990616,0.0,0.0,4.4990616
1160,ALKAL2,112.4899,4.492518,0.0,0.0,4.492518
5311,FAM124B,53.593826,4.490457,0.0,0.0,4.490457
14768,TPO,-140.64148,-4.4786334,0.0,0.0,4.4786334
814,BNC1,118.48681,4.475039,0.0,0.0,4.475039
5899,LCP2,44.744835,4.4666066,0.0,0.0,4.4666066
0,PTGIS,141.25854,4.4603496,0.0,0.0,4.4603496
329,TCF21,128.53441,4.4596896,0.0,0.0,4.4596896
6972,DNM3OS,28.401358,4.4587607,1.9455045613602487e-177,2.5166836589214e-177,4.4587607
14819,SLC26A9,-142.3255,-4.4551473,0.0,0.0,4.4551473
2631,PTGIR,90.45523,4.449835,0.0,0.0,4.449835
271,BNC2,129.9446,4.446993,0.0,0.0,4.446993
8027,CFI,11.689134,4.443547,1.4485604709329336e-31,1.5952773701942778e-31,4.443547
815,SDR16C5,118.45619,4.4392796,0.0,0.0,4.4392796
7455,DKK2,21.065306,4.4311695,1.6555122590668872e-98,1.9897003496127232e-98,4.4311695
2667,IL32,90.01337,4.4278765,0.0,0.0,4.4278765
14754,CORIN,-140.02792,-4.412899,0.0,0.0,4.412899
3005,SUCNR1,85.7829,4.406945,0.0,0.0,4.406945
5183,TNFAIP6,55.517952,4.4027205,0.0,0.0,4.4027205
515,DLK1,124.61084,4.4026585,0.0,0.0,4.4026585
14785,SRL,-141.09624,-4.400564,0.0,0.0,4.400564
1719,WNT4,103.78315,4.3965235,0.0,0.0,4.3965235
3480,TMEM235,79.80172,4.3914094,0.0,0.0,4.3914094
393,CRLF1,127.27843,4.390773,0.0,0.0,4.390773
6627,OLR1,33.818676,4.388756,1.0482411684740905e-250,1.4381558528805955e-250,4.388756
14397,CASQ2,-128.58907,-4.3837967,0.0,0.0,4.3837967
7661,COL15A1,17.624426,4.3836946,1.599844466849023e-69,1.8622787291294136e-69,4.3836946
626,ECRG4,122.256165,4.373766,0.0,0.0,4.373766
1832,CDKN2B,102.07279,4.3701634,0.0,0.0,4.3701634
9145,TMEM204,-7.364147,4.364728,1.7828262558685195e-13,1.894197019900137e-13,4.364728
14770,LAMA2,-140.68198,-4.362442,0.0,0.0,4.362442
215,FBN1,131.45747,4.3589334,0.0,0.0,4.3589334
7222,COLEC10,24.498398,4.3578577,1.536372251032351e-132,1.908529764223201e-132,4.3578577
14468,ASB11,-131.00499,-4.3557086,0.0,0.0,4.3557086
702,CDA,120.69146,4.3490252,0.0,0.0,4.3490252
1173,IL2RB,112.27478,4.333074,0.0,0.0,4.333074
5246,PTPRB,54.54758,4.324326,0.0,0.0,4.324326
1325,PTGER4,109.925835,4.318175,0.0,0.0,4.318175
56,TSHZ3,137.6007,4.3075175,0.0,0.0,4.3075175
411,SYN3,127.05562,4.307323,0.0,0.0,4.307323
656,TACR1,121.683975,4.306816,0.0,0.0,4.306816
14803,KLHL30,-141.61673,-4.3051414,0.0,0.0,4.3051414
3777,ACTG2,75.5438,4.3038325,0.0,0.0,4.3038325
221,LPAR1,131.28989,4.299177,0.0,0.0,4.299177
14813,PGAM2,-142.17346,-4.2985177,0.0,0.0,4.2985177
2200,GSTA1,96.33022,4.2951713,0.0,0.0,4.2951713
1839,WNT3A,101.98651,4.294867,0.0,0.0,4.294867
1043,UNC13C,114.40557,4.2929406,0.0,0.0,4.2929406
1046,SMOC2,114.38859,4.2893386,0.0,0.0,4.2893386
2074,TMEM233,98.23581,4.2877903,0.0,0.0,4.2877903
2376,ITGA11,93.76218,4.2796316,0.0,0.0,4.2796316
1789,TNFRSF9,102.745094,4.275096,0.0,0.0,4.275096
13882,GJD2,-112.16981,-4.2717967,0.0,0.0,4.2717967
764,LHX2,119.43617,4.2682066,0.0,0.0,4.2682066
1690,GIMAP5,104.207016,4.2542133,0.0,0.0,4.2542133
14404,LINC02608,-128.85397,-4.250722,0.0,0.0,4.250722
14668,NAV2-AS2,-137.23508,-4.2489924,0.0,0.0,4.2489924
4848,FAP,59.909325,4.2447486,0.0,0.0,4.2447486
986,HOXB7,115.47593,4.231587,0.0,0.0,4.231587
14719,AQP8,-139.02101,-4.2135987,0.0,0.0,4.2135987
637,HHEX,122.09053,4.2117443,0.0,0.0,4.2117443
1189,INHBB,112.02017,4.208493,0.0,0.0,4.208493
1759,NRK,103.14208,4.2021914,0.0,0.0,4.2021914
297,S1PR5,129.23239,4.202106,0.0,0.0,4.202106
410,NWD2,127.068016,4.198841,0.0,0.0,4.198841
3976,PSKH2,72.41725,4.1962547,0.0,0.0,4.1962547
802,IGF2-AS,118.79578,4.196149,0.0,0.0,4.196149
4413,CCL2,65.94581,4.1883736,0.0,0.0,4.1883736
460,PLP1,125.86195,4.178659,0.0,0.0,4.178659
14778,FBXL22,-140.97624,-4.1739407,0.0,0.0,4.1739407
1347,LOX,109.47695,4.1721525,0.0,0.0,4.1721525
14422,LINC01449,-129.34857,-4.166829,0.0,0.0,4.166829
5966,TDRD10,43.6999,4.1635833,0.0,0.0,4.1635833
974,GRM8,115.608536,4.15163,0.0,0.0,4.15163
3256,INKA1,82.57299,4.1509237,0.0,0.0,4.1509237
133,PDGFRB,133.90056,4.150532,0.0,0.0,4.150532
140,CD79B,133.78618,4.1477933,0.0,0.0,4.1477933
14806,FABP3,-141.86772,-4.14364,0.0,0.0,4.14364
1802,TRPC6,102.47669,4.1420426,0.0,0.0,4.1420426
14657,KLHL41,-136.97003,-4.1383944,0.0,0.0,4.1383944
14740,PLN,-139.62,-4.1348596,0.0,0.0,4.1348596
41,PCDH10,138.2644,4.122753,0.0,0.0,4.122753
3188,EGFL6,83.42818,4.120131,0.0,0.0,4.120131
14755,PGM5-AS1,-140.10788,-4.1154594,0.0,0.0,4.1154594
54,LPAR6,137.65337,4.112377,0.0,0.0,4.112377
25,CLMP,139.0162,4.1050587,0.0,0.0,4.1050587
14750,ACKR2,-139.8591,-4.1045036,0.0,0.0,4.1045036
14728,ADCY5,-139.19597,-4.104469,0.0,0.0,4.104469
14730,ESRRB,-139.25185,-4.090654,0.0,0.0,4.090654
2595,WT1,90.99534,4.0848236,0.0,0.0,4.0848236
7044,LHX9,27.31596,4.0817914,2.7415169292600842e-164,3.505728365050552e-164,4.0817914
7292,KLK5,23.432852,4.0798655,1.9773611994373295e-121,2.432703770124847e-121,4.0798655
8427,MMRN1,4.6538763,4.072177,3.2575257520784827e-06,3.3874887413459527e-06,4.072177
78,PLPPR5,136.35292,4.071524,0.0,0.0,4.071524
1221,ST8SIA4,111.45706,4.071498,0.0,0.0,4.071498
14759,SMPX,-140.4308,-4.068782,0.0,0.0,4.068782
44,TFPI,138.01299,4.0667706,0.0,0.0,4.0667706
1187,GRIK3,112.08513,4.06603,0.0,0.0,4.06603
14639,VCAM1,-136.29341,-4.054125,0.0,0.0,4.054125
181,RAB37,132.59332,4.0495563,0.0,0.0,4.0495563
2837,HTR1E,87.883064,4.0480604,0.0,0.0,4.0480604
984,JPH4,115.49495,4.0474114,0.0,0.0,4.0474114
2692,STMN2,89.77772,4.0459943,0.0,0.0,4.0459943
386,CYP2F1,127.38864,4.0459323,0.0,0.0,4.0459323
14350,CYP2J2,-127.14136,-4.0399227,0.0,0.0,4.0399227
13788,TNNI3,-109.3311,-4.0280967,0.0,0.0,4.0280967
132,TRIM38,133.9537,4.0230393,0.0,0.0,4.0230393
4178,SCN7A,69.16473,4.0222974,0.0,0.0,4.0222974
949,IL1R1,115.910515,4.01953,0.0,0.0,4.01953
1343,EBF1,109.51329,4.0101314,0.0,0.0,4.0101314
3393,PEAR1,80.93813,4.0057645,0.0,0.0,4.0057645
1191,UGT3A1,112.005264,4.003234,0.0,0.0,4.003234
14601,PLCXD3,-135.19333,-3.9993765,0.0,0.0,3.9993765
13755,KBTBD13,-108.264046,-3.9988976,0.0,0.0,3.9988976
14746,KLHL31,-139.80087,-3.9954844,0.0,0.0,3.9954844
1741,GSC,103.45072,3.9860876,0.0,0.0,3.9860876
86,GNG2,135.7453,3.9781053,0.0,0.0,3.9781053
4,GZMM,140.41232,3.9698215,0.0,0.0,3.9698215
1057,GBP4,114.202385,3.9682574,0.0,0.0,3.9682574
81,SERPINE2,136.18472,3.9628985,0.0,0.0,3.9628985
14674,AKAP6,-137.34071,-3.9610777,0.0,0.0,3.9610777
1992,INSRR,99.57226,3.959841,0.0,0.0,3.959841
256,RAB3C,130.40079,3.9518385,0.0,0.0,3.9518385
8244,CFH,7.823066,3.9449778,5.15518661957034e-15,5.500077171055874e-15,3.9449778
14766,MTUS2,-140.5833,-3.9386485,0.0,0.0,3.9386485
2380,KANK3,93.69226,3.9351225,0.0,0.0,3.9351225
1042,ETS1,114.410675,3.9315152,0.0,0.0,3.9315152
13509,BRINP3,-101.44392,-3.931202,0.0,0.0,3.931202
14446,LINC02712,-130.35841,-3.9294274,0.0,0.0,3.9294274
348,LINC01630,128.1105,3.9286904,0.0,0.0,3.9286904
40,SLC38A5,138.27388,3.9283545,0.0,0.0,3.9283545
213,CACNG4,131.52,3.9218802,0.0,0.0,3.9218802
14365,CALML3-AS1,-127.62108,-3.9055655,0.0,0.0,3.9055655
642,COL6A6,121.97664,3.9052558,0.0,0.0,3.9052558
494,LGALS1,125.026855,3.8955057,0.0,0.0,3.8955057
14078,HJV,-117.8456,-3.8941882,0.0,0.0,3.8941882
9490,NPHS1,-13.114189,3.8932471,2.73086842752673e-39,3.048894131936836e-39,3.8932471
80,FGD5,136.30246,3.8928125,0.0,0.0,3.8928125
180,CDX1,132.60481,3.8920186,0.0,0.0,3.8920186
5440,ITIH3,51.656136,3.8891108,0.0,0.0,3.8891108
909,C3,116.81072,3.887193,0.0,0.0,3.887193
6523,SHE,35.489174,3.8870566,7.220337437094198e-276,1.0088066371129915e-275,3.8870566
14699,FSD2,-138.47871,-3.8856704,0.0,0.0,3.8856704
123,HS3ST3B1,134.3575,3.885407,0.0,0.0,3.885407
129,ASPHD1,133.977,3.8785734,0.0,0.0,3.8785734
14651,PHACTR3,-136.73547,-3.8772166,0.0,0.0,3.8772166
2934,EBF2,86.91542,3.8769343,0.0,0.0,3.8769343
14743,SH3BGR,-139.69386,-3.876355,0.0,0.0,3.876355
251,EFEMP1,130.50436,3.8744316,0.0,0.0,3.8744316
205,L1CAM,131.73584,3.8734288,0.0,0.0,3.8734288
6268,TBX18,38.998497,3.8667731,0.0,0.0,3.8667731
14715,ITGB1BP2,-138.89708,-3.8613758,0.0,0.0,3.8613758
14531,VSTM2L,-133.13042,-3.859693,0.0,0.0,3.859693
289,COX6B2,129.49226,3.8578095,0.0,0.0,3.8578095
1702,CNTNAP4,104.003265,3.8557727,0.0,0.0,3.8557727
861,PLAT,117.67047,3.8556788,0.0,0.0,3.8556788
1169,GABRB1,112.33269,3.8550413,0.0,0.0,3.8550413
1350,FYB2,109.4334,3.8494577,0.0,0.0,3.8494577
13816,LRRC52-AS1,-110.03355,-3.8480234,0.0,0.0,3.8480234
5321,TNFSF10,53.482243,3.8477771,0.0,0.0,3.8477771
2,HAAO,140.59674,3.8425534,0.0,0.0,3.8425534
433,ABCA9-AS1,126.36332,3.8422923,0.0,0.0,3.8422923
568,LINC02228,123.29968,3.8419993,0.0,0.0,3.8419993
1621,KCNK12,105.10886,3.837863,0.0,0.0,3.837863
589,DIO3OS,122.929474,3.837261,0.0,0.0,3.837261
13841,EPN3,-110.90911,-3.833039,0.0,0.0,3.833039
1762,COL8A1,103.13841,3.8316112,0.0,0.0,3.8316112
14690,CLIC5,-138.18436,-3.827588,0.0,0.0,3.827588
3551,SLA,78.6692,3.8252146,0.0,0.0,3.8252146
14714,CCR9,-138.85542,-3.822645,0.0,0.0,3.822645
226,NKAIN4,131.23332,3.816548,0.0,0.0,3.816548
14242,GADL1,-122.77913,-3.8140953,0.0,0.0,3.8140953
223,C19orf84,131.26935,3.8115346,0.0,0.0,3.8115346
3929,TBX6,73.22961,3.8100631,0.0,0.0,3.8100631
7591,TFPI2,18.951933,3.800636,4.2566445938363196e-80,5.013524140024337e-80,3.800636
455,SLC7A3,125.95711,3.7986896,0.0,0.0,3.7986896
14409,INHBA-AS1,-129.03056,-3.7922637,0.0,0.0,3.7922637
14791,POPDC2,-141.27719,-3.789498,0.0,0.0,3.789498
14769,MYOZ2,-140.64874,-3.78779,0.0,0.0,3.78779
156,TOX3,133.35678,3.786641,0.0,0.0,3.786641
14760,JAML,-140.43353,-3.7857845,0.0,0.0,3.7857845
318,CST6,128.68617,3.78306,0.0,0.0,3.78306
2181,RGCC,96.583984,3.7824752,0.0,0.0,3.7824752
7642,CDH22,17.907051,3.7787154,1.0389740871166496e-71,1.2127360842143106e-71,3.7787154
1627,EXOC3L2,104.977516,3.7755935,0.0,0.0,3.7755935
14572,CCDC9B,-134.40932,-3.7666051,0.0,0.0,3.7666051
361,PIEZO2,127.81784,3.7562513,0.0,0.0,3.7562513
354,GFRA2,128.00038,3.7558818,0.0,0.0,3.7558818
14757,PDYN-AS1,-140.23344,-3.7556534,0.0,0.0,3.7556534
14542,FHL2,-133.56691,-3.75383,0.0,0.0,3.75383
14331,PRSS56,-126.49024,-3.7526174,0.0,0.0,3.7526174
911,LINC02381,116.76587,3.752168,0.0,0.0,3.752168
14821,EEF1A2,-142.48276,-3.751343,0.0,0.0,3.751343
14487,LINC02082,-131.58093,-3.7506204,0.0,0.0,3.7506204
311,CPNE7,128.87912,3.7441468,0.0,0.0,3.7441468
14704,PPP1R14C,-138.5876,-3.743396,0.0,0.0,3.743396
164,DOK5,133.02519,3.7387927,0.0,0.0,3.7387927
3538,SHISAL2B,78.87222,3.7387574,0.0,0.0,3.7387574
1530,MLKL,106.39322,3.7386463,0.0,0.0,3.7386463
688,ARSI,120.98431,3.7374654,0.0,0.0,3.7374654
14315,ANKRD34C,-125.90375,-3.736555,0.0,0.0,3.736555
398,COL1A2,127.228134,3.730486,0.0,0.0,3.730486
1367,NODAL,109.12417,3.728334,0.0,0.0,3.728334
503,ZFP42,124.81768,3.725313,0.0,0.0,3.725313
23,PCED1B,139.15385,3.722735,0.0,0.0,3.722735
14500,SERPIND1,-132.12279,-3.720774,0.0,0.0,3.720774
14802,DUSP26,-141.60915,-3.715601,0.0,0.0,3.715601
14733,TRPC3,-139.43,-3.7053332,0.0,0.0,3.7053332
383,GAPLINC,127.46241,3.7038767,0.0,0.0,3.7038767
14676,ASB10,-137.47104,-3.7035046,0.0,0.0,3.7035046
62,KCP,136.92986,3.7029264,0.0,0.0,3.7029264
216,WNT16,131.43088,3.6934857,0.0,0.0,3.6934857
3259,ERP27,82.5415,3.6932971,0.0,0.0,3.6932971
5831,MMRN2,45.689873,3.692953,0.0,0.0,3.692953
924,ATP8B4,116.56552,3.6921182,0.0,0.0,3.6921182
14774,SORBS2,-140.77866,-3.6919262,0.0,0.0,3.6919262
200,TMEM119,131.9736,3.6855998,0.0,0.0,3.6855998
13643,THTPA,-104.79931,-3.6816487,0.0,0.0,3.6816487
4667,ITGA4,62.51305,3.6809947,0.0,0.0,3.6809947
320,ADAM33,128.68391,3.6785548,0.0,0.0,3.6785548
3869,ALDH1A3,74.04357,3.6783378,0.0,0.0,3.6783378
14765,RCAN2,-140.5578,-3.675044,0.0,0.0,3.675044
2995,RHOJ,85.953354,3.6735966,0.0,0.0,3.6735966
14648,MIR1-1HG,-136.70291,-3.6723413,0.0,0.0,3.6723413
14688,MAN1C1,-138.1465,-3.6719987,0.0,0.0,3.6719987
7517,CRHR2,20.168316,3.6698284,1.8586210085809375e-90,2.213006436919066e-90,3.6698284
324,LRRTM1,128.6037,3.6660933,0.0,0.0,3.6660933
1389,LINC02126,108.76887,3.6651418,0.0,0.0,3.6651418
14548,NOX1,-133.78706,-3.6643887,0.0,0.0,3.6643887
888,RAMP2,117.21804,3.6607955,0.0,0.0,3.6607955
3975,DDR2,72.41791,3.6532311,0.0,0.0,3.6532311
1008,RIMS1,115.11441,3.6476972,0.0,0.0,3.6476972
3934,DISP3,73.13052,3.642578,0.0,0.0,3.642578
6541,ADGRF4,35.19343,3.6419826,2.520077837681304e-271,3.508756516208357e-271,3.6419826
4407,EMP1,66.06879,3.6413832,0.0,0.0,3.6413832
1131,LINC02328,112.93685,3.6375535,0.0,0.0,3.6375535
14420,AMY2B,-129.31012,-3.6350014,0.0,0.0,3.6350014
8,AMIGO2,140.16293,3.633766,0.0,0.0,3.633766
661,HAS1,121.53973,3.6323912,0.0,0.0,3.6323912
1149,MEDAG,112.63292,3.6320407,0.0,0.0,3.6320407
32,PRRX2,138.66753,3.6264322,0.0,0.0,3.6264322
1084,ELF4,113.77361,3.6233954,0.0,0.0,3.6233954
3206,GRAP2,83.16334,3.6231,0.0,0.0,3.6231
560,PAPPA,123.65417,3.6171005,0.0,0.0,3.6171005
28,DUSP4,138.88774,3.615159,0.0,0.0,3.615159
75,IFI16,136.45584,3.6139154,0.0,0.0,3.6139154
206,NR2F1-AS1,131.71564,3.612412,0.0,0.0,3.612412
14792,CAMK2B,-141.3012,-3.6095653,0.0,0.0,3.6095653
14579,TSPAN32,-134.60234,-3.6075258,0.0,0.0,3.6075258
168,CARD11,132.94962,3.6048474,0.0,0.0,3.6048474
1463,KRT7,107.67053,3.602841,0.0,0.0,3.602841
20,GATA3,139.22974,3.5994835,0.0,0.0,3.5994835
128,DPPA4,134.00041,3.5978553,0.0,0.0,3.5978553
14694,ATP13A5-AS1,-138.3325,-3.593847,0.0,0.0,3.593847
14747,LINC00616,-139.81937,-3.591224,0.0,0.0,3.591224
225,RAPGEF5,131.26309,3.5888011,0.0,0.0,3.5888011
1010,RHBG,115.10412,3.5849714,0.0,0.0,3.5849714
1370,SYT10,109.09215,3.5827184,0.0,0.0,3.5827184
70,EVA1A,136.52121,3.5820732,0.0,0.0,3.5820732
14288,MAT1A,-124.95857,-3.5719213,0.0,0.0,3.5719213
115,TNFAIP2,134.61339,3.5715883,0.0,0.0,3.5715883
53,LAG3,137.66655,3.5689309,0.0,0.0,3.5689309
2314,ASCL1,94.78536,3.5670009,0.0,0.0,3.5670009
14341,PRDM16,-126.94272,-3.566499,0.0,0.0,3.566499
854,CPED1,117.80609,3.565858,0.0,0.0,3.565858
1568,DCC,105.95149,3.5609875,0.0,0.0,3.5609875
512,ELOVL2,124.65021,3.5552988,0.0,0.0,3.5552988
14809,CORO6,-141.982,-3.5472903,0.0,0.0,3.5472903
18,KCNE3,139.38614,3.5463893,0.0,0.0,3.5463893
5141,ACSM1,56.09176,3.5396013,0.0,0.0,3.5396013
121,ALX3,134.3831,3.5394917,0.0,0.0,3.5394917
232,PCDH1,131.07162,3.5364277,0.0,0.0,3.5364277
1930,LINC02757,100.426094,3.5333364,0.0,0.0,3.5333364
424,C6orf141,126.6006,3.532421,0.0,0.0,3.532421
14632,SNAP91,-136.05392,-3.5320222,0.0,0.0,3.5320222
118,TLE1,134.57982,3.5313492,0.0,0.0,3.5313492
90,NHS,135.5285,3.5292733,0.0,0.0,3.5292733
61,SNAI2,137.09113,3.5263157,0.0,0.0,3.5263157
616,GAL,122.590225,3.5262332,0.0,0.0,3.5262332
14712,FAM78A,-138.77971,-3.5258925,0.0,0.0,3.5258925
14736,FXYD1,-139.50359,-3.5213525,0.0,0.0,3.5213525
3283,PPP1R17,82.187706,3.5210063,0.0,0.0,3.5210063
14753,DOK7,-139.90286,-3.520128,0.0,0.0,3.520128
3113,MIR503HG,84.35821,3.5188189,0.0,0.0,3.5188189
1597,C12orf56,105.5591,3.51624,0.0,0.0,3.51624
7710,CDKN2A,17.025629,3.5099354,5.30190580667268e-65,6.135978542236638e-65,3.5099354
14540,ADAM11,-133.46649,-3.5069308,0.0,0.0,3.5069308
7648,CD69,17.805582,3.501385,6.39636624494171e-71,7.459660908919596e-71,3.501385
14805,PGM5,-141.73967,-3.4989865,0.0,0.0,3.4989865
1810,ART4,102.364334,3.496996,0.0,0.0,3.496996
14604,OR4P4,-135.28963,-3.4963334,0.0,0.0,3.4963334
14701,MYZAP,-138.53783,-3.4954207,0.0,0.0,3.4954207
475,PRRG4,125.383446,3.4942324,0.0,0.0,3.4942324
404,CLDN11,127.15983,3.491574,0.0,0.0,3.491574
4870,SLN,59.63681,3.4876826,0.0,0.0,3.4876826
9572,CXCL11,-14.7049,3.48716,5.99596728829332e-49,6.7794610698085094e-49,3.48716
5435,KLHDC8A,51.770824,3.480874,0.0,0.0,3.480874
5422,SCGN,51.941616,3.4807324,0.0,0.0,3.4807324
57,COL9A3,137.42549,3.479507,0.0,0.0,3.479507
14265,LINC02517,-123.79454,-3.4783597,0.0,0.0,3.4783597
1017,SEZ6L,115.00053,3.478132,0.0,0.0,3.478132
14635,APOBEC2,-136.08983,-3.476072,0.0,0.0,3.476072
478,FAR2,125.33704,3.4751318,0.0,0.0,3.4751318
5256,PCDH12,54.36186,3.4740887,0.0,0.0,3.4740887
1768,CLDN2,103.03871,3.4733415,0.0,0.0,3.4733415
14406,KCNQ3,-128.91068,-3.4710398,0.0,0.0,3.4710398
178,NRXN3,132.63617,3.4705498,0.0,0.0,3.4705498
1656,GABRA1,104.64434,3.4695237,0.0,0.0,3.4695237
169,UBASH3B,132.88354,3.468892,0.0,0.0,3.468892
14157,SERPINI1,-120.24466,-3.4670355,0.0,0.0,3.4670355
73,SPSB1,136.4821,3.466551,0.0,0.0,3.466551
531,LIN28A,124.23344,3.4659073,0.0,0.0,3.4659073
191,LURAP1L-AS1,132.20924,3.4647408,0.0,0.0,3.4647408
5489,CXCL2,50.85852,3.4596214,0.0,0.0,3.4596214
14631,PNLDC1,-136.05287,-3.4562385,0.0,0.0,3.4562385
13896,ATP1B4,-112.62649,-3.4531877,0.0,0.0,3.4531877
954,L1TD1,115.84067,3.4439313,0.0,0.0,3.4439313
13979,NMRK2,-114.698616,-3.44147,0.0,0.0,3.44147
517,PRELP,124.547874,3.438913,0.0,0.0,3.438913
253,EMILIN1,130.45596,3.4385707,0.0,0.0,3.4385707
406,PLAU,127.127106,3.4378726,0.0,0.0,3.4378726
1565,TARID,105.96837,3.4376693,0.0,0.0,3.4376693
14692,KLHL38,-138.27489,-3.4366796,0.0,0.0,3.4366796
14618,STUM,-135.68889,-3.436418,0.0,0.0,3.436418
674,CDH23,121.370155,3.4363952,0.0,0.0,3.4363952
14716,TRDN,-138.92781,-3.4339442,0.0,0.0,3.4339442
2974,GRM4,86.25632,3.433884,0.0,0.0,3.433884
1848,LURAP1L,101.840164,3.4334588,0.0,0.0,3.4334588
10776,CXCL8,-36.20437,3.4330037,5.19661531455067e-287,7.33171629852559e-287,3.4330037
3778,EBI3,75.520546,3.4265432,0.0,0.0,3.4265432
13867,HSPB2,-111.67419,-3.4256396,0.0,0.0,3.4256396
14810,PDE4DIP,-142.03003,-3.4228132,0.0,0.0,3.4228132
124,HVCN1,134.3496,3.422483,0.0,0.0,3.422483
1475,AKR1B15,107.456505,3.4193516,0.0,0.0,3.4193516
14382,SCN5A,-128.04353,-3.4192796,0.0,0.0,3.4192796
905,BMP6,116.90147,3.4187453,0.0,0.0,3.4187453
14607,MYO18B,-135.3105,-3.4157073,0.0,0.0,3.4157073
774,LRRC4C,119.30233,3.414555,0.0,0.0,3.414555
5923,ANGPTL6,44.356846,3.412349,0.0,0.0,3.412349
1806,ENTPD3,102.41368,3.4115903,0.0,0.0,3.4115903
1387,ACSM3,108.8012,3.4102182,0.0,0.0,3.4102182
1,FBLN1,141.21005,3.4076278,0.0,0.0,3.4076278
184,LDB2,132.50404,3.4040132,0.0,0.0,3.4040132
784,EXOC3L1,119.06027,3.40217,0.0,0.0,3.40217
2026,C2CD4B,99.061615,3.399947,0.0,0.0,3.399947
566,NMU,123.32605,3.3993025,0.0,0.0,3.3993025
4381,ST6GALNAC1,66.43391,3.3977551,0.0,0.0,3.3977551
14638,FRMD5,-136.20647,-3.3967907,0.0,0.0,3.3967907
14304,CHRND,-125.535255,-3.395958,0.0,0.0,3.395958
14686,SCUBE3,-137.98338,-3.3943026,0.0,0.0,3.3943026
689,NR5A2,120.962585,3.3938115,0.0,0.0,3.3938115
14633,USP30-AS1,-136.05882,-3.3937361,0.0,0.0,3.3937361
14359,AHNAK2,-127.29217,-3.3893604,0.0,0.0,3.3893604
195,SCG3,132.12282,3.3866167,0.0,0.0,3.3866167
5365,SGK1,52.85528,3.383525,0.0,0.0,3.383525
6,SERPINB9,140.2571,3.3792284,0.0,0.0,3.3792284
1808,MEIS1-AS3,102.37198,3.376242,0.0,0.0,3.376242
2401,CAVIN2,93.44063,3.374414,0.0,0.0,3.374414
2098,ICAM1,97.79321,3.3735938,0.0,0.0,3.3735938
1216,DIO2,111.579025,3.3720162,0.0,0.0,3.3720162
14482,CAV3,-131.48796,-3.37127,0.0,0.0,3.37127
1569,PENK,105.9144,3.37018,0.0,0.0,3.37018
147,ENC1,133.59189,3.368177,0.0,0.0,3.368177
884,CASP8,117.40733,3.3672035,0.0,0.0,3.3672035
14650,SMYD1,-136.7184,-3.3665397,0.0,0.0,3.3665397
12949,TNMD,-85.040825,-3.364319,0.0,0.0,3.364319
27,GCNT1,138.89323,3.3643034,0.0,0.0,3.3643034
103,PYCARD,135.06892,3.363979,0.0,0.0,3.363979
14616,TTN,-135.66304,-3.3589892,0.0,0.0,3.3589892
14297,GAS6-DT,-125.20053,-3.358972,0.0,0.0,3.358972
2360,KIRREL2,94.020996,3.3555434,0.0,0.0,3.3555434
258,ITLN2,130.34328,3.3542805,0.0,0.0,3.3542805
14577,FAM81A,-134.45523,-3.352089,0.0,0.0,3.352089
1076,PAX7,113.88686,3.348532,0.0,0.0,3.348532
400,ENPP2,127.20556,3.3482597,0.0,0.0,3.3482597
1534,HHIP,106.3551,3.344884,0.0,0.0,3.344884
39,PLEKHH2,138.29573,3.3441834,0.0,0.0,3.3441834
9665,STAB1,-16.148014,3.3437135,1.1727784256357524e-58,1.344475290299439e-58,3.3437135
1103,TRG-AS1,113.4705,3.3432608,0.0,0.0,3.3432608
6080,ABCA9,42.02217,3.342873,0.0,0.0,3.342873
960,CXCL14,115.79294,3.340443,0.0,0.0,3.340443
7550,LY96,19.64585,3.3383954,6.2739574904282795e-86,7.436191444141439e-86,3.3383954
283,LRRN1,129.64658,3.3368003,0.0,0.0,3.3368003
14100,FGF16,-118.44832,-3.3361628,0.0,0.0,3.3361628
14425,MYH6,-129.4411,-3.3330135,0.0,0.0,3.3330135
1950,RASAL1,100.13131,3.3229718,0.0,0.0,3.3229718
6386,REN,37.354088,3.3207443,2.1762205500661207e-305,3.1117939624017197e-305,3.3207443
14200,RRAD,-121.600494,-3.3203576,0.0,0.0,3.3203576
290,TAGLN2,129.45499,3.3202343,0.0,0.0,3.3202343
13408,CFAP299,-98.67397,-3.315149,0.0,0.0,3.315149
135,EDIL3,133.88802,3.3128943,0.0,0.0,3.3128943
110,STK32B,134.81885,3.3127916,0.0,0.0,3.3127916
277,LYL1,129.84622,3.309261,0.0,0.0,3.309261
13968,TSPEAR,-114.292984,-3.3073542,0.0,0.0,3.3073542
14544,MYL4,-133.63474,-3.3072567,0.0,0.0,3.3072567
207,NNAT,131.7017,3.3057413,0.0,0.0,3.3057413
145,FOXC1,133.62198,3.305119,0.0,0.0,3.305119
14793,SLC25A4,-141.30482,-3.301619,0.0,0.0,3.301619
624,CYP4X1,122.32117,3.2977426,0.0,0.0,3.2977426
2846,CPXM2,87.78294,3.2961824,0.0,0.0,3.2961824
2408,NPR3,93.41421,3.2956655,0.0,0.0,3.2956655
961,MMP25,115.78138,3.293155,0.0,0.0,3.293155
919,NTRK3,116.63721,3.291529,0.0,0.0,3.291529
833,CHST9,118.17737,3.288759,0.0,0.0,3.288759
14211,GJA5,-121.900055,-3.2858708,0.0,0.0,3.2858708
14628,KCNJ11,-135.99617,-3.2858696,0.0,0.0,3.2858696
3911,TGFBR3,73.44832,3.2799537,0.0,0.0,3.2799537
3239,AGAP2,82.75974,3.277979,0.0,0.0,3.277979
573,SHISA8,123.24856,3.2770214,0.0,0.0,3.2770214
64,COL26A1,136.76494,3.2741597,0.0,0.0,3.2741597
13134,CYP1A1,-90.066124,3.273168,0.0,0.0,3.273168
14557,SPRY4-AS1,-134.02483,-3.2672539,0.0,0.0,3.2672539
9875,DLL4,-19.749292,3.2622025,8.13494903630821e-87,9.65427135772482e-87,3.2622025
994,USHBP1,115.371925,3.2591548,0.0,0.0,3.2591548
1005,PDE2A,115.151184,3.2563045,0.0,0.0,3.2563045
9669,GBP3,-16.164423,3.2535594,8.987616601544914e-59,1.0308200589089214e-58,3.2535594
14398,SYNPO2L,-128.59962,-3.2520852,0.0,0.0,3.2520852
3412,GAD1,80.73439,3.2507145,0.0,0.0,3.2507145
4406,EGFR,66.08629,3.249869,0.0,0.0,3.249869
14589,SPTB,-134.8826,-3.2445238,0.0,0.0,3.2445238
14584,SEC14L5,-134.70053,-3.2441225,0.0,0.0,3.2441225
3690,DRD2,76.96871,3.2409198,0.0,0.0,3.2409198
1508,AGAP2-AS1,106.702446,3.2405248,0.0,0.0,3.2405248
125,SUSD3,134.25826,3.2397633,0.0,0.0,3.2397633
4871,TNFRSF11B,59.634884,3.2394412,0.0,0.0,3.2394412
193,AIM2,132.18625,3.2375917,0.0,0.0,3.2375917
5705,GGT5,47.65252,3.2314007,0.0,0.0,3.2314007
14046,ATP1A3,-116.59454,-3.2260025,0.0,0.0,3.2260025
463,LINC01549,125.81607,3.2221978,0.0,0.0,3.2221978
1083,MSX1,113.793205,3.2204154,0.0,0.0,3.2204154
5261,CALCRL,54.280266,3.2203658,0.0,0.0,3.2203658
572,FN1,123.27861,3.2201445,0.0,0.0,3.2201445
1213,GRPR,111.602936,3.2186582,0.0,0.0,3.2186582
7434,FOXS1,21.319204,3.2180812,7.532874785642526e-101,9.079241442166948e-101,3.2180812
2610,RAB25,90.82042,3.217165,0.0,0.0,3.217165
4000,ATP10A,72.07085,3.216386,0.0,0.0,3.216386
338,LINC01695,128.40733,3.216211,0.0,0.0,3.216211
14550,PABPC5-AS1,-133.84846,-3.2160459,0.0,0.0,3.2160459
14625,TMEM38A,-135.93301,-3.2117202,0.0,0.0,3.2117202
705,HPD,120.6574,3.2095723,0.0,0.0,3.2095723
721,RGS4,120.28186,3.2092986,0.0,0.0,3.2092986
14088,PHACTR1,-118.06217,-3.1948035,0.0,0.0,3.1948035
47,FXYD5,137.96126,3.1945362,0.0,0.0,3.1945362
106,LINC01234,134.93864,3.1929379,0.0,0.0,3.1929379
651,OSMR,121.76511,3.1884775,0.0,0.0,3.1884775
474,FSHR,125.39037,3.1879916,0.0,0.0,3.1879916
66,CXCL3,136.63242,3.1871004,0.0,0.0,3.1871004
14355,LINC00964,-127.21301,-3.1870048,0.0,0.0,3.1870048
13433,NRAP,-99.43879,-3.1863418,0.0,0.0,3.1863418
14480,TSPAN19,-131.4543,-3.1820304,0.0,0.0,3.1820304
231,PAPPA-AS1,131.15977,3.1790547,0.0,0.0,3.1790547
923,TUBB3,116.58097,3.1787038,0.0,0.0,3.1787038
14636,TRIM54,-136.13629,-3.1775033,0.0,0.0,3.1775033
540,GNG4,124.07016,3.1769953,0.0,0.0,3.1769953
362,LRRC32,127.81207,3.1754797,0.0,0.0,3.1754797
14346,CUX2,-127.04777,-3.1742058,0.0,0.0,3.1742058
217,CCDC42,131.42256,3.1680963,0.0,0.0,3.1680963
577,MYL10,123.130745,3.1610434,0.0,0.0,3.1610434
2611,RASIP1,90.81777,3.1606054,0.0,0.0,3.1606054
230,CNR1,131.17683,3.1588345,0.0,0.0,3.1588345
14680,TNNT2,-137.66086,-3.1574745,0.0,0.0,3.1574745
12389,LUCAT1,-71.65287,-3.1550372,0.0,0.0,3.1550372
14727,DDN,-139.18567,-3.1549823,0.0,0.0,3.1549823
14731,PNMT,-139.29565,-3.1543431,0.0,0.0,3.1543431
167,S100A11,132.97734,3.150177,0.0,0.0,3.150177
1027,CD248,114.7498,3.1465364,0.0,0.0,3.1465364
14510,FGF18,-132.5941,-3.1460335,0.0,0.0,3.1460335
14772,HSPB8,-140.72794,-3.1440852,0.0,0.0,3.1440852
13181,FAM153A,-91.65823,-3.142912,0.0,0.0,3.142912
14344,AICDA,-126.97465,-3.1425061,0.0,0.0,3.1425061
788,KLRG2,119.00018,3.138462,0.0,0.0,3.138462
2187,TMEM82,96.52194,3.1381347,0.0,0.0,3.1381347
1320,DRAM1,109.97309,3.1366587,0.0,0.0,3.1366587
790,CALB1,118.926025,3.13656,0.0,0.0,3.13656
5333,SPAAR,53.310738,3.134775,0.0,0.0,3.134775
454,IKZF1,126.01138,3.132279,0.0,0.0,3.132279
918,RGS7,116.64745,3.127607,0.0,0.0,3.127607
1181,ASIC2,112.21474,3.1272447,0.0,0.0,3.1272447
14761,SLCO3A1,-140.47221,-3.1245215,0.0,0.0,3.1245215
731,NPM2,120.097084,3.1208806,0.0,0.0,3.1208806
562,GSTA2,123.49302,3.1194248,0.0,0.0,3.1194248
14725,STRIP2,-139.119,-3.1158483,0.0,0.0,3.1158483
14379,INPP4B,-127.97815,-3.1131847,0.0,0.0,3.1131847
65,IFITM1,136.7551,3.1115818,0.0,0.0,3.1115818
8395,SAMD9,5.206369,3.1086428,1.9257179182586744e-07,2.0112903130770707e-07,3.1086428
14025,MYBPHL,-115.91813,-3.1056225,0.0,0.0,3.1056225
12950,NPPB,-85.05056,-3.1042876,0.0,0.0,3.1042876
1812,SAXO1,102.35753,3.102258,0.0,0.0,3.102258
14697,PAPPA2,-138.44798,-3.1022117,0.0,0.0,3.1022117
14620,CLDN9,-135.79637,-3.1009378,0.0,0.0,3.1009378
1203,FXYD7,111.74213,3.0987005,0.0,0.0,3.0987005
445,TAFA5,126.17603,3.0975792,0.0,0.0,3.0975792
604,DRAXIN,122.74406,3.097287,0.0,0.0,3.097287
1053,CDKN2B-AS1,114.24758,3.0931149,0.0,0.0,3.0931149
172,DNAJC22,132.84555,3.0914023,0.0,0.0,3.0914023
14597,CADPS,-135.04274,-3.090806,0.0,0.0,3.090806
2409,LINC01829,93.412346,3.089156,0.0,0.0,3.089156
14566,SPATA25,-134.22786,-3.0884836,0.0,0.0,3.0884836
314,ADGRB3,128.78459,3.087094,0.0,0.0,3.087094
588,CGAS,122.941925,3.0844243,0.0,0.0,3.0844243
3011,KLHL6,85.70304,3.0835414,0.0,0.0,3.0835414
76,CASP10,136.44875,3.0806491,0.0,0.0,3.0806491
934,ANO1,116.30118,3.0771315,0.0,0.0,3.0771315
8275,ARSJ,7.3543186,3.076377,1.919037728121885e-13,2.0384793400498264e-13,3.076377
2947,NOVA2,86.76265,3.0761228,0.0,0.0,3.0761228
761,CCDC3,119.48716,3.073629,0.0,0.0,3.073629
1635,MMP17,104.8722,3.0734246,0.0,0.0,3.0734246
3791,EDN1,75.25151,3.0723822,0.0,0.0,3.0723822
2313,TMEM132B,94.80341,3.071806,0.0,0.0,3.071806
238,RHEBL1,130.88252,3.070288,0.0,0.0,3.070288
4509,CHI3L1,64.74299,3.070184,0.0,0.0,3.070184
5676,GNG11,48.122356,3.069755,0.0,0.0,3.069755
1391,KCNIP1,108.755325,3.0697381,0.0,0.0,3.0697381
2728,GALP,89.426636,3.0675635,0.0,0.0,3.0675635
162,MALL,133.11584,3.0639348,0.0,0.0,3.0639348
1749,LINC00348,103.25473,3.0622268,0.0,0.0,3.0622268
9314,MFAP5,-10.282708,3.061336,8.432387414188363e-25,9.178096120639045e-25,3.061336
14538,LINC00158,-133.35101,-3.0610473,0.0,0.0,3.0610473
1064,P2RY6,114.12187,3.0601125,0.0,0.0,3.0601125
12147,USH1C,-66.05186,-3.059439,0.0,0.0,3.059439
14142,SLC27A6,-119.56493,-3.054361,0.0,0.0,3.054361
14658,RYR2,-137.01552,-3.052265,0.0,0.0,3.052265
14623,MYL7,-135.89778,-3.051096,0.0,0.0,3.051096
2292,OLFM3,95.14742,3.0505643,0.0,0.0,3.0505643
212,BOC,131.52835,3.050329,0.0,0.0,3.050329
1680,NKAIN3,104.330986,3.046689,0.0,0.0,3.046689
1590,CFAP65,105.63635,3.0447662,0.0,0.0,3.0447662
3518,CCK,79.12793,3.0410917,0.0,0.0,3.0410917
17,CORO2A,139.38806,3.0394523,0.0,0.0,3.0394523
14681,TGM2,-137.8245,-3.0388281,0.0,0.0,3.0388281
263,LAYN,130.24141,3.037905,0.0,0.0,3.037905
14781,USP2,-141.08234,-3.037767,0.0,0.0,3.037767
527,VIT,124.34718,3.0362496,0.0,0.0,3.0362496
2104,APBB1IP,97.62467,3.036142,0.0,0.0,3.036142
14562,LCN12,-134.1856,-3.0360336,0.0,0.0,3.0360336
856,LEMD1,117.78949,3.0317695,0.0,0.0,3.0317695
1158,PLCH1,112.53685,3.0317001,0.0,0.0,3.0317001
3007,FSTL4,85.72752,3.0311697,0.0,0.0,3.0311697
7451,GBP2,21.144178,3.0298266,3.1218438464811502e-99,3.755074297417838e-99,3.0298266
798,FOSL1,118.81818,3.0297081,0.0,0.0,3.0297081
120,OLFML2B,134.43877,3.027875,0.0,0.0,3.027875
14427,ACTC1,-129.5797,-3.02645,0.0,0.0,3.02645
1436,LIPG,108.115425,3.025537,0.0,0.0,3.025537
762,ABCA4,119.47595,3.0239103,0.0,0.0,3.0239103
1327,CACNG7,109.86346,3.023366,0.0,0.0,3.023366
6404,SERPINE1,37.046257,3.0212872,2.0631268841992587e-300,2.940724153729861e-300,3.0212872
14437,ACOT11,-130.17924,-3.0157287,0.0,0.0,3.0157287
2217,LRP2,96.08718,3.0155456,0.0,0.0,3.0155456
14503,G0S2,-132.24464,-3.0148277,0.0,0.0,3.0148277
4711,SPOCK3,61.811516,3.0110936,0.0,0.0,3.0110936
265,HS3ST1,130.20079,3.0105298,0.0,0.0,3.0105298
14457,AGT,-130.64027,-3.010243,0.0,0.0,3.010243
1340,FOXC2,109.60561,3.0096955,0.0,0.0,3.0096955
432,F2RL1,126.37337,3.0084612,0.0,0.0,3.0084612
516,CPNE8,124.59184,3.0078633,0.0,0.0,3.0078633
13517,ADAMTSL1,-101.57454,-3.0074303,0.0,0.0,3.0074303
556,EHD2,123.76369,3.0064895,0.0,0.0,3.0064895
1906,GABBR2,100.852455,3.0027158,0.0,0.0,3.0027158
344,NMI,128.15884,3.0019257,0.0,0.0,3.0019257
1407,MXRA5,108.556984,3.0015411,0.0,0.0,3.0015411
288,IGLON5,129.50046,3.0010328,0.0,0.0,3.0010328
827,HOXB13,118.32053,2.9941278,0.0,0.0,2.9941278
1477,TRAC,107.417145,2.9934654,0.0,0.0,2.9934654
14371,C10orf71,-127.72052,-2.9924357,0.0,0.0,2.9924357
1519,DPP4,106.499565,2.991456,0.0,0.0,2.991456
12202,ARMS2,-67.10408,-2.989829,0.0,0.0,2.989829
3064,HCLS1,84.94985,2.9846396,0.0,0.0,2.9846396
14610,SUSD4,-135.50945,-2.984251,0.0,0.0,2.984251
858,PLA2G4A,117.7619,2.9828346,0.0,0.0,2.9828346
14713,CACNB2,-138.81644,-2.9825141,0.0,0.0,2.9825141
1208,CBLC,111.65844,2.9779177,0.0,0.0,2.9779177
1052,GALNT14,114.255035,2.9763205,0.0,0.0,2.9763205
1156,KLK10,112.549065,2.975965,0.0,0.0,2.975965
279,FAM89A,129.74792,2.974915,0.0,0.0,2.974915
14711,WNK2,-138.74214,-2.9746735,0.0,0.0,2.9746735
713,SYT6,120.47945,2.9735649,0.0,0.0,2.9735649
2410,KRTCAP3,93.41225,2.9709332,0.0,0.0,2.9709332
14449,LINC01488,-130.43967,-2.9707954,0.0,0.0,2.9707954
1200,FILIP1L,111.80775,2.9704351,0.0,0.0,2.9704351
235,SOCS1,130.98894,2.9688094,0.0,0.0,2.9688094
1060,LRRN2,114.18887,2.9664028,0.0,0.0,2.9664028
3891,CHRNB4,73.69969,2.9663486,0.0,0.0,2.9663486
2956,LONRF3,86.62462,2.9662755,0.0,0.0,2.9662755
1772,FBLN5,102.973206,2.9650896,0.0,0.0,2.9650896
14641,LINC02248,-136.32173,-2.9644186,0.0,0.0,2.9644186
264,FUT1,130.21747,2.9628646,0.0,0.0,2.9628646
14749,FHOD3,-139.84048,-2.9619834,0.0,0.0,2.9619834
12979,NINJ2,-85.71531,-2.9619696,0.0,0.0,2.9619696
5572,ENTPD1,49.59947,2.9608848,0.0,0.0,2.9608848
3394,MAPK11,80.91937,2.9588964,0.0,0.0,2.9588964
14683,SLC16A7,-137.87662,-2.9557242,0.0,0.0,2.9557242
14462,RTN4RL1,-130.79097,-2.955391,0.0,0.0,2.955391
14489,FAM241A,-131.62637,-2.9519758,0.0,0.0,2.9519758
275,BMP4,129.87605,2.9441192,0.0,0.0,2.9441192
3196,ALX4,83.29352,2.9433508,0.0,0.0,2.9433508
14553,KCNH7,-133.91145,-2.9416876,0.0,0.0,2.9416876
824,LHCGR,118.35693,2.9406147,0.0,0.0,2.9406147
1835,HEYL,102.02465,2.9382458,0.0,0.0,2.9382458
921,ASB9,116.59789,2.9380748,0.0,0.0,2.9380748
14698,MAEL,-138.463,-2.9370527,0.0,0.0,2.9370527
14454,L3MBTL4,-130.52948,-2.935576,0.0,0.0,2.935576
412,HMCN2,127.01124,2.93532,0.0,0.0,2.93532
12,EPB41L2,139.77702,2.9348257,0.0,0.0,2.9348257
349,FBN3,128.10487,2.934542,0.0,0.0,2.934542
3185,GAP43,83.44059,2.9338183,0.0,0.0,2.9338183
2339,BST1,94.368286,2.9321916,0.0,0.0,2.9321916
14752,ITGA7,-139.8716,-2.9320517,0.0,0.0,2.9320517
14505,LINC02395,-132.27647,-2.9304676,0.0,0.0,2.9304676
219,CAPG,131.41037,2.9300954,0.0,0.0,2.9300954
529,TRIM34,124.33838,2.9297807,0.0,0.0,2.9297807
1206,AGBL4,111.6693,2.9275644,0.0,0.0,2.9275644
1278,MYO7A,110.492645,2.9275427,0.0,0.0,2.9275427
3601,RGS7BP,78.07023,2.9266496,0.0,0.0,2.9266496
14678,CASZ1,-137.53038,-2.9201872,0.0,0.0,2.9201872
14210,CACNA1G-AS1,-121.86244,-2.9188976,0.0,0.0,2.9188976
382,KIT,127.48524,2.9188075,0.0,0.0,2.9188075
14591,SYNE1-AS1,-134.89743,-2.917332,0.0,0.0,2.917332
9419,MT1G,-12.055578,-2.9164958,1.812560930625428e-33,2.003584345390603e-33,2.9164958
3674,PKD1L1,77.19239,2.9155672,0.0,0.0,2.9155672
4657,ART5,62.649235,2.9147925,0.0,0.0,2.9147925
68,EVA1B,136.56137,2.9147117,0.0,0.0,2.9147117
394,ZNF730,127.26802,2.913991,0.0,0.0,2.913991
791,GPC3,118.92058,2.913192,0.0,0.0,2.913192
13974,SLC2A2,-114.45081,-2.9128697,0.0,0.0,2.9128697
1626,RIPOR3,104.98278,2.9112003,0.0,0.0,2.9112003
1763,TBXA2R,103.10212,2.91001,0.0,0.0,2.91001
2295,CEMIP,95.10835,2.9091563,0.0,0.0,2.9091563
947,TMEM171,115.96584,2.9090996,0.0,0.0,2.9090996
14453,NR0B2,-130.51077,-2.9071577,0.0,0.0,2.9071577
1440,TTC29,108.07589,2.9068575,0.0,0.0,2.9068575
5618,PCDH19,48.948288,2.9064643,0.0,0.0,2.9064643
14529,XIRP1,-133.11794,-2.9064474,0.0,0.0,2.9064474
274,ADGRB1,129.88596,2.9045625,0.0,0.0,2.9045625
14000,ZNF30-AS1,-115.34302,-2.9034047,0.0,0.0,2.9034047
10388,OIT3,-29.327497,2.9019883,4.6277731524104094e-189,6.0417696851583436e-189,2.9019883
7833,LZTS1,15.13591,2.8998306,9.387261163562286e-52,1.0659403592128646e-51,2.8998306
14285,PDGFD,-124.78306,-2.8986368,0.0,0.0,2.8986368
998,ZDHHC19,115.27755,2.898466,0.0,0.0,2.898466
4643,AQP3,62.920345,2.8979297,0.0,0.0,2.8979297
1464,GABRA2,107.66831,2.8966155,0.0,0.0,2.8966155
14621,SGCA,-135.87494,-2.8931725,0.0,0.0,2.8931725
618,BATF2,122.54413,2.8919885,0.0,0.0,2.8919885
2754,SPATA16,88.95102,2.8906524,0.0,0.0,2.8906524
603,ADM2,122.76242,2.8893125,0.0,0.0,2.8893125
12214,HSPA6,-67.326805,-2.8890874,0.0,0.0,2.8890874
6204,SP100,40.118343,2.8872087,0.0,0.0,2.8872087
2156,LGALS2,96.99012,2.8871367,0.0,0.0,2.8871367
491,AQP4,125.15775,2.8860154,0.0,0.0,2.8860154
1272,PCSK9,110.59445,2.8857014,0.0,0.0,2.8857014
570,NBAT1,123.288315,2.8853087,0.0,0.0,2.8853087
14159,CPNE5,-120.27641,-2.8844833,0.0,0.0,2.8844833
2529,CLIC6,91.84671,2.8834178,0.0,0.0,2.8834178
939,TYROBP,116.16747,2.8832462,0.0,0.0,2.8832462
691,PTPRT,120.92566,2.8825002,0.0,0.0,2.8825002
14723,TMOD1,-139.08844,-2.879822,0.0,0.0,2.879822
3132,RSPO2,84.16388,2.8761334,0.0,0.0,2.8761334
448,GLI1,126.11881,2.8753884,0.0,0.0,2.8753884
414,NTM,126.91076,2.8732665,0.0,0.0,2.8732665
6076,MEOX1,42.046883,2.872409,0.0,0.0,2.872409
1244,FBLN7,111.1141,2.8709037,0.0,0.0,2.8709037
347,CRYBG2,128.11975,2.86938,0.0,0.0,2.86938
2539,COL1A1,91.675064,2.868484,0.0,0.0,2.868484
3355,COL8A2,81.431725,2.8676353,0.0,0.0,2.8676353
3254,PTX3,82.582504,2.867183,0.0,0.0,2.867183
1521,FOXA3,106.484024,2.8657079,0.0,0.0,2.8657079
1066,S100A10,114.09828,2.865575,0.0,0.0,2.865575
672,SLCO1C1,121.40301,2.8643415,0.0,0.0,2.8643415
7683,IL16,17.379889,2.8634477,1.171808344796551e-67,1.3601854552459612e-67,2.8634477
1503,LFNG,106.813675,2.8612294,0.0,0.0,2.8612294
13932,PTGER3,-113.456696,-2.8594959,0.0,0.0,2.8594959
1317,CRABP1,110.00701,2.8590634,0.0,0.0,2.8590634
1605,NR2F1,105.42118,2.84759,0.0,0.0,2.84759
5900,ALOX15,44.7186,2.8475006,0.0,0.0,2.8475006
14095,TMEM176B,-118.30776,-2.845936,0.0,0.0,2.845936
685,LINC02550,121.11088,2.844349,0.0,0.0,2.844349
500,LINC01426,124.84793,2.8415124,0.0,0.0,2.8415124
727,NYAP2,120.14121,2.8400805,0.0,0.0,2.8400805
14606,CTNNA3,-135.30856,-2.8394442,0.0,0.0,2.8394442
1058,RCN3,114.19265,2.8341844,0.0,0.0,2.8341844
14779,WNT5B,-141.01147,-2.8326006,0.0,0.0,2.8326006
14018,UNC5B-AS1,-115.79377,-2.8312573,0.0,0.0,2.8312573
1297,SLC1A6,110.243744,2.8281434,0.0,0.0,2.8281434
2515,CDH6,91.9726,2.8280723,0.0,0.0,2.8280723
586,NTRK1,122.98051,2.8272927,0.0,0.0,2.8272927
3089,GPBAR1,84.66667,2.8272545,0.0,0.0,2.8272545
1447,BST2,107.953354,2.8264108,0.0,0.0,2.8264108
14308,GLRB,-125.74739,-2.8248167,0.0,0.0,2.8248167
353,MMP2,128.0592,2.8243003,0.0,0.0,2.8243003
14219,SEMA3B-AS1,-122.17209,-2.823598,0.0,0.0,2.823598
14443,RIMKLA,-130.30986,-2.8214717,0.0,0.0,2.8214717
14513,ENO3,-132.6646,-2.8206031,0.0,0.0,2.8206031
4983,IGF1,58.331112,2.8205411,0.0,0.0,2.8205411
3510,LINC01900,79.256805,2.8188858,0.0,0.0,2.8188858
1055,CYP1B1-AS1,114.226944,2.8188736,0.0,0.0,2.8188736
2894,N4BP2L1,87.43248,2.8186991,0.0,0.0,2.8186991
3028,PLA2G2A,85.48811,2.8179896,0.0,0.0,2.8179896
855,MATN4,117.80198,2.816587,0.0,0.0,2.816587
583,ADAMTS16,123.02989,2.8159664,0.0,0.0,2.8159664
796,ALPL,118.87222,2.8159025,0.0,0.0,2.8159025
13006,HSD11B1-AS1,-86.367134,-2.8135934,0.0,0.0,2.8135934
14634,ADGRB2,-136.06743,-2.8126903,0.0,0.0,2.8126903
10694,SULT1E1,-34.713448,2.810205,4.938287922882495e-264,6.839722467712951e-264,2.810205
14720,LIMS2,-139.05817,-2.8077648,0.0,0.0,2.8077648
13797,ARTN,-109.518745,-2.807711,0.0,0.0,2.807711
38,SLC16A9,138.35828,2.805003,0.0,0.0,2.805003
668,CHRM3-AS2,121.44643,2.80451,0.0,0.0,2.80451
7221,NUPR1,24.500721,2.8044338,1.4512453663102382e-132,1.8029334920210375e-132,2.8044338
1732,HPR,103.57459,2.8019416,0.0,0.0,2.8019416
1865,SOX9,101.51765,2.801469,0.0,0.0,2.801469
1559,HAS2,106.04624,2.8014457,0.0,0.0,2.8014457
537,GFRA3,124.14333,2.799874,0.0,0.0,2.799874
14490,XIRP2,-131.63075,-2.7995846,0.0,0.0,2.7995846
605,PLA2G7,122.72655,2.799315,0.0,0.0,2.799315
2135,SLC13A5,97.27167,2.798704,0.0,0.0,2.798704
14372,ACOT2,-127.72584,-2.7984617,0.0,0.0,2.7984617
7937,BCL2A1,13.26341,2.7966962,3.773414414278322e-40,4.216977558447879e-40,2.7966962
14622,LMO7,-135.87941,-2.795887,0.0,0.0,2.795887
444,RET,126.1812,2.7955077,0.0,0.0,2.7955077
426,LINC00632,126.53136,2.7937336,0.0,0.0,2.7937336
31,FAM107B,138.74615,2.793152,0.0,0.0,2.793152
417,RBP4,126.870674,2.789936,0.0,0.0,2.789936
101,RAC2,135.18462,2.78949,0.0,0.0,2.78949
2036,SLC7A14,98.84175,2.7860892,0.0,0.0,2.7860892
14089,PODN,-118.08618,-2.7849388,0.0,0.0,2.7849388
5079,SLCO2B1,56.745243,2.7834814,0.0,0.0,2.7834814
628,ZNF804A,122.229675,2.7811267,0.0,0.0,2.7811267
799,ITGB7,118.8138,2.7810042,0.0,0.0,2.7810042
1819,CBLN2,102.21475,2.777173,0.0,0.0,2.777173
874,THBS2,117.51628,2.7771063,0.0,0.0,2.7771063
1989,MCHR1,99.61769,2.777006,0.0,0.0,2.777006
2072,BRINP1,98.245544,2.7765918,0.0,0.0,2.7765918
701,RASSF6,120.701996,2.7764509,0.0,0.0,2.7764509
1636,NRG2,104.845314,2.775476,0.0,0.0,2.775476
2220,SIGLEC15,96.02767,2.7747087,0.0,0.0,2.7747087
2450,RGS16,92.86021,2.7727392,0.0,0.0,2.7727392
1486,TNC,107.294495,2.7724488,0.0,0.0,2.7724488
2839,FLT4,87.86376,2.7722034,0.0,0.0,2.7722034
14269,C8G,-123.85304,-2.7714717,0.0,0.0,2.7714717
14474,TP53TG5,-131.10213,-2.7687213,0.0,0.0,2.7687213
355,PPARG,127.957756,2.7681212,0.0,0.0,2.7681212
4219,ARHGDIB,68.68178,2.7673492,0.0,0.0,2.7673492
375,MBP,127.620445,2.7661457,0.0,0.0,2.7661457
675,GUCY2C,121.30831,2.7656884,0.0,0.0,2.7656884
522,PCDH17,124.45645,2.7630906,0.0,0.0,2.7630906
14284,EMC10,-124.767784,-2.761515,0.0,0.0,2.761515
208,FLRT3,131.63487,2.757892,0.0,0.0,2.757892
687,MCTP2,121.00996,2.7562213,0.0,0.0,2.7562213
332,LINC01152,128.47307,2.755237,0.0,0.0,2.755237
14708,SNTA1,-138.72102,-2.754758,0.0,0.0,2.754758
2299,DKK1,95.08163,2.7545223,0.0,0.0,2.7545223
838,OSR2,118.07375,2.7521305,0.0,0.0,2.7521305
14644,ACACB,-136.40259,-2.7488582,0.0,0.0,2.7488582
16,P3H3,139.54755,2.74862,0.0,0.0,2.74862
14630,ZNF710-AS1,-136.04134,-2.7482057,0.0,0.0,2.7482057
13961,LINC01411,-114.0935,-2.7480292,0.0,0.0,2.7480292
2204,SMIM24,96.24451,2.7466922,0.0,0.0,2.7466922
166,CLCF1,132.98805,2.7459443,0.0,0.0,2.7459443
811,ADRA2C,118.516335,2.7429543,0.0,0.0,2.7429543
2711,ITGA1,89.59636,2.7401018,0.0,0.0,2.7401018
4636,ECM1,62.967434,2.7389503,0.0,0.0,2.7389503
1465,STARD8,107.649635,2.7380338,0.0,0.0,2.7380338
2601,ANKFN1,90.87564,2.7376623,0.0,0.0,2.7376623
9165,ITLN1,-7.6657534,2.7360175,1.7778482248481687e-14,1.8943363045278533e-14,2.7360175
14498,ANK1,-131.9614,-2.7338881,0.0,0.0,2.7338881
2459,CA2,92.64813,2.7335973,0.0,0.0,2.7335973
5507,INHBE,50.61131,2.729435,0.0,0.0,2.729435
3653,PRKCB,77.39662,2.7281818,0.0,0.0,2.7281818
2099,PDE3A,97.79139,2.72732,0.0,0.0,2.72732
390,SPAG17,127.32582,2.7258055,0.0,0.0,2.7258055
1006,GABRG3,115.144844,2.722902,0.0,0.0,2.722902
270,TMEM37,130.00073,2.7225547,0.0,0.0,2.7225547
12635,WNT2,-76.782524,-2.7218342,0.0,0.0,2.7218342
2046,NRG1,98.68221,2.7213032,0.0,0.0,2.7213032
154,SCARA3,133.41621,2.72017,0.0,0.0,2.72017
14373,MIR133A1HG,-127.79295,-2.719759,0.0,0.0,2.719759
4065,DHH,70.90683,2.7197511,0.0,0.0,2.7197511
2816,SLC19A3,88.198654,2.7195892,0.0,0.0,2.7195892
3980,SH3TC1,72.38707,2.7171555,0.0,0.0,2.7171555
202,FMNL3,131.89995,2.7168996,0.0,0.0,2.7168996
13803,SLC28A3,-109.63647,-2.7164552,0.0,0.0,2.7164552
14369,PPP1R12B,-127.709206,-2.7162375,0.0,0.0,2.7162375
13819,CD36,-110.16361,-2.7136407,0.0,0.0,2.7136407
14619,ASB16,-135.70834,-2.7129269,0.0,0.0,2.7129269
14609,TNNI1,-135.50894,-2.712207,0.0,0.0,2.712207
1092,COLEC11,113.61039,2.7117715,0.0,0.0,2.7117715
3199,MAB21L2,83.24401,2.7114058,0.0,0.0,2.7114058
660,MOV10L1,121.551636,2.7113235,0.0,0.0,2.7113235
14385,UNC45B,-128.11014,-2.7096844,0.0,0.0,2.7096844
1229,CPNE9,111.34112,2.7094786,0.0,0.0,2.7094786
14574,GPD1,-134.43913,-2.7093368,0.0,0.0,2.7093368
849,KCNK6,117.88755,2.7089255,0.0,0.0,2.7089255
599,ABCG2,122.780396,2.7045107,0.0,0.0,2.7045107
659,LRRTM4,121.58427,2.7042847,0.0,0.0,2.7042847
4009,CELF3,71.984116,2.7019072,0.0,0.0,2.7019072
3779,ADGRG1,75.51036,2.6979547,0.0,0.0,2.6979547
4319,TEX26,67.201515,2.6975853,0.0,0.0,2.6975853
14241,MROH7,-122.75799,-2.6955888,0.0,0.0,2.6955888
278,SLCO4A1,129.83984,2.695505,0.0,0.0,2.695505
14551,ADRB2,-133.86128,-2.6949813,0.0,0.0,2.6949813
14352,HRC,-127.18284,-2.6939278,0.0,0.0,2.6939278
14280,MAB21L3,-124.68703,-2.691312,0.0,0.0,2.691312
13516,FGF12,-101.56229,-2.6869068,0.0,0.0,2.6869068
7435,GBP5,21.274876,2.6856925,1.9403028156398034e-100,2.338232799118707e-100,2.6856925
3123,EGR3,84.206726,2.6835384,0.0,0.0,2.6835384
711,SLC15A3,120.482666,2.6826024,0.0,0.0,2.6826024
13760,PCDHGA4,-108.36975,-2.6824362,0.0,0.0,2.6824362
877,ARAP3,117.497284,2.6813345,0.0,0.0,2.6813345
33,SERPING1,138.66292,2.6763163,0.0,0.0,2.6763163
358,GSTO2,127.88507,2.6736271,0.0,0.0,2.6736271
723,ZBTB20-AS5,120.235695,2.6729066,0.0,0.0,2.6729066
497,GLIPR2,124.95051,2.6713295,0.0,0.0,2.6713295
551,LINC00607,123.881004,2.6705441,0.0,0.0,2.6705441
316,MYO3B,128.7236,2.6697662,0.0,0.0,2.6697662
1116,CCDC194,113.25161,2.6695604,0.0,0.0,2.6695604
890,GALNT6,117.20266,2.6652305,0.0,0.0,2.6652305
14595,FNDC9,-134.91284,-2.6651046,0.0,0.0,2.6651046
14461,NAV1,-130.77861,-2.6650352,0.0,0.0,2.6650352
1255,EBF3,110.84825,2.6637578,0.0,0.0,2.6637578
13635,SORCS1,-104.54018,-2.6634715,0.0,0.0,2.6634715
48,MYO10,137.93471,2.6612723,0.0,0.0,2.6612723
5047,GIPC3,57.170918,2.6606474,0.0,0.0,2.6606474
2222,CD70,96.00599,2.6596947,0.0,0.0,2.6596947
896,MEST,117.080345,2.6595738,0.0,0.0,2.6595738
13879,FCMR,-112.113106,-2.6592479,0.0,0.0,2.6592479
1030,NOX4,114.661934,2.6570215,0.0,0.0,2.6570215
4950,ARHGAP22,58.721386,2.656833,0.0,0.0,2.656833
555,PLPP2,123.78307,2.6536717,0.0,0.0,2.6536717
625,AK5,122.27161,2.6528285,0.0,0.0,2.6528285
2829,GLT1D1,88.06723,2.649613,0.0,0.0,2.649613
783,ISM1,119.07162,2.64936,0.0,0.0,2.64936
686,CDH1,121.05215,2.648898,0.0,0.0,2.648898
14507,OSBP2,-132.30688,-2.647097,0.0,0.0,2.647097
282,RNF152,129.6691,2.64697,0.0,0.0,2.64697
3697,LCP1,76.905304,2.646865,0.0,0.0,2.646865
14024,NEBL-AS1,-115.86957,-2.6449745,0.0,0.0,2.6449745
335,KCTD14,128.44472,2.6445975,0.0,0.0,2.6445975
14476,SLC8A1,-131.20908,-2.6439726,0.0,0.0,2.6439726
2743,ITGB8,89.14243,2.6421254,0.0,0.0,2.6421254
10712,CASP4,-35.107788,2.6417642,5.127279622081639e-270,7.130115712620046e-270,2.6417642
1760,GRM2,103.141335,2.641545,0.0,0.0,2.641545
1438,DNAH17,108.11098,2.6393278,0.0,0.0,2.6393278
2008,CERKL,99.32615,2.6387718,0.0,0.0,2.6387718
3082,NTRK2,84.7175,2.637452,0.0,0.0,2.637452
14452,LINC01762,-130.50021,-2.633991,0.0,0.0,2.633991
13477,LINGO1-AS1,-100.74316,-2.6309595,0.0,0.0,2.6309595
1071,LAMP5,114.022804,2.630735,0.0,0.0,2.630735
1111,CLDN10,113.3415,2.6295822,0.0,0.0,2.6295822
395,MCUB,127.248024,2.6283672,0.0,0.0,2.6283672
807,CDC42EP1,118.56405,2.6281414,0.0,0.0,2.6281414
2608,SLC7A7,90.84007,2.6279535,0.0,0.0,2.6279535
1576,SHFL,105.84847,2.6279378,0.0,0.0,2.6279378
14410,CES4A,-129.0671,-2.6274712,0.0,0.0,2.6274712
549,LRIG3,123.915405,2.6271868,0.0,0.0,2.6271868
567,FGD3,123.30672,2.6242058,0.0,0.0,2.6242058
14643,B4GALNT3,-136.33931,-2.6235285,0.0,0.0,2.6235285
2057,PRLR,98.50926,2.6225908,0.0,0.0,2.6225908
82,CYP2S1,136.134,2.6220946,0.0,0.0,2.6220946
14416,NKX2-5,-129.14975,-2.6203477,0.0,0.0,2.6203477
182,CPA2,132.5542,2.6200888,0.0,0.0,2.6200888
1711,NTNG1,103.89801,2.616952,0.0,0.0,2.616952
14070,GRID1,-117.618195,-2.615842,0.0,0.0,2.615842
680,LINC02525,121.23777,2.6125402,0.0,0.0,2.6125402
557,APOL1,123.75787,2.6117308,0.0,0.0,2.6117308
14251,MTUS2-AS1,-123.02154,-2.611502,0.0,0.0,2.611502
707,SPINK2,120.55587,2.6107824,0.0,0.0,2.6107824
14144,CAPN14,-119.6336,-2.6106339,0.0,0.0,2.6106339
810,LSAMP,118.54101,2.6071837,0.0,0.0,2.6071837
508,BTBD19,124.724884,2.6055388,0.0,0.0,2.6055388
293,CCDC88C,129.39763,2.6034691,0.0,0.0,2.6034691
1933,SYNDIG1L,100.34648,2.6022012,0.0,0.0,2.6022012
13300,MGLL,-95.33786,-2.597436,0.0,0.0,2.597436
14571,RASGRP2,-134.39734,-2.5964613,0.0,0.0,2.5964613
14246,CACNA1G,-122.909325,-2.5963163,0.0,0.0,2.5963163
14177,FOCAD-AS1,-120.96717,-2.5926666,0.0,0.0,2.5926666
5387,CRISPLD2,52.525494,2.5914137,0.0,0.0,2.5914137
357,MAL2,127.9444,2.5911217,0.0,0.0,2.5911217
14665,ABCA3,-137.12468,-2.5896602,0.0,0.0,2.5896602
151,CYB5R2,133.52147,2.5888186,0.0,0.0,2.5888186
14666,DKK3,-137.12921,-2.587945,0.0,0.0,2.587945
502,SP140L,124.817986,2.587779,0.0,0.0,2.587779
14202,TMEM40,-121.689255,-2.5868995,0.0,0.0,2.5868995
14602,NEURL2,-135.22374,-2.5857365,0.0,0.0,2.5857365
158,BIN1,133.32608,2.5827415,0.0,0.0,2.5827415
553,SLC22A3,123.848,2.5809393,0.0,0.0,2.5809393
363,SEZ6L2,127.768326,2.5799081,0.0,0.0,2.5799081
1137,HTR2C,112.81622,2.579882,0.0,0.0,2.579882
724,CDKL1,120.23068,2.5777838,0.0,0.0,2.5777838
14190,CCDC60,-121.37408,-2.5775862,0.0,0.0,2.5775862
14497,LRRC49,-131.95941,-2.5764217,0.0,0.0,2.5764217
2090,HRH1,97.95919,2.5749223,0.0,0.0,2.5749223
2353,DYDC2,94.15866,2.569827,0.0,0.0,2.569827
999,CD9,115.26424,2.5693944,0.0,0.0,2.5693944
1550,ITIH5,106.189606,2.569219,0.0,0.0,2.569219
153,RGS10,133.4383,2.5677621,0.0,0.0,2.5677621
892,STK31,117.152145,2.5673265,0.0,0.0,2.5673265
2028,SALL4,98.966805,2.5669029,0.0,0.0,2.5669029
122,L3MBTL3,134.38193,2.5650194,0.0,0.0,2.5650194
2158,COCH,96.962,2.5637145,0.0,0.0,2.5637145
1359,SRARP,109.31683,2.5635245,0.0,0.0,2.5635245
13057,LINC02397,-87.82534,-2.560454,0.0,0.0,2.560454
14391,GPR39,-128.36067,-2.559943,0.0,0.0,2.559943
13296,LINC02716,-95.28255,-2.558765,0.0,0.0,2.558765
9509,GRAP,-13.455702,2.5581334,2.8501863266592427e-41,3.1909951997194253e-41,2.5581334
280,BCAR3,129.70552,2.557286,0.0,0.0,2.557286
640,MARCKS,121.995834,2.5566614,0.0,0.0,2.5566614
819,GJC3,118.43673,2.5563226,0.0,0.0,2.5563226
137,ACTB,133.85637,2.555763,0.0,0.0,2.555763
14705,TMEM144,-138.59283,-2.5553875,0.0,0.0,2.5553875
14724,RHOQ,-139.096,-2.5503385,0.0,0.0,2.5503385
170,LRRK1,132.88129,2.5496812,0.0,0.0,2.5496812
14475,DTNA,-131.14005,-2.549681,0.0,0.0,2.549681
2901,ULBP1,87.35734,2.5490646,0.0,0.0,2.5490646
2219,CABP4,96.03884,2.5484974,0.0,0.0,2.5484974
1862,RIMS2,101.59177,2.5465991,0.0,0.0,2.5465991
3692,TEX15,76.94425,2.546212,0.0,0.0,2.546212
1110,LINC02301,113.349434,2.5458546,0.0,0.0,2.5458546
3568,IFIT2,78.456,2.5453541,0.0,0.0,2.5453541
13685,VWC2,-106.06056,-2.5449488,0.0,0.0,2.5449488
2038,TSGA10IP,98.81152,2.5432312,0.0,0.0,2.5432312
2737,OLFML1,89.22897,2.542947,0.0,0.0,2.542947
14287,SYT7,-124.89787,-2.5429263,0.0,0.0,2.5429263
763,HHIP-AS1,119.438934,2.540638,0.0,0.0,2.540638
14707,TMEM200C,-138.66806,-2.5401683,0.0,0.0,2.5401683
611,MMP14,122.63798,2.5372932,0.0,0.0,2.5372932
3680,TBX4,77.06796,2.536837,0.0,0.0,2.536837
3377,DANT1,81.170235,2.535451,0.0,0.0,2.535451
1775,GDF3,102.96268,2.5348995,0.0,0.0,2.5348995
2587,POMC,91.06587,2.534306,0.0,0.0,2.534306
13645,MGAT4C,-104.83525,-2.5336928,0.0,0.0,2.5336928
14467,MYH2,-130.98586,-2.5335922,0.0,0.0,2.5335922
14363,PPARGC1A,-127.56923,-2.5321205,0.0,0.0,2.5321205
1913,IGSF21,100.73664,2.53211,0.0,0.0,2.53211
1382,SEMA3E,108.88486,2.5309079,0.0,0.0,2.5309079
5371,KCTD16,52.772312,2.528776,0.0,0.0,2.528776
585,MYO3A,123.009575,2.5283787,0.0,0.0,2.5283787
14320,MLIP-AS1,-126.16457,-2.5251117,0.0,0.0,2.5251117
14004,CAPN3,-115.51008,-2.524695,0.0,0.0,2.524695
3305,GRIA4,81.9838,2.5240605,0.0,0.0,2.5240605
3578,BTNL9,78.31868,2.5228355,0.0,0.0,2.5228355
797,KLF5,118.84192,2.5217226,0.0,0.0,2.5217226
14734,SIRPA,-139.43309,-2.518019,0.0,0.0,2.518019
1518,TRPV2,106.512474,2.517961,0.0,0.0,2.517961
1135,LIPA,112.85626,2.5157247,0.0,0.0,2.5157247
13868,LINC02201,-111.74114,-2.513781,0.0,0.0,2.513781
1619,PODXL,105.13833,2.511154,0.0,0.0,2.511154
3110,MIR302CHG,84.463005,2.5107121,0.0,0.0,2.5107121
845,CCDC178,117.93986,2.5095565,0.0,0.0,2.5095565
977,GNA14,115.575066,2.5094526,0.0,0.0,2.5094526
1962,KCNJ2,100.000374,2.5094523,0.0,0.0,2.5094523
1815,CD244,102.33236,2.5091877,0.0,0.0,2.5091877
745,NUAK2,119.79711,2.5077052,0.0,0.0,2.5077052
3625,DSC3,77.80309,2.5068917,0.0,0.0,2.5068917
43,ARL4D,138.06354,2.5063224,0.0,0.0,2.5063224
5161,RUNX1,55.791122,2.505759,0.0,0.0,2.505759
4005,CXCR4,72.00499,2.505514,0.0,0.0,2.505514
735,PTCH1,120.00455,2.5046055,0.0,0.0,2.5046055
14328,SLC6A4,-126.38146,-2.5022821,0.0,0.0,2.5022821
173,KCNK1,132.78474,2.5016415,0.0,0.0,2.5016415
119,PRR5L,134.51125,2.5016105,0.0,0.0,2.5016105
859,BAALC,117.74568,2.5014105,0.0,0.0,2.5014105
255,CHRM3,130.42912,2.5011718,0.0,0.0,2.5011718
14393,PARM1,-128.41219,-2.4996164,0.0,0.0,2.4996164
1731,TFAP2C,103.58323,2.4978576,0.0,0.0,2.4978576
4062,CA4,70.978485,2.4949477,0.0,0.0,2.4949477
281,BASP1-AS1,129.68353,2.4943178,0.0,0.0,2.4943178
752,TAFA3,119.6551,2.493975,0.0,0.0,2.493975
10664,HPGD,-34.11453,2.4934647,4.4919433297700585e-255,6.182257936508885e-255,2.4934647
163,VILL,133.05089,2.4916282,0.0,0.0,2.4916282
104,SRRM3,134.98993,2.4904275,0.0,0.0,2.4904275
8292,POU2F3,7.018811,2.4903324,2.2376393788844266e-12,2.3709673235861205e-12,2.4903324
1107,CD164L2,113.36982,2.48862,0.0,0.0,2.48862
14441,VXN,-130.26126,-2.487728,0.0,0.0,2.487728
2854,EPAS1,87.72984,2.4846492,0.0,0.0,2.4846492
14549,JPH2,-133.83873,-2.4814787,0.0,0.0,2.4814787
13886,TNNI3K,-112.43043,-2.48103,0.0,0.0,2.48103
4149,MOBP,69.53299,2.4805634,0.0,0.0,2.4805634
14596,RNF144B,-135.03203,-2.4799583,0.0,0.0,2.4799583
561,RARRES2,123.53043,2.479864,0.0,0.0,2.479864
14217,LINC01460,-122.103966,-2.4796088,0.0,0.0,2.4796088
518,NTN5,124.52615,2.4789424,0.0,0.0,2.4789424
196,CYP27C1,132.1193,2.4762785,0.0,0.0,2.4762785
14558,MITF,-134.03232,-2.4748912,0.0,0.0,2.4748912
6771,NFIA-AS2,31.594473,2.4741223,4.3972976882969144e-219,5.880111984052975e-219,2.4741223
1328,LINC02511,109.86049,2.4719336,0.0,0.0,2.4719336
597,JDP2,122.83366,2.4711955,0.0,0.0,2.4711955
116,CDH24,134.60953,2.4700506,0.0,0.0,2.4700506
851,CD7,117.874825,2.4691978,0.0,0.0,2.4691978
4463,SOX6,65.33304,2.466397,0.0,0.0,2.466397
1769,FLRT2,103.01204,2.4658437,0.0,0.0,2.4658437
435,PDIA5,126.34168,2.4651213,0.0,0.0,2.4651213
14702,ATP6V0E2-AS1,-138.55624,-2.463328,0.0,0.0,2.463328
480,LAMC2,125.28307,2.4631133,0.0,0.0,2.4631133
203,SHISAL2A,131.87825,2.4607608,0.0,0.0,2.4607608
14783,SLC22A23,-141.08821,-2.4555423,0.0,0.0,2.4555423
1323,ENDOD1,109.94086,2.453839,0.0,0.0,2.453839
871,DAW1,117.551384,2.4538162,0.0,0.0,2.4538162
4730,PRRX1,61.580894,2.4528162,0.0,0.0,2.4528162
13286,GAS6-AS1,-94.94729,-2.4527137,0.0,0.0,2.4527137
704,HPSE,120.668365,2.450844,0.0,0.0,2.450844
4096,ARHGEF28,70.52326,2.4497585,0.0,0.0,2.4497585
6692,PRDM1,32.84798,2.4482193,1.2171478114128223e-236,1.6501982988448274e-236,2.4482193
1957,KCNV1,100.07047,2.4480493,0.0,0.0,2.4480493
1570,NGF,105.91362,2.4452293,0.0,0.0,2.4452293
1421,PLA2R1,108.402306,2.4447412,0.0,0.0,2.4447412
894,SPARC,117.107056,2.4442074,0.0,0.0,2.4442074
803,CRIM1-DT,118.74274,2.444168,0.0,0.0,2.444168
5601,DAAM2,49.128456,2.4439893,0.0,0.0,2.4439893
747,CFAP45,119.741295,2.4427435,0.0,0.0,2.4427435
756,MYC,119.56797,2.442233,0.0,0.0,2.442233
13946,LINC00957,-113.74459,-2.4413772,0.0,0.0,2.4413772
14322,MAP6,-126.25622,-2.4408348,0.0,0.0,2.4408348
14471,GPD1L,-131.07709,-2.4407635,0.0,0.0,2.4407635
13422,ABRA,-99.14779,-2.4394348,0.0,0.0,2.4394348
657,GABRA5,121.62239,2.4376981,0.0,0.0,2.4376981
14458,HDAC9,-130.65785,-2.4352672,0.0,0.0,2.4352672
3331,ARHGAP18,81.65586,2.435105,0.0,0.0,2.435105
1736,SEPTIN4,103.50135,2.4348745,0.0,0.0,2.4348745
14263,NREP,-123.67388,-2.4343917,0.0,0.0,2.4343917
1363,TMEM154,109.191124,2.432436,0.0,0.0,2.432436
1970,HTR7,99.92536,2.4324281,0.0,0.0,2.4324281
4865,SLC18A2,59.705578,2.4290068,0.0,0.0,2.4290068
6289,HIC1,38.732044,2.4286351,0.0,0.0,2.4286351
10023,MESP1,-22.523336,2.4284816,2.4519208511456944e-112,2.9900047807385127e-112,2.4284816
4666,DNAH2,62.52044,2.4279847,0.0,0.0,2.4279847
12922,LINC02846,-84.40419,-2.4271548,0.0,0.0,2.4271548
2117,C7orf57,97.47858,2.4268665,0.0,0.0,2.4268665
224,LIMA1,131.26733,2.4249902,0.0,0.0,2.4249902
2534,GCNT4,91.70724,2.4239998,0.0,0.0,2.4239998
2288,ACP5,95.182144,2.421582,0.0,0.0,2.421582
1386,RIPPLY3,108.80741,2.4202676,0.0,0.0,2.4202676
5688,NTSR1,47.922844,2.4189944,0.0,0.0,2.4189944
141,IQGAP1,133.7072,2.4177585,0.0,0.0,2.4177585
1553,ANGPT2,106.1385,2.4176643,0.0,0.0,2.4176643
2201,WNT6,96.29129,2.4158087,0.0,0.0,2.4158087
941,INMT,116.15287,2.414915,0.0,0.0,2.414915
14031,GPR35,-116.22402,-2.4147975,0.0,0.0,2.4147975
3163,RUBCNL,83.73645,2.411649,0.0,0.0,2.411649
1490,CDH11,107.28923,2.4104629,0.0,0.0,2.4104629
1662,LINC01414,104.53382,2.4093397,0.0,0.0,2.4093397
3530,GRIK2,78.93946,2.4086637,0.0,0.0,2.4086637
285,RBM47,129.61343,2.408603,0.0,0.0,2.408603
13842,PCP2,-111.06201,-2.4078102,0.0,0.0,2.4078102
14375,STARD4,-127.86424,-2.4064612,0.0,0.0,2.4064612
407,HAPLN3,127.1008,2.4062316,0.0,0.0,2.4062316
2205,OSBPL10-AS1,96.23406,2.4053643,0.0,0.0,2.4053643
14656,PPARGC1B,-136.94492,-2.4043245,0.0,0.0,2.4043245
7627,SEPTIN4-AS1,18.183336,2.4039464,6.994577609038109e-74,8.178538356957128e-74,2.4039464
976,SLC43A3,115.58465,2.4032779,0.0,0.0,2.4032779
3367,FAM3D-AS1,81.32139,2.400668,0.0,0.0,2.400668
14675,PTGES3L,-137.3839,-2.3988838,0.0,0.0,2.3988838
532,PGF,124.21367,2.398462,0.0,0.0,2.398462
14233,LINC00538,-122.542915,-2.396433,0.0,0.0,2.396433
1880,AGMO,101.33021,2.3939025,0.0,0.0,2.3939025
142,PELI2,133.68184,2.3934815,0.0,0.0,2.3934815
773,COL11A1,119.30795,2.3906024,0.0,0.0,2.3906024
14709,CRIP2,-138.7296,-2.3893166,0.0,0.0,2.3893166
93,LIN28B,135.4535,2.3883374,0.0,0.0,2.3883374
857,KLHL29,117.78879,2.387414,0.0,0.0,2.387414
1379,DCX,108.95042,2.3849888,0.0,0.0,2.3849888
13641,ERICH5,-104.74425,-2.3848863,0.0,0.0,2.3848863
3809,VWA5B1,75.01616,2.382612,0.0,0.0,2.382612
1618,MINAR1,105.21651,2.3793464,0.0,0.0,2.3793464
201,ADA,131.92403,2.3787744,0.0,0.0,2.3787744
14706,ATP2A2,-138.66483,-2.376336,0.0,0.0,2.376336
13873,ALAS2,-112.00264,-2.3754094,0.0,0.0,2.3754094
14162,A2M,-120.39194,-2.3753173,0.0,0.0,2.3753173
800,PHGDH,118.80423,2.375223,0.0,0.0,2.375223
14401,PROB1,-128.75407,-2.375031,0.0,0.0,2.375031
1129,CSMD3,112.98069,2.3725212,0.0,0.0,2.3725212
87,CMTM7,135.70416,2.3721497,0.0,0.0,2.3721497
6841,ANXA1,30.554258,2.371487,4.96400997666989e-205,6.567460478500548e-205,2.371487
13918,ADRA2B,-113.12741,-2.3699791,0.0,0.0,2.3699791
14673,CAND2,-137.33263,-2.3690069,0.0,0.0,2.3690069
14655,CPEB3,-136.92564,-2.3689544,0.0,0.0,2.3689544
1301,ADIRF,110.1798,2.368746,0.0,0.0,2.368746
968,COL25A1,115.66527,2.366414,0.0,0.0,2.366414
768,ST6GALNAC5,119.33655,2.3664114,0.0,0.0,2.3664114
963,GRID2,115.74337,2.3662868,0.0,0.0,2.3662868
4086,GALNT15,70.64256,2.3647316,0.0,0.0,2.3647316
1506,KLK1,106.73611,2.3638265,0.0,0.0,2.3638265
495,EDNRB,124.993996,2.362722,0.0,0.0,2.362722
1096,CD6,113.58286,2.3601747,0.0,0.0,2.3601747
4635,SPARCL1,62.970314,2.3580122,0.0,0.0,2.3580122
441,CHST1,126.29643,2.3569973,0.0,0.0,2.3569973
7059,ASIP,27.167542,2.3566835,1.5713938086089e-162,2.0052780567439853e-162,2.3566835
13933,KCNIP2,-113.47151,-2.3560848,0.0,0.0,2.3560848
14473,GFAP,-131.10129,-2.355074,0.0,0.0,2.355074
632,LINC01767,122.19593,2.3540394,0.0,0.0,2.3540394
1785,CFAP47,102.843864,2.3534732,0.0,0.0,2.3534732
3618,PNOC,77.92845,2.3532214,0.0,0.0,2.3532214
596,ITGB3BP,122.83698,2.3529148,0.0,0.0,2.3529148
10797,TLL1,-36.595974,2.3515775,3.3146273639703717e-293,4.6956957144946585e-293,2.3515775
13825,TMEM71,-110.24771,-2.3514059,0.0,0.0,2.3514059
13066,MMP1,-88.05223,2.350619,0.0,0.0,2.350619
14321,IMPG1,-126.168,-2.3505526,0.0,0.0,2.3505526
299,CD200,129.19002,2.3501878,0.0,0.0,2.3501878
425,PLCE1,126.59844,2.3495817,0.0,0.0,2.3495817
676,ADAMTS20,121.29764,2.3482234,0.0,0.0,2.3482234
14585,OBSCN,-134.71341,-2.3467941,0.0,0.0,2.3467941
14384,KCNQ5,-128.08827,-2.346534,0.0,0.0,2.346534
14360,CCNB3,-127.46163,-2.3456252,0.0,0.0,2.3456252
1177,PRTG,112.24679,2.3451715,0.0,0.0,2.3451715
766,OTULINL,119.36928,2.3428445,0.0,0.0,2.3428445
14113,MTUS1,-118.84019,-2.3428237,0.0,0.0,2.3428237
13945,UGT2B4,-113.69687,-2.3397949,0.0,0.0,2.3397949
67,DZIP1,136.6192,2.3394325,0.0,0.0,2.3394325
484,SYCP2L,125.21203,2.3382666,0.0,0.0,2.3382666
370,NAV2-AS3,127.71279,2.3381338,0.0,0.0,2.3381338
14442,BMP7,-130.30743,-2.3373694,0.0,0.0,2.3373694
14679,CCDC69,-137.56929,-2.336227,0.0,0.0,2.336227
1600,BEGAIN,105.49885,2.335415,0.0,0.0,2.335415
14354,PPP1R3G,-127.21179,-2.3351965,0.0,0.0,2.3351965
96,SLC24A1,135.32356,2.3321373,0.0,0.0,2.3321373
1188,APCDD1L,112.08307,2.3316584,0.0,0.0,2.3316584
2628,SBSPON,90.51475,2.328275,0.0,0.0,2.328275
1531,DEPDC1B,106.392685,2.3279579,0.0,0.0,2.3279579
14493,PNCK,-131.76909,-2.3262784,0.0,0.0,2.3262784
1020,CCDC175,114.94116,2.32624,0.0,0.0,2.32624
14586,NIPSNAP3B,-134.77489,-2.326236,0.0,0.0,2.326236
330,PHETA2,128.52498,2.3244104,0.0,0.0,2.3244104
1383,LINC01836,108.87756,2.3208563,0.0,0.0,2.3208563
175,PMAIP1,132.66219,2.3193066,0.0,0.0,2.3193066
14351,TTC39A,-127.164505,-2.318899,0.0,0.0,2.318899
7729,ZNF469,16.678162,2.3185632,1.88947057515999e-62,2.1794010032818334e-62,2.3185632
246,AMOTL1,130.6772,2.318296,0.0,0.0,2.318296
662,CARD10,121.53511,2.31744,0.0,0.0,2.31744
722,IGDCC3,120.259186,2.317256,0.0,0.0,2.317256
620,LTBR,122.498116,2.3159578,0.0,0.0,2.3159578
2880,PLK2,87.56692,2.3145914,0.0,0.0,2.3145914
1918,RAB19,100.66662,2.313307,0.0,0.0,2.313307
1078,RNF183,113.875046,2.312732,0.0,0.0,2.312732
1873,TBX1,101.44306,2.3125322,0.0,0.0,2.3125322
2411,FMO1,93.407906,2.3112519,0.0,0.0,2.3112519
387,KCNB1,127.34766,2.3106573,0.0,0.0,2.3106573
371,DNM1P35,127.71251,2.3104706,0.0,0.0,2.3104706
359,FKBP7,127.87245,2.309824,0.0,0.0,2.309824
14394,POPDC3,-128.52213,-2.3089974,0.0,0.0,2.3089974
14502,DNASE1L2,-132.2354,-2.3056114,0.0,0.0,2.3056114
1993,DACT2,99.56361,2.3034368,0.0,0.0,2.3034368
759,CPNE2,119.50542,2.3020499,0.0,0.0,2.3020499
14258,INHA,-123.448555,-2.3018193,0.0,0.0,2.3018193
913,PARP14,116.70304,2.3018131,0.0,0.0,2.3018131
4490,SLC7A11,65.041016,2.3001385,0.0,0.0,2.3001385
22,CYYR1,139.19931,2.2997067,0.0,0.0,2.2997067
14426,TIMP3,-129.55128,-2.2989535,0.0,0.0,2.2989535
259,ZNF423,130.31165,2.298228,0.0,0.0,2.298228
11,TKT,139.90427,2.2963839,0.0,0.0,2.2963839
1372,TP73,109.06135,2.296141,0.0,0.0,2.296141
742,PCOLCE,119.87268,2.2952325,0.0,0.0,2.2952325
1651,ST8SIA1,104.70439,2.2944047,0.0,0.0,2.2944047
3293,SLC6A1,82.08011,2.2942433,0.0,0.0,2.2942433
694,CYSLTR1,120.85285,2.292922,0.0,0.0,2.292922
257,FOXB1,130.38132,2.2928102,0.0,0.0,2.2928102
192,ANGPTL2,132.18657,2.2919865,0.0,0.0,2.2919865
1666,NBL1,104.47717,2.291467,0.0,0.0,2.291467
7965,MIXL1,12.78088,2.2909935,2.0968339323709164e-37,2.3334692016952846e-37,2.2909935
14238,SYNPO2,-122.692894,-2.2901878,0.0,0.0,2.2901878
927,KIF21B,116.44938,2.2876596,0.0,0.0,2.2876596
6769,LMO2,31.610804,2.2868357,2.623150822810904e-219,3.508969951574683e-219,2.2868357
1266,SLITRK5,110.676216,2.2862468,0.0,0.0,2.2862468
388,EGFL7,127.34754,2.2834327,0.0,0.0,2.2834327
14580,PCGF5,-134.64517,-2.2819028,0.0,0.0,2.2819028
13198,STBD1,-92.33953,-2.2812736,0.0,0.0,2.2812736
801,TMC5,118.79583,2.2808475,0.0,0.0,2.2808475
13775,ACADL,-108.8545,-2.28068,0.0,0.0,2.28068
2453,MYF6,92.833694,2.2804065,0.0,0.0,2.2804065
14672,MLF1,-137.3282,-2.2799609,0.0,0.0,2.2799609
261,DAB2,130.26895,2.2795825,0.0,0.0,2.2795825
14411,ACSL1,-129.0723,-2.2785983,0.0,0.0,2.2785983
633,RESF1,122.17808,2.2784894,0.0,0.0,2.2784894
1305,SNAI1,110.13211,2.278319,0.0,0.0,2.278319
2418,SLC25A48,93.28622,2.2773004,0.0,0.0,2.2773004
1097,CHST8,113.55999,2.2763786,0.0,0.0,2.2763786
13900,TRIM9,-112.782776,-2.2753448,0.0,0.0,2.2753448
13733,LINC02701,-107.38906,-2.2748473,0.0,0.0,2.2748473
2381,SLC24A2,93.68189,2.2725835,0.0,0.0,2.2725835
576,PLAUR,123.150116,2.2713397,0.0,0.0,2.2713397
14751,TFEB,-139.86102,-2.2708597,0.0,0.0,2.2708597
1813,TMEM132E,102.347305,2.2702057,0.0,0.0,2.2702057
5268,GDPD5,54.147655,2.270185,0.0,0.0,2.270185
13861,ABCC9,-111.51678,-2.269569,0.0,0.0,2.269569
3487,ELAVL3,79.664665,2.2693522,0.0,0.0,2.2693522
1019,MTMR11,114.97626,2.2692769,0.0,0.0,2.2692769
13966,RGPD1,-114.2544,-2.268753,0.0,0.0,2.268753
107,GAREM2,134.85826,2.26852,0.0,0.0,2.26852
1264,SYN2,110.71525,2.266955,0.0,0.0,2.266955
8335,ANXA8L1,6.4158916,2.266881,1.4000106167570458e-10,1.475103541995151e-10,2.266881
1586,SELENOV,105.74571,2.2663956,0.0,0.0,2.2663956
6643,APOL6,33.55288,2.2660563,8.172744811597026e-247,1.1179669645895177e-246,2.2660563
439,FBLN2,126.302605,2.2649379,0.0,0.0,2.2649379
284,GBX2,129.63918,2.262513,0.0,0.0,2.262513
13806,LRRTM3,-109.74387,-2.2616193,0.0,0.0,2.2616193
13972,REC114,-114.435265,-2.2612767,0.0,0.0,2.2612767
431,KCNB2,126.39852,2.2595558,0.0,0.0,2.2595558
14063,YIPF7,-117.30342,-2.258939,0.0,0.0,2.258939
737,DTX4,119.9867,2.258251,0.0,0.0,2.258251
14339,CHN2,-126.84619,-2.2570765,0.0,0.0,2.2570765
5223,RFPL2,54.909286,2.2555232,0.0,0.0,2.2555232
4070,FHDC1,70.84501,2.2553782,0.0,0.0,2.2553782
1330,LCN15,109.792915,2.2543957,0.0,0.0,2.2543957
14535,EMILIN2,-133.25752,-2.253683,0.0,0.0,2.253683
493,SULF2,125.07426,2.251792,0.0,0.0,2.251792
738,KLF4,119.97322,2.2512414,0.0,0.0,2.2512414
592,MXRA8,122.90882,2.2508903,0.0,0.0,2.2508903
940,PSAT1,116.163635,2.2504215,0.0,0.0,2.2504215
1358,CREB3L1,109.32972,2.249563,0.0,0.0,2.249563
1409,PTPRZ1,108.52839,2.248201,0.0,0.0,2.248201
13953,APCDD1,-113.89103,-2.24538,0.0,0.0,2.24538
652,TULP2,121.75554,2.242461,0.0,0.0,2.242461
14386,RNF207,-128.14355,-2.2383416,0.0,0.0,2.2383416
428,FGFR4,126.46442,2.2371044,0.0,0.0,2.2371044
244,GBGT1,130.68387,2.236375,0.0,0.0,2.236375
1847,ACAN,101.86601,2.2362072,0.0,0.0,2.2362072
3986,BMP3,72.30154,2.2354984,0.0,0.0,2.2354984
14244,TGFB2-AS1,-122.863,-2.2344284,0.0,0.0,2.2344284
1303,TCERG1L,110.15635,2.2339056,0.0,0.0,2.2339056
9835,POSTN,-19.077076,2.2335818,3.91554224399086e-81,4.617270177357751e-81,2.2335818
3573,GATA2,78.38213,2.2331889,0.0,0.0,2.2331889
13817,PRSS35,-110.03871,-2.2319596,0.0,0.0,2.2319596
471,MGAT5B,125.450325,2.228313,0.0,0.0,2.228313
10665,CCL21,-34.140057,2.228276,1.878215742980157e-255,2.5857066447729235e-255,2.228276
2157,RIIAD1,96.976944,2.2280393,0.0,0.0,2.2280393
1251,DPYD,110.90076,2.2259557,0.0,0.0,2.2259557
14058,ADAMTSL5,-116.96912,-2.2251472,0.0,0.0,2.2251472
14530,CITED4,-133.12544,-2.2242959,0.0,0.0,2.2242959
9212,ARHGEF15,-8.486765,2.2233603,2.1246891631841812e-17,2.2804504978422776e-17,2.2233603
534,SHROOM4,124.201935,2.222772,0.0,0.0,2.222772
715,LRFN5,120.41583,2.2225418,0.0,0.0,2.2225418
7568,LINC02454,19.297731,2.221567,5.611987266558079e-83,6.630397765500109e-83,2.221567
13497,ELF5,-101.14639,-2.2210972,0.0,0.0,2.2210972
13963,EDN2,-114.12789,-2.2207775,0.0,0.0,2.2207775
2794,CHAC1,88.46672,2.2189944,0.0,0.0,2.2189944
434,GABRB3,126.34679,2.2182944,0.0,0.0,2.2182944
1026,EFNB2,114.75186,2.2178648,0.0,0.0,2.2178648
13475,NR4A3,-100.6089,-2.217287,0.0,0.0,2.217287
1259,FAIM2,110.774025,2.2171044,0.0,0.0,2.2171044
1868,APOC1,101.514275,2.2155468,0.0,0.0,2.2155468
2417,DPYS,93.29479,2.2153072,0.0,0.0,2.2153072
1435,NSG1,108.16996,2.2146828,0.0,0.0,2.2146828
482,TMEM59L,125.26897,2.2131286,0.0,0.0,2.2131286
14240,TRIM55,-122.748245,-2.213104,0.0,0.0,2.213104
1540,NMNAT2,106.28538,2.2127576,0.0,0.0,2.2127576
14301,ABAT,-125.37161,-2.2126002,0.0,0.0,2.2126002
1660,FOXP3,104.54134,2.2113147,0.0,0.0,2.2113147
14671,RRAGD,-137.28505,-2.210345,0.0,0.0,2.210345
14744,COMTD1,-139.73515,-2.2100096,0.0,0.0,2.2100096
12739,LGALS3,-79.48917,-2.2095869,0.0,0.0,2.2095869
397,GALNT12,127.239235,2.2085478,0.0,0.0,2.2085478
4973,NCKAP5,58.434814,2.2084727,0.0,0.0,2.2084727
1124,CORO1A,113.101295,2.2081387,0.0,0.0,2.2081387
995,ANKRD65,115.344505,2.2077014,0.0,0.0,2.2077014
14380,PYGM,-127.993195,-2.2068882,0.0,0.0,2.2068882
13626,POF1B,-104.29157,-2.2066891,0.0,0.0,2.2066891
13876,GPRIN3,-112.063324,-2.2054873,0.0,0.0,2.2054873
5866,VGLL3,45.2149,2.204947,0.0,0.0,2.204947
3321,LINC02803,81.78282,2.2049387,0.0,0.0,2.2049387
2176,PTGES,96.658554,2.2048182,0.0,0.0,2.2048182
1070,LINC01905,114.02988,2.203735,0.0,0.0,2.203735
1101,ZNF90,113.53698,2.1993427,0.0,0.0,2.1993427
1611,ISM2,105.3275,2.1985884,0.0,0.0,2.1985884
3081,CMKLR1,84.71855,2.198574,0.0,0.0,2.198574
520,GABRG2,124.50661,2.1974783,0.0,0.0,2.1974783
1897,ONECUT1,101.0078,2.1972766,0.0,0.0,2.1972766
14038,GAS6,-116.48156,-2.195032,0.0,0.0,2.195032
5815,ALDH1L2,45.993793,2.1939769,0.0,0.0,2.1939769
14149,DMD,-119.88268,-2.1934025,0.0,0.0,2.1934025
3615,RHOH,77.94136,2.1919384,0.0,0.0,2.1919384
2092,ADRA1B,97.875275,2.191475,0.0,0.0,2.191475
2225,CDC25C,95.98489,2.191208,0.0,0.0,2.191208
1502,CENPW,106.8452,2.190139,0.0,0.0,2.190139
14191,AMZ1,-121.39287,-2.1883793,0.0,0.0,2.1883793
14512,NEXN,-132.63535,-2.1883786,0.0,0.0,2.1883786
12966,SRRM4,-85.44559,-2.1880662,0.0,0.0,2.1880662
9433,PTHLH,-12.310326,2.1872563,7.970113148992502e-35,8.828497132923131e-35,2.1872563
14646,ANK2,-136.65195,-2.1871228,0.0,0.0,2.1871228
8326,CSGALNACT1,6.501621,2.1855392,7.945909648514506e-11,8.382827286749085e-11,2.1855392
1355,PRSS12,109.37883,2.1849117,0.0,0.0,2.1849117
13856,ASB12,-111.43556,-2.1845994,0.0,0.0,2.1845994
781,ELK3,119.10492,2.1821208,0.0,0.0,2.1821208
11521,TLCD4,-51.120983,-2.181706,0.0,0.0,2.181706
2716,TMEM88,89.54323,2.1810503,0.0,0.0,2.1810503
837,CHST15,118.09361,2.1808164,0.0,0.0,2.1808164
1134,ANKRD35,112.85714,2.1805634,0.0,0.0,2.1805634
1143,LSAMP-AS1,112.73025,2.179719,0.0,0.0,2.179719
199,SH3BGRL3,131.98972,2.1791008,0.0,0.0,2.1791008
447,WDR17,126.12555,2.1788337,0.0,0.0,2.1788337
334,LINC00877,128.46196,2.177668,0.0,0.0,2.177668
248,MFAP2,130.63084,2.1768954,0.0,0.0,2.1768954
14134,PLP2,-119.372574,-2.1768415,0.0,0.0,2.1768415
14295,LINC01505,-125.16513,-2.1763787,0.0,0.0,2.1763787
11348,ULBP2,-47.80911,2.1763258,0.0,0.0,2.1763258
5057,LINC01933,56.988495,2.1760533,0.0,0.0,2.1760533
5736,RUNX2,47.14924,2.1744561,0.0,0.0,2.1744561
14194,GYG1,-121.49831,-2.1743262,0.0,0.0,2.1743262
1671,LINC02754,104.37499,2.1731339,0.0,0.0,2.1731339
13624,CELF2-AS1,-104.247986,-2.17277,0.0,0.0,2.17277
13133,LINC01611,-90.02535,-2.172487,0.0,0.0,2.172487
4673,AP3B2,62.374096,2.171755,0.0,0.0,2.171755
14412,GPC1,-129.08723,-2.1708078,0.0,0.0,2.1708078
3,TMOD3,140.41553,2.16905,0.0,0.0,2.16905
273,EVC2,129.89174,2.1684933,0.0,0.0,2.1684933
1493,COL5A3,107.11998,2.1663551,0.0,0.0,2.1663551
1674,APOBEC3G,104.350334,2.16587,0.0,0.0,2.16587
883,HSPA12B,117.41359,2.1647537,0.0,0.0,2.1647537
14469,FAM222A,-131.01437,-2.1647434,0.0,0.0,2.1647434
14662,DMPK,-137.06871,-2.163768,0.0,0.0,2.163768
789,CTHRC1,118.98347,2.1631486,0.0,0.0,2.1631486
485,PDZD4,125.194786,2.1624339,0.0,0.0,2.1624339
9072,CASS4,-6.0315723,2.1614978,1.6237209275649896e-09,1.7060860840748395e-09,2.1614978
966,RGMA,115.70589,2.1600115,0.0,0.0,2.1600115
2024,ZNF732,99.07852,2.1598222,0.0,0.0,2.1598222
9945,GPR87,-20.997147,2.1593506,6.964425903977473e-98,8.364868851788946e-98,2.1593506
14036,SLC1A4,-116.44123,-2.1584053,0.0,0.0,2.1584053
3889,PLCE1-AS2,73.75112,2.1575584,0.0,0.0,2.1575584
14101,GPNMB,-118.44971,-2.1573048,0.0,0.0,2.1573048
14296,CLCNKB,-125.20002,-2.156933,0.0,0.0,2.156933
14593,SLC4A3,-134.9081,-2.1567507,0.0,0.0,2.1567507
1631,NKD1,104.916916,2.1560786,0.0,0.0,2.1560786
3633,HS3ST3A1,77.731285,2.1552796,0.0,0.0,2.1552796
14252,NCR3LG1,-123.17574,-2.1526954,0.0,0.0,2.1526954
1051,PCSK5,114.26039,2.1508214,0.0,0.0,2.1508214
14775,MDH1,-140.80716,-2.1505651,0.0,0.0,2.1505651
14748,KLHL21,-139.82953,-2.1490893,0.0,0.0,2.1490893
14444,CPT1A,-130.3137,-2.1485577,0.0,0.0,2.1485577
3015,SNCG,85.65281,2.1480289,0.0,0.0,2.1480289
14092,SLC35G3,-118.22005,-2.1465926,0.0,0.0,2.1465926
776,ADAMTS2,119.235176,2.145857,0.0,0.0,2.145857
12127,PLAC8,-65.427444,-2.14568,0.0,0.0,2.14568
14424,EXTL1,-129.42665,-2.1452901,0.0,0.0,2.1452901
14052,CCRL2,-116.80883,-2.142897,0.0,0.0,2.142897
14432,RAD9B,-130.01897,-2.1423876,0.0,0.0,2.1423876
3131,ST8SIA6,84.16939,2.1411874,0.0,0.0,2.1411874
240,CLDN15,130.8274,2.1409633,0.0,0.0,2.1409633
13728,MAOB,-107.31377,-2.1405175,0.0,0.0,2.1405175
6296,LINC01013,38.608932,2.140227,0.0,0.0,2.140227
2083,NDST3,98.06154,2.1397476,0.0,0.0,2.1397476
14176,LAMB3,-120.96416,-2.1395838,0.0,0.0,2.1395838
4856,XKR4,59.84507,2.139397,0.0,0.0,2.139397
470,SMAGP,125.563515,2.1364923,0.0,0.0,2.1364923
11957,MKX,-61.414772,-2.1364772,0.0,0.0,2.1364772
1302,ERRFI1,110.16493,2.135534,0.0,0.0,2.135534
350,GRAMD1C,128.10445,2.1337633,0.0,0.0,2.1337633
1361,CALHM2,109.270805,2.133487,0.0,0.0,2.133487
1106,ITPRIPL1,113.40028,2.1330223,0.0,0.0,2.1330223
14563,SOBP,-134.20268,-2.131901,0.0,0.0,2.131901
4134,PYY,69.79347,2.1311133,0.0,0.0,2.1311133
3288,DCLK3,82.10701,2.1265702,0.0,0.0,2.1265702
13920,MYRIP,-113.17218,-2.126387,0.0,0.0,2.126387
2565,SNED1,91.34121,2.1257727,0.0,0.0,2.1257727
13656,CPT1B,-105.06524,-2.1245508,0.0,0.0,2.1245508
1944,UNC5A,100.186386,2.1231282,0.0,0.0,2.1231282
1040,CAMK2N1,114.435295,2.1201148,0.0,0.0,2.1201148
12257,CNTN3,-68.21879,-2.1189492,0.0,0.0,2.1189492
1584,PSRC1,105.75073,2.1185856,0.0,0.0,2.1185856
14388,ESRRG,-128.26393,-2.118189,0.0,0.0,2.118189
1792,MECOM,102.71467,2.1172607,0.0,0.0,2.1172607
2766,SCUBE1,88.80912,2.1170275,0.0,0.0,2.1170275
15,TOP1MT,139.63672,2.1164105,0.0,0.0,2.1164105
1032,KIAA2012,114.63087,2.1161218,0.0,0.0,2.1161218
254,PVT1,130.444,2.1157873,0.0,0.0,2.1157873
1505,AP1M2,106.7519,2.1150692,0.0,0.0,2.1150692
915,MUC3A,116.67998,2.1146972,0.0,0.0,2.1146972
14696,KCNH2,-138.42667,-2.1146548,0.0,0.0,2.1146548
1090,NAALADL1,113.6585,2.113493,0.0,0.0,2.113493
2224,IL34,95.99088,2.112327,0.0,0.0,2.112327
14478,PDLIM5,-131.29683,-2.112285,0.0,0.0,2.112285
1554,FLT1,106.12761,2.1121576,0.0,0.0,2.1121576
7204,GBP7,24.809114,2.1116297,7.148303284747162e-136,8.906703017397728e-136,2.1116297
3781,HMGCS2,75.477585,2.1111803,0.0,0.0,2.1111803
13306,LINC02019,-95.75799,-2.1105654,0.0,0.0,2.1105654
1981,RFLNA,99.72347,2.1103442,0.0,0.0,2.1103442
14700,MPC1,-138.52208,-2.110152,0.0,0.0,2.110152
3129,NCCRP1,84.17303,2.1097093,0.0,0.0,2.1097093
1473,ADAMTS17,107.535736,2.1090446,0.0,0.0,2.1090446
13921,PPP1R42,-113.195984,-2.1089706,0.0,0.0,2.1089706
880,PYCARD-AS1,117.46147,2.1080635,0.0,0.0,2.1080635
1994,ADGRA2,99.54745,2.106861,0.0,0.0,2.106861
11420,GP1BB,-49.133076,-2.1063592,0.0,0.0,2.1063592
12850,LINC02552,-82.062904,-2.1056294,0.0,0.0,2.1056294
13636,GPR61,-104.55194,-2.1053612,0.0,0.0,2.1053612
679,CCDC73,121.23946,2.1050227,0.0,0.0,2.1050227
13448,LINC02551,-99.989456,-2.103906,0.0,0.0,2.103906
3043,ALKAL1,85.25211,2.1032493,0.0,0.0,2.1032493
1589,SSTR2,105.66334,2.1031795,0.0,0.0,2.1031795
14087,KCNJ5,-118.05416,-2.100827,0.0,0.0,2.100827
2868,CCBE1,87.6359,2.1005347,0.0,0.0,2.1005347
2179,OR7A17,96.601006,2.1003478,0.0,0.0,2.1003478
2047,SAMD14,98.62618,2.100029,0.0,0.0,2.100029
487,INAVA,125.16988,2.0998988,0.0,0.0,2.0998988
453,COL6A2,126.05546,2.0992286,0.0,0.0,2.0992286
3610,THSD7B,77.984535,2.0991478,0.0,0.0,2.0991478
3004,CRTAC1,85.79732,2.0986004,0.0,0.0,2.0986004
2701,LINC01224,89.68612,2.097475,0.0,0.0,2.097475
13350,RASL11B,-97.05642,-2.0973544,0.0,0.0,2.0973544
765,CFAP58-DT,119.3893,2.096904,0.0,0.0,2.096904
1909,LINC01410,100.805466,2.0965035,0.0,0.0,2.0965035
14270,NEBL,-123.87257,-2.096384,0.0,0.0,2.096384
14318,PLEKHA7,-126.12716,-2.0960612,0.0,0.0,2.0960612
2919,KIF19,87.12664,2.09595,0.0,0.0,2.09595
6055,FCGR2A,42.332336,2.0959215,0.0,0.0,2.0959215
14790,SYNGR2,-141.25092,-2.0951898,0.0,0.0,2.0951898
1900,DIAPH3,100.958244,2.093964,0.0,0.0,2.093964
307,DHX58,129.03343,2.093841,0.0,0.0,2.093841
2331,B3GALT1,94.49762,2.093826,0.0,0.0,2.093826
14366,NUDT4,-127.64178,-2.0929255,0.0,0.0,2.0929255
980,ZMYND15,115.5603,2.0927267,0.0,0.0,2.0927267
3325,SHISA9,81.74967,2.0921082,0.0,0.0,2.0921082
1321,SCGB3A2,109.95957,2.0903256,0.0,0.0,2.0903256
5910,NTN1,44.57848,2.0898314,0.0,0.0,2.0898314
979,PPFIBP2,115.56503,2.0896125,0.0,0.0,2.0896125
5294,NFIX,53.833992,2.088633,0.0,0.0,2.088633
14348,ST7-AS2,-127.11045,-2.0883656,0.0,0.0,2.0883656
4646,JAKMIP1,62.83497,2.0873923,0.0,0.0,2.0873923
14094,KBTBD12,-118.24935,-2.087343,0.0,0.0,2.087343
5059,VWC2L,56.967686,2.0872183,0.0,0.0,2.0872183
12440,ADAMTS19,-72.93416,-2.0868196,0.0,0.0,2.0868196
13654,FAM201A,-105.022415,-2.086797,0.0,0.0,2.086797
4246,KDF1,68.36918,2.0861073,0.0,0.0,2.0861073
1975,TTC6,99.86885,2.0858498,0.0,0.0,2.0858498
3508,HOTAIRM1,79.26858,2.0842295,0.0,0.0,2.0842295
14545,C19orf81,-133.64159,-2.0823772,0.0,0.0,2.0823772
9504,SPNS2,-13.387396,2.081769,7.164935420236256e-41,8.016230930712427e-41,2.081769
14335,C1orf167,-126.70351,-2.0808592,0.0,0.0,2.0808592
1270,NKAIN1,110.6282,2.0800197,0.0,0.0,2.0800197
2999,RFTN2,85.83765,2.0784833,0.0,0.0,2.0784833
14224,TTBK1,-122.313545,-2.076873,0.0,0.0,2.076873
492,TLE3,125.07725,2.0767505,0.0,0.0,2.0767505
1726,UCHL1,103.74804,2.0765903,0.0,0.0,2.0765903
3586,FAM162B,78.21911,2.0747285,0.0,0.0,2.0747285
7960,CD22,12.7981615,2.073747,1.6787829781367742e-37,1.869221497653641e-37,2.073747
2838,LINC00900,87.88085,2.0736437,0.0,0.0,2.0736437
327,SMOX,128.56647,2.0724308,0.0,0.0,2.0724308
1606,TRABD2A,105.40589,2.0724025,0.0,0.0,2.0724025
13993,SGPP2,-115.14564,-2.0695028,0.0,0.0,2.0695028
337,CCDC74A,128.42572,2.0689244,0.0,0.0,2.0689244
14479,NPTXR,-131.36935,-2.0682442,0.0,0.0,2.0682442
12799,DIRAS3,-80.83566,-2.0679872,0.0,0.0,2.0679872
13050,EPHA10,-87.64704,-2.066549,0.0,0.0,2.066549
3754,SERHL2,75.91175,2.065045,0.0,0.0,2.065045
3654,DEPTOR,77.39195,2.063918,0.0,0.0,2.063918
2404,NEIL3,93.42584,2.0637715,0.0,0.0,2.0637715
717,PAXIP1-AS2,120.39699,2.0635016,0.0,0.0,2.0635016
6558,ARID5B,34.88012,2.06278,1.4885560512188727e-266,2.065566504081877e-266,2.06278
266,LINC00926,130.12486,2.062096,0.0,0.0,2.062096
952,CNTFR,115.8971,2.0610678,0.0,0.0,2.0610678
13357,SH3TC2-DT,-97.241455,-2.057348,0.0,0.0,2.057348
46,TGIF1,137.99237,2.0573099,0.0,0.0,2.0573099
2116,SMOC1,97.497536,2.0562394,0.0,0.0,2.0562394
14581,CELSR1,-134.66022,-2.0550938,0.0,0.0,2.0550938
14169,DGCR6,-120.716896,-2.0545611,0.0,0.0,2.0545611
468,NFE2L3,125.62603,2.0534081,0.0,0.0,2.0534081
1655,CD24,104.65489,2.0533712,0.0,0.0,2.0533712
1079,FIRRE,113.871864,2.0526633,0.0,0.0,2.0526633
13139,KCNA4,-90.2571,-2.0522025,0.0,0.0,2.0522025
578,PLEKHG6,123.11087,2.051909,0.0,0.0,2.051909
1821,ANXA2R,102.19473,2.0518909,0.0,0.0,2.0518909
1845,NAT2,101.94995,2.0513718,0.0,0.0,2.0513718
671,C6orf132,121.41935,2.0506516,0.0,0.0,2.0506516
7389,TNFRSF11A,21.945358,2.049231,9.590935782666788e-107,1.1631627164341413e-106,2.049231
14737,ALDH4A1,-139.54216,-2.0489688,0.0,0.0,2.0489688
3575,MAP4K1,78.37471,2.0486088,0.0,0.0,2.0486088
5157,RARRES1,55.82453,2.048433,0.0,0.0,2.048433
3580,TRIL,78.296936,2.0483646,0.0,0.0,2.0483646
14107,ALCAM,-118.699036,-2.0483632,0.0,0.0,2.0483632
505,BANK1,124.76787,2.0479496,0.0,0.0,2.0479496
1196,ZNF578,111.842224,2.0473998,0.0,0.0,2.0473998
1955,ERFE,100.07719,2.0466304,0.0,0.0,2.0466304
698,EIF2AK3-DT,120.72587,2.046208,0.0,0.0,2.046208
13978,CSPG5,-114.661644,-2.045823,0.0,0.0,2.045823
3608,CDH13,78.00165,2.0457447,0.0,0.0,2.0457447
1487,ANO9,107.293495,2.0455616,0.0,0.0,2.0455616
13415,KIF1A,-99.0365,-2.0455246,0.0,0.0,2.0455246
985,COTL1,115.48691,2.045461,0.0,0.0,2.045461
310,C11orf91,128.892,2.0436497,0.0,0.0,2.0436497
7758,IL1R2,16.338047,2.0431824,5.292136943331822e-60,6.079132755522752e-60,2.0431824
13627,CACNG6,-104.3209,-2.0426884,0.0,0.0,2.0426884
14389,CTNND2,-128.33838,-2.0425408,0.0,0.0,2.0425408
2811,WFDC2,88.28164,2.042233,0.0,0.0,2.042233
1013,DLEU7,115.04882,2.0419238,0.0,0.0,2.0419238
2655,PTPN5,90.1283,2.0416067,0.0,0.0,2.0416067
2328,RBFOX3,94.53726,2.0415425,0.0,0.0,2.0415425
1727,STAR,103.74139,2.0391188,0.0,0.0,2.0391188
422,PROC,126.73912,2.0379057,0.0,0.0,2.0379057
14361,PRRG3,-127.505684,-2.0376658,0.0,0.0,2.0376658
5334,LIF,53.305103,2.0371158,0.0,0.0,2.0371158
13750,SYNM,-108.071495,-2.0364976,0.0,0.0,2.0364976
7519,BRINP2,20.152845,2.0350697,2.5408057758509785e-90,3.024535714073831e-90,2.0350697
1753,HMGA2-AS1,103.18906,2.034244,0.0,0.0,2.034244
1252,HMCN1,110.88693,2.0339377,0.0,0.0,2.0339377
6092,C3orf70,41.830166,2.033746,0.0,0.0,2.033746
2012,PROM1,99.30298,2.033449,0.0,0.0,2.033449
286,SLC13A3,129.58968,2.0324683,0.0,0.0,2.0324683
538,ROBO3,124.109764,2.032412,0.0,0.0,2.032412
1748,GPA33,103.25594,2.0321848,0.0,0.0,2.0321848
2548,DHDH,91.52093,2.0320919,0.0,0.0,2.0320919
13826,TNFRSF19,-110.28081,-2.0319304,0.0,0.0,2.0319304
2665,TNFAIP8L3,90.01937,2.0317848,0.0,0.0,2.0317848
13418,LINC02798,-99.11222,-2.0312045,0.0,0.0,2.0312045
1977,ARMC3,99.83597,2.031149,0.0,0.0,2.031149
526,ADCY3,124.34744,2.0279365,0.0,0.0,2.0279365
130,PLTP,133.95848,2.0277221,0.0,0.0,2.0277221
1677,GSG1,104.34324,2.0250766,0.0,0.0,2.0250766
2555,PSTPIP2,91.47718,2.0241218,0.0,0.0,2.0241218
14588,ENPP4,-134.87663,-2.0238261,0.0,0.0,2.0238261
14575,GOT1,-134.45291,-2.0233052,0.0,0.0,2.0233052
2738,FJX1,89.215546,2.0219586,0.0,0.0,2.0219586
1377,SLC26A4-AS1,108.999725,2.02141,0.0,0.0,2.02141
1722,SLC4A8,103.78072,2.017803,0.0,0.0,2.017803
12696,BSPRY,-78.23767,-2.017374,0.0,0.0,2.017374
13981,DNAJA4,-114.75267,-2.0159857,0.0,0.0,2.0159857
1230,DUSP6,111.331116,2.015126,0.0,0.0,2.015126
1999,RNASEL,99.48351,2.0140994,0.0,0.0,2.0140994
1922,CFP,100.60109,2.0137985,0.0,0.0,2.0137985
690,ZCCHC18,120.9315,2.013499,0.0,0.0,2.013499
6176,BDNF,40.59692,2.0120072,0.0,0.0,2.0120072
2259,TMEM52B,95.51351,2.0109134,0.0,0.0,2.0109134
13614,ZNF534,-104.018456,-2.0089622,0.0,0.0,2.0089622
1905,WNK4,100.896576,2.0077214,0.0,0.0,2.0077214
13984,TP53AIP1,-114.80807,-2.0077088,0.0,0.0,2.0077088
2461,F2R,92.63163,2.0076263,0.0,0.0,2.0076263
14799,ERBB2,-141.59045,-2.007482,0.0,0.0,2.007482
5073,KCNH1,56.836033,2.0066633,0.0,0.0,2.0066633
13182,SLC6A2,-91.67857,-2.00622,0.0,0.0,2.00622
2153,SP6,97.01492,2.006087,0.0,0.0,2.006087
2132,MUSTN1,97.34282,2.0045261,0.0,0.0,2.0045261
1202,MX1,111.746506,2.0039241,0.0,0.0,2.0039241
262,DOCK6,130.24266,2.0035667,0.0,0.0,2.0035667
3164,COBLL1,83.70951,2.000919,0.0,0.0,2.000919
14034,ILDR2,-116.289955,-2.0001028,0.0,0.0,2.0001028
14381,EPHX4,-128.03189,-1.9995806,0.0,0.0,1.9995806
13839,SSPN,-110.68451,-1.9995385,0.0,0.0,1.9995385
14491,IDH3A,-131.63129,-1.9989978,0.0,0.0,1.9989978
13936,LDHD,-113.49107,-1.9985375,0.0,0.0,1.9985375
6461,TNFRSF18,36.110516,1.9982088,1.5510966594710993e-285,2.186306268448572e-285,1.9982088
452,LINC00265,126.07081,1.9981071,0.0,0.0,1.9981071
14115,PI16,-118.86193,-1.9979734,0.0,0.0,1.9979734
839,CCDC152,118.04811,1.9973993,0.0,0.0,1.9973993
1902,NRXN2,100.92947,1.9967072,0.0,0.0,1.9967072
5226,ADCY2,54.86361,1.9949622,0.0,0.0,1.9949622
3062,PRDM6,84.96038,1.9944254,0.0,0.0,1.9944254
2668,MAB21L1,90.00847,1.9942088,0.0,0.0,1.9942088
886,ZNF215,117.31404,1.9940119,0.0,0.0,1.9940119
2899,VTN,87.40389,1.9935836,0.0,0.0,1.9935836
1761,LINC00923,103.140854,1.9933039,0.0,0.0,1.9933039
1411,CRACR2A,108.51886,1.9931929,0.0,0.0,1.9931929
1037,SEPTIN11,114.51264,1.9930052,0.0,0.0,1.9930052
1063,PNPLA3,114.12211,1.9926449,0.0,0.0,1.9926449
3492,HJURP,79.50475,1.9904636,0.0,0.0,1.9904636
14524,MYRFL,-133.05626,-1.9891587,0.0,0.0,1.9891587
14353,PROX1,-127.18611,-1.9889414,0.0,0.0,1.9889414
1445,TNFRSF13C,107.98998,1.9885671,0.0,0.0,1.9885671
14506,HIPK3,-132.28445,-1.9884233,0.0,0.0,1.9884233
14236,ZMAT4,-122.610664,-1.9883226,0.0,0.0,1.9883226
14057,RAPGEF4,-116.96167,-1.9867697,0.0,0.0,1.9867697
3109,OLFM1,84.46583,1.9867675,0.0,0.0,1.9867675
4302,FNDC1,67.4696,1.9863412,0.0,0.0,1.9863412
948,TNFSF15,115.92311,1.9861052,0.0,0.0,1.9861052
14640,RALGPS1,-136.31082,-1.9852754,0.0,0.0,1.9852754
1311,CD68,110.058205,1.9852028,0.0,0.0,1.9852028
14561,MAP3K20,-134.13454,-1.9847181,0.0,0.0,1.9847181
7518,SLC9C2,20.165064,1.984171,1.9848900692248645e-90,2.3631616453940727e-90,1.984171
14103,SLC30A10,-118.64126,-1.9838701,0.0,0.0,1.9838701
1035,HSD17B2,114.53834,1.9832153,0.0,0.0,1.9832153
5813,TAL2,45.999405,1.9823726,0.0,0.0,1.9823726
1047,SAMD11,114.38827,1.9815122,0.0,0.0,1.9815122
730,FRMD6,120.104576,1.9811742,0.0,0.0,1.9811742
343,PCDHGB7,128.1714,1.9807485,0.0,0.0,1.9807485
408,BCAT1,127.080086,1.9804376,0.0,0.0,1.9804376
1963,TMSB4X,99.99152,1.979766,0.0,0.0,1.979766
4059,SFRP5,71.003334,1.9794409,0.0,0.0,1.9794409
13151,KCNA7,-90.74388,-1.9763414,0.0,0.0,1.9763414
2252,TMCC3,95.57257,1.9755543,0.0,0.0,1.9755543
14102,C9orf50,-118.45045,-1.975299,0.0,0.0,1.975299
71,PLD2,136.51251,1.9749702,0.0,0.0,1.9749702
1299,CCDC15,110.20184,1.974567,0.0,0.0,1.974567
4027,CCDC144NL,71.64063,1.9740496,0.0,0.0,1.9740496
753,EFNA2,119.654396,1.968255,0.0,0.0,1.968255
2195,BISPR,96.41417,1.9665508,0.0,0.0,1.9665508
10646,MT1X,-33.80368,-1.9660697,1.741400948497986e-250,2.388266826999596e-250,1.9660697
13471,HSF4,-100.40212,-1.9659747,0.0,0.0,1.9659747
630,RGS17,122.224144,1.9658346,0.0,0.0,1.9658346
14667,ATP1B1,-137.21222,-1.9657623,0.0,0.0,1.9657623
846,LIFR,117.937195,1.9646316,0.0,0.0,1.9646316
14264,ERICD,-123.69111,-1.9643677,0.0,0.0,1.9643677
2342,GLDN,94.348564,1.9636726,0.0,0.0,1.9636726
3542,RASGRF2,78.83875,1.963423,0.0,0.0,1.963423
373,RDH12,127.649895,1.9633855,0.0,0.0,1.9633855
1654,PRODH2,104.65674,1.9618349,0.0,0.0,1.9618349
987,TMEM158,115.47395,1.9612312,0.0,0.0,1.9612312
6899,LEFTY1,29.534082,1.9610637,1.0515166430302802e-191,1.3763165945443551e-191,1.9610637
1161,SLC66A3,112.464554,1.9602474,0.0,0.0,1.9602474
1516,DLGAP1-AS2,106.55816,1.9600176,0.0,0.0,1.9600176
1751,PTN,103.22698,1.9582857,0.0,0.0,1.9582857
8216,TMC8,8.281494,1.9581138,1.2163890980913704e-16,1.302922628469819e-16,1.9581138
1661,FANCB,104.54011,1.9574827,0.0,0.0,1.9574827
5580,CAPN9,49.457558,1.9573582,0.0,0.0,1.9573582
14158,ANKRD61,-120.26214,-1.9562705,0.0,0.0,1.9562705
6815,GLIPR1,30.862225,1.9544141,3.8399492859400526e-209,5.098047431722936e-209,1.9544141
13578,TBX2-AS1,-103.383575,-1.9543579,0.0,0.0,1.9543579
852,PLLP,117.870125,1.9543308,0.0,0.0,1.9543308
13579,PPP1R3C,-103.38798,-1.9537667,0.0,0.0,1.9537667
1685,LMX1B,104.27384,1.9535806,0.0,0.0,1.9535806
14293,PLPP7,-125.1297,-1.9528719,0.0,0.0,1.9528719
1703,CADM2,103.97102,1.9517398,0.0,0.0,1.9517398
2005,OAF,99.36602,1.9494237,0.0,0.0,1.9494237
942,MORC4,116.128716,1.9485168,0.0,0.0,1.9485168
684,LRRC3B,121.113434,1.9481765,0.0,0.0,1.9481765
12988,CRIP1,-85.98568,-1.9478573,0.0,0.0,1.9478573
13711,SLC8A1-AS1,-106.87772,-1.9462507,0.0,0.0,1.9462507
14578,FLNC,-134.45673,-1.9447331,0.0,0.0,1.9447331
210,SLC9B1,131.58359,1.9427693,0.0,0.0,1.9427693
7976,CALHM5,12.601533,1.9422839,2.070794078251441e-36,2.3005203726252527e-36,1.9422839
13701,AQP6,-106.694046,-1.941799,0.0,0.0,1.941799
607,DCBLD1,122.71321,1.941702,0.0,0.0,1.941702
1758,ZNF695,103.14442,1.941646,0.0,0.0,1.941646
2324,ITGB2,94.58504,1.9411695,0.0,0.0,1.9411695
1326,GPC5,109.87885,1.9389074,0.0,0.0,1.9389074
99,IFITM3,135.23921,1.9377826,0.0,0.0,1.9377826
14218,SLC9A2,-122.10936,-1.9360303,0.0,0.0,1.9360303
2915,OVOL2,87.183586,1.9355073,0.0,0.0,1.9355073
741,TBXAS1,119.90634,1.9342707,0.0,0.0,1.9342707
1331,DPPA2,109.78157,1.9330585,0.0,0.0,1.9330585
14291,PRKAG2,-125.09124,-1.9329658,0.0,0.0,1.9329658
4913,CLDN16,59.14886,1.9329355,0.0,0.0,1.9329355
2645,DGKK,90.23784,1.9319457,0.0,0.0,1.9319457
14185,LINC00670,-121.273415,-1.9313309,0.0,0.0,1.9313309
8049,TM4SF1-AS1,11.301542,1.9308844,1.2893303309155216e-29,1.415295547169573e-29,1.9308844
13969,LINC01034,-114.3178,-1.9300174,0.0,0.0,1.9300174
9659,PDE7B,-16.053003,1.9284205,5.446406985241827e-58,6.236539684845703e-58,1.9284205
3001,ST6GAL2,85.80868,1.9279869,0.0,0.0,1.9279869
6560,KLF2,34.852314,1.9264836,3.9276370621850106e-266,5.4480719481169e-266,1.9264836
9544,MIR181A1HG,-14.267506,1.9264117,3.488357614747619e-46,3.9283091711709895e-46,1.9264117
14290,RGN,-125.06812,-1.9262813,0.0,0.0,1.9262813
14368,STK39,-127.68542,-1.9255648,0.0,0.0,1.9255648
14795,ACO2,-141.37933,-1.9246547,0.0,0.0,1.9246547
52,RAB8B,137.67184,1.9243964,0.0,0.0,1.9243964
14794,SDHA,-141.35573,-1.9243764,0.0,0.0,1.9243764
4982,SYNE4,58.34092,1.9230622,0.0,0.0,1.9230622
1585,HTRA3,105.74661,1.9228162,0.0,0.0,1.9228162
673,VIM,121.37153,1.9224006,0.0,0.0,1.9224006
14332,SCHIP1,-126.49279,-1.9223957,0.0,0.0,1.9223957
14445,BCAM,-130.33359,-1.9214983,0.0,0.0,1.9214983
159,LIMD2,133.30171,1.9213028,0.0,0.0,1.9213028
1742,PCA3,103.43374,1.9212933,0.0,0.0,1.9212933
2305,PLXNA2,94.912315,1.9198576,0.0,0.0,1.9198576
13737,KCNMB1,-107.57955,-1.9189382,0.0,0.0,1.9189382
14226,PRNP,-122.41007,-1.9157317,0.0,0.0,1.9157317
4936,ATP10D,58.88273,1.9155585,0.0,0.0,1.9155585
5229,CLMAT3,54.802696,1.914587,0.0,0.0,1.914587
11516,PWWP3B,-50.968254,-1.9128939,0.0,0.0,1.9128939
218,P3H1,131.41794,1.9110175,0.0,0.0,1.9110175
1863,MPP7-DT,101.57812,1.9100957,0.0,0.0,1.9100957
12981,DHRS9,-85.7903,-1.9097607,0.0,0.0,1.9097607
3127,GDF6,84.18724,1.9094795,0.0,0.0,1.9094795
4942,TNN,58.803356,1.908525,0.0,0.0,1.908525
14451,PPP1R13B,-130.46053,-1.9085102,0.0,0.0,1.9085102
14488,ATP5MC1,-131.60553,-1.9084233,0.0,0.0,1.9084233
1138,POU6F2,112.77081,1.9079063,0.0,0.0,1.9079063
3201,CD83,83.20752,1.9079013,0.0,0.0,1.9079013
2078,SEPTIN3,98.13534,1.9071825,0.0,0.0,1.9071825
6578,LINC01943,34.57475,1.9063191,6.055385769056834e-262,8.375214617260273e-262,1.9063191
2215,PROCR,96.139046,1.9062548,0.0,0.0,1.9062548
14613,MCRIP2,-135.56947,-1.906197,0.0,0.0,1.906197
4734,FAT4,61.511326,1.9033312,0.0,0.0,1.9033312
5252,FRZB,54.466522,1.9025222,0.0,0.0,1.9025222
1178,GNG3,112.24362,1.902072,0.0,0.0,1.902072
14691,OXCT1,-138.23448,-1.9017042,0.0,0.0,1.9017042
4298,BMPER,67.52114,1.900571,0.0,0.0,1.900571
3423,CPA1,80.473755,1.9005038,0.0,0.0,1.9005038
2644,CD48,90.25782,1.9000696,0.0,0.0,1.9000696
14201,MYL9,-121.64956,-1.899006,0.0,0.0,1.899006
14333,GCOM1,-126.55517,-1.8981084,0.0,0.0,1.8981084
3745,TMEM100,76.022484,1.8972639,0.0,0.0,1.8972639
4591,WNT2B,63.58686,1.896938,0.0,0.0,1.896938
12255,GRIA1,-68.20739,-1.8966603,0.0,0.0,1.8966603
14407,PPM1K,-128.98763,-1.8962109,0.0,0.0,1.8962109
1891,LINC02739,101.0855,1.8959459,0.0,0.0,1.8959459
13836,TPRG1-AS1,-110.63001,-1.8952508,0.0,0.0,1.8952508
13985,ENAM,-114.81457,-1.8943634,0.0,0.0,1.8943634
14215,LRRC73,-122.06056,-1.8940198,0.0,0.0,1.8940198
744,TIMP4,119.813225,1.8939024,0.0,0.0,1.8939024
12877,SNAI3,-82.747765,-1.8938314,0.0,0.0,1.8938314
2332,CECR3,94.497375,1.8936157,0.0,0.0,1.8936157
7349,CCM2L,22.621717,1.8931894,2.649681209920096e-113,3.233823405556694e-113,1.8931894
12109,IGSF9B,-65.01067,-1.8921882,0.0,0.0,1.8921882
13741,COL4A2-AS2,-107.85542,-1.8921597,0.0,0.0,1.8921597
1843,METTL24,101.961624,1.892105,0.0,0.0,1.892105
2476,PSTPIP1,92.39852,1.8917738,0.0,0.0,1.8917738
2705,PSD2,89.640976,1.8912097,0.0,0.0,1.8912097
4144,CD300E,69.59016,1.8910353,0.0,0.0,1.8910353
1073,COL4A4,113.93582,1.8900898,0.0,0.0,1.8900898
3209,TOP2A,83.111404,1.8888927,0.0,0.0,1.8888927
13309,ACE2,-95.84307,-1.8887594,0.0,0.0,1.8887594
13910,PCDHGA3,-113.02592,-1.8887061,0.0,0.0,1.8887061
3733,ROBO2,76.25639,1.8885394,0.0,0.0,1.8885394
13348,RASL10A,-97.0425,-1.8882995,0.0,0.0,1.8882995
1095,TRIM59,113.58327,1.8877418,0.0,0.0,1.8877418
645,MMP16,121.95948,1.8874497,0.0,0.0,1.8874497
2122,EPCAM-DT,97.4417,1.8869079,0.0,0.0,1.8869079
5113,NRGN,56.33998,1.8849796,0.0,0.0,1.8849796
1190,ADAMTS4,112.00554,1.8843175,0.0,0.0,1.8843175
14096,TNNC2,-118.33736,-1.8832238,0.0,0.0,1.8832238
109,TLE4,134.82237,1.8832189,0.0,0.0,1.8832189
12272,MPPED2-AS1,-68.536026,-1.8830253,0.0,0.0,1.8830253
1778,PCDHGC4,102.89705,1.8829463,0.0,0.0,1.8829463
476,PRKCD,125.34773,1.8827903,0.0,0.0,1.8827903
3858,DGKB,74.16413,1.8821877,0.0,0.0,1.8821877
5041,TMEFF2,57.269417,1.8819399,0.0,0.0,1.8819399
14083,ABLIM2,-117.93209,-1.881808,0.0,0.0,1.881808
13771,TNK2-AS1,-108.7005,-1.8809685,0.0,0.0,1.8809685
14637,PFKP,-136.19089,-1.8808088,0.0,0.0,1.8808088
1289,IL4I1,110.31828,1.880054,0.0,0.0,1.880054
189,RRBP1,132.33904,1.879808,0.0,0.0,1.879808
696,C1QTNF6,120.73123,1.8788942,0.0,0.0,1.8788942
5235,SOX10,54.713474,1.8775626,0.0,0.0,1.8775626
3294,TNNT1,82.06647,1.8766202,0.0,0.0,1.8766202
13375,GPR132,-97.61049,-1.876052,0.0,0.0,1.876052
1943,STIL,100.20545,1.8758205,0.0,0.0,1.8758205
7001,COL14A1,27.961235,1.8748679,4.813411083360224e-172,6.197386906616501e-172,1.8748679
4492,TERT,64.95545,1.8744091,0.0,0.0,1.8744091
3434,NQO1,80.36736,1.8742877,0.0,0.0,1.8742877
910,COLCA1,116.77841,1.8742535,0.0,0.0,1.8742535
95,PELI1,135.34587,1.8733644,0.0,0.0,1.8733644
665,LINC00511,121.51343,1.8727666,0.0,0.0,1.8727666
3290,PIF1,82.093445,1.8727349,0.0,0.0,1.8727349
2861,PREX1,87.709335,1.8716568,0.0,0.0,1.8716568
743,PIP5KL1,119.854065,1.8716257,0.0,0.0,1.8716257
2906,PTGFR,87.25499,1.8714752,0.0,0.0,1.8714752
951,LRRC74B,115.90064,1.870675,0.0,0.0,1.870675
14556,PSEN2,-134.01442,-1.8698851,0.0,0.0,1.8698851
2571,CCDC80,91.261566,1.869428,0.0,0.0,1.869428
2202,SGO1,96.27176,1.8688184,0.0,0.0,1.8688184
14537,ISOC1,-133.34264,-1.8686631,0.0,0.0,1.8686631
14292,ALPK2,-125.09873,-1.8664032,0.0,0.0,1.8664032
14029,TTC36,-116.1035,-1.8655231,0.0,0.0,1.8655231
2627,SSC5D,90.520515,1.8655219,0.0,0.0,1.8655219
4897,MLXIPL,59.28216,1.8653738,0.0,0.0,1.8653738
547,MYO6,123.93435,1.8640932,0.0,0.0,1.8640932
6219,MNX1,39.88186,1.8633019,0.0,0.0,1.8633019
12884,TMEM51-AS1,-83.10705,-1.8630196,0.0,0.0,1.8630196
1814,PDGFRA,102.34666,1.8628314,0.0,0.0,1.8628314
5042,CCKBR,57.25963,1.8600569,0.0,0.0,1.8600569
2043,CCNB2,98.71431,1.8598543,0.0,0.0,1.8598543
13735,GLP1R,-107.55628,-1.8597481,0.0,0.0,1.8597481
1108,ZNF454,113.360405,1.8596045,0.0,0.0,1.8596045
1917,FOXL1,100.66677,1.8587589,0.0,0.0,1.8587589
944,SHANK2,116.05892,1.8577155,0.0,0.0,1.8577155
14084,TSPAN2,-117.996544,-1.8576475,0.0,0.0,1.8576475
5865,NRROS,45.240696,1.8572158,0.0,0.0,1.8572158
14255,RBM24,-123.406296,-1.8563677,0.0,0.0,1.8563677
14314,RBM38,-125.889336,-1.8561815,0.0,0.0,1.8561815
1672,E2F7,104.366745,1.8561023,0.0,0.0,1.8561023
4624,MYB,63.091568,1.8560061,0.0,0.0,1.8560061
13383,KCNJ4,-97.88149,-1.8555553,0.0,0.0,1.8555553
4641,CLVS2,62.934483,1.8535987,0.0,0.0,1.8535987
13987,RASSF5,-114.94343,-1.85347,0.0,0.0,1.85347
1308,LINC01572,110.09008,1.8530866,0.0,0.0,1.8530866
1011,KCNIP2-AS1,115.08037,1.848754,0.0,0.0,1.848754
14181,CPEB2,-121.163765,-1.8485428,0.0,0.0,1.8485428
3398,ARHGEF39,80.904015,1.8484071,0.0,0.0,1.8484071
13437,SPATA18,-99.560875,-1.8482671,0.0,0.0,1.8482671
11548,PLAAT1,-51.58742,-1.8479571,0.0,0.0,1.8479571
746,HHIPL1,119.76405,1.8478388,0.0,0.0,1.8478388
14068,TTC39A-AS1,-117.567345,-1.8475562,0.0,0.0,1.8475562
6498,AGTR1,35.74349,1.8463516,8.351148625547708e-280,1.1712140450638115e-279,1.8463516
489,RTN4RL2,125.1656,1.8461162,0.0,0.0,1.8461162
834,CRYBB1,118.169235,1.8460195,0.0,0.0,1.8460195
14120,PPP1R16A,-118.942535,-1.8446395,0.0,0.0,1.8446395
13892,BCO2,-112.55136,-1.8445747,0.0,0.0,1.8445747
1385,KCNIP3,108.814415,1.844138,0.0,0.0,1.844138
9316,MIR155HG,-10.285582,1.8438363,8.184684716668507e-25,8.909795877342238e-25,1.8438363
14742,GYS1,-139.68011,-1.8435583,0.0,0.0,1.8435583
13865,HRH2,-111.62703,-1.8433405,0.0,0.0,1.8433405
885,LITAF,117.34382,1.8422961,0.0,0.0,1.8422961
2745,CDT1,89.08049,1.8422794,0.0,0.0,1.8422794
14472,CACNB1,-131.09569,-1.8409162,0.0,0.0,1.8409162
714,TRHDE,120.47355,1.8400682,0.0,0.0,1.8400682
13994,MPP4,-115.14982,-1.8398588,0.0,0.0,1.8398588
13634,HGFAC,-104.48932,-1.8392905,0.0,0.0,1.8392905
12737,MSS51,-79.319885,-1.8392392,0.0,0.0,1.8392392
13679,MBNL1-AS1,-105.94189,-1.8391402,0.0,0.0,1.8391402
14659,CPVL,-137.02516,-1.838453,0.0,0.0,1.838453
1091,KHDRBS3,113.62142,1.8383929,0.0,0.0,1.8383929
1048,ATCAY,114.38804,1.8382882,0.0,0.0,1.8382882
1988,EMILIN3,99.6439,1.8377347,0.0,0.0,1.8377347
1346,LINC01902,109.47727,1.8376837,0.0,0.0,1.8376837
483,MICAL1,125.21714,1.8369606,0.0,0.0,1.8369606
13382,TMEM176A,-97.859604,-1.8368773,0.0,0.0,1.8368773
2237,BEST2,95.80171,1.8366908,0.0,0.0,1.8366908
669,THEMIS2,121.44375,1.8366795,0.0,0.0,1.8366795
1807,RNF182,102.37487,1.8364836,0.0,0.0,1.8364836
2916,PIMREG,87.16712,1.8356928,0.0,0.0,1.8356928
1265,CLIP2,110.7006,1.8346794,0.0,0.0,1.8346794
14526,FGF13,-133.07004,-1.8343375,0.0,0.0,1.8343375
1059,LINC01852,114.18956,1.8336992,0.0,0.0,1.8336992
1176,MX2,112.25044,1.8329986,0.0,0.0,1.8329986
1669,TEKT3,104.39968,1.8329084,0.0,0.0,1.8329084
4888,UBA7,59.40716,1.8320359,0.0,0.0,1.8320359
4613,PITX3,63.22679,1.8304378,0.0,0.0,1.8304378
2002,CD82,99.43291,1.8294572,0.0,0.0,1.8294572
4658,KCNK15,62.610645,1.8293988,0.0,0.0,1.8293988
1218,GRIN2A,111.5697,1.8284198,0.0,0.0,1.8284198
13403,EREG,-98.56003,-1.8281735,0.0,0.0,1.8281735
13821,S100A4,-110.19803,-1.8280607,0.0,0.0,1.8280607
541,FKBP11,124.056015,1.8277282,0.0,0.0,1.8277282
7922,SCN3B,13.627895,1.826108,2.7334911281940826e-42,3.0626582248429735e-42,1.826108
1418,ZMIZ1-AS1,108.44988,1.8246367,0.0,0.0,1.8246367
6273,DLL3,38.958027,1.8241537,0.0,0.0,1.8241537
778,DNMT3B,119.19766,1.8230705,0.0,0.0,1.8230705
14145,GPX3,-119.638916,-1.8225173,0.0,0.0,1.8225173
13835,CCDC63,-110.600136,-1.8224434,0.0,0.0,1.8224434
10561,PLCE1-AS1,-32.472523,1.8221018,2.605426476514104e-231,3.5182627763981314e-231,1.8221018
4129,RELB,69.873535,1.8203305,0.0,0.0,1.8203305
13273,MAP3K5,-94.558586,-1.8191303,0.0,0.0,1.8191303
3145,P2RX3,84.002365,1.819068,0.0,0.0,1.819068
185,TYRO3,132.4519,1.8187379,0.0,0.0,1.8187379
1319,CHTF18,109.98691,1.8183382,0.0,0.0,1.8183382
2758,CDC20,88.881355,1.8172281,0.0,0.0,1.8172281
14568,PPTC7,-134.26093,-1.8168061,0.0,0.0,1.8168061
3085,DDC,84.70202,1.8164583,0.0,0.0,1.8164583
11765,HEY2,-56.82929,-1.8152177,0.0,0.0,1.8152177
2011,EME1,99.30537,1.8148291,0.0,0.0,1.8148291
9687,AREG,-16.440178,1.8142989,9.862851159063426e-61,1.1347137191844671e-60,1.8142989
457,MFSD2A,125.937065,1.8135273,0.0,0.0,1.8135273
2884,CDK1,87.54642,1.8132818,0.0,0.0,1.8132818
2348,SVEP1,94.27915,1.8114874,0.0,0.0,1.8114874
14139,KAZALD1,-119.47318,-1.8104615,0.0,0.0,1.8104615
1182,PLEKHG4,112.19336,1.8097684,0.0,0.0,1.8097684
1693,EMX2OS,104.16544,1.8091327,0.0,0.0,1.8091327
287,FNBP1L,129.55904,1.808645,0.0,0.0,1.808645
2697,GLYATL2,89.72177,1.8086045,0.0,0.0,1.8086045
14090,TP53INP2,-118.10833,-1.8082333,0.0,0.0,1.8082333
1481,CDH20,107.36818,1.8080529,0.0,0.0,1.8080529
13669,ITPKA,-105.59868,-1.8077197,0.0,0.0,1.8077197
1349,KCTD8,109.4439,1.8068128,0.0,0.0,1.8068128
374,SH3RF1,127.64714,1.806525,0.0,0.0,1.806525
6750,LINC00857,31.765348,1.8060803,1.9493075975070322e-221,2.612995388523752e-221,1.8060803
2923,KCND2,87.11809,1.8054004,0.0,0.0,1.8054004
4512,LINC02802,64.72767,1.8047891,0.0,0.0,1.8047891
623,CTSK,122.34109,1.8043393,0.0,0.0,1.8043393
14573,ABLIM1,-134.43445,-1.8039765,0.0,0.0,1.8039765
2338,AURKB,94.38045,1.803909,0.0,0.0,1.803909
5128,LINC02763,56.208836,1.8031222,0.0,0.0,1.8031222
267,TMSB15B,130.04042,1.8010069,0.0,0.0,1.8010069
14590,MGAT5,-134.88492,-1.800581,0.0,0.0,1.800581
7542,C10orf67,19.711313,1.800489,1.7243457205976273e-86,2.045901710574673e-86,1.800489
1439,JCAD,108.099655,1.8004555,0.0,0.0,1.8004555
13731,BEST3,-107.34855,-1.800116,0.0,0.0,1.800116
37,UTP18,138.47417,1.8000603,0.0,0.0,1.8000603
4257,EGR2,68.19545,1.7998941,0.0,0.0,1.7998941
2723,NUSAP1,89.46478,1.7996397,0.0,0.0,1.7996397
699,PRPS2,120.724724,1.7983674,0.0,0.0,1.7983674
2073,SLC22A1,98.24506,1.7970881,0.0,0.0,1.7970881
907,VSTM2B,116.878235,1.7966945,0.0,0.0,1.7966945
14040,LINC01977,-116.492386,-1.796626,0.0,0.0,1.796626
14207,CLDN14,-121.77417,-1.7957048,0.0,0.0,1.7957048
415,TRAF5,126.89908,1.7956824,0.0,0.0,1.7956824
12588,RASD2,-75.85238,-1.7956405,0.0,0.0,1.7956405
14289,JAG2,-125.0309,-1.7946182,0.0,0.0,1.7946182
1795,NRARP,102.60465,1.794507,0.0,0.0,1.794507
298,FTL,129.19603,1.7943529,0.0,0.0,1.7943529
6488,VDR,35.859188,1.7941151,1.3225652690411328e-281,1.8574777940482044e-281,1.7941151
13648,LINC02427,-104.86355,-1.7939124,0.0,0.0,1.7939124
1524,SPAG6,106.46048,1.7920792,0.0,0.0,1.7920792
14121,C12orf75,-118.945885,-1.7919989,0.0,0.0,1.7919989
1152,TMEM221,112.600395,1.7914557,0.0,0.0,1.7914557
14514,INPP5J,-132.7274,-1.7909435,0.0,0.0,1.7909435
74,ZNF670,136.47928,1.7906995,0.0,0.0,1.7906995
12289,FAM220A,-69.04288,-1.7896832,0.0,0.0,1.7896832
12533,SV2C,-74.62085,-1.7890844,0.0,0.0,1.7890844
2241,LINC02413,95.75585,1.7884929,0.0,0.0,1.7884929
2265,ENPP1,95.44112,1.7873093,0.0,0.0,1.7873093
14198,MYLK3,-121.52926,-1.7870835,0.0,0.0,1.7870835
2951,NUF2,86.666466,1.7859334,0.0,0.0,1.7859334
464,SHF,125.694374,1.7849427,0.0,0.0,1.7849427
903,CHRNE,116.93638,1.7848998,0.0,0.0,1.7848998
13928,ARHGEF37,-113.3971,-1.7834374,0.0,0.0,1.7834374
14599,COX14,-135.07726,-1.7825376,0.0,0.0,1.7825376
3666,STRIT1,77.2797,1.7817485,0.0,0.0,1.7817485
2474,CDCA7,92.419754,1.7815255,0.0,0.0,1.7815255
1115,MAPK10,113.26676,1.7814888,0.0,0.0,1.7814888
7217,LINC01239,24.574717,1.7814372,2.3545052137681626e-133,2.9277829148482954e-133,1.7814372
1893,DPP10-AS1,101.045296,1.7814002,0.0,0.0,1.7814002
3292,FAM178B,82.09202,1.7809951,0.0,0.0,1.7809951
2003,CDC7,99.39124,1.7806938,0.0,0.0,1.7806938
989,THBS3,115.461876,1.7801783,0.0,0.0,1.7801783
3055,GRHL2,85.07978,1.7792622,0.0,0.0,1.7792622
14521,RAB3IP,-132.95851,-1.7778468,0.0,0.0,1.7778468
2010,TRANK1,99.32262,1.7777258,0.0,0.0,1.7777258
13991,NPIPB9,-115.09509,-1.7777114,0.0,0.0,1.7777114
1801,PKP3,102.47936,1.7768412,0.0,0.0,1.7768412
1419,MIS18BP1,108.44412,1.7762395,0.0,0.0,1.7762395
2253,DPP10,95.57249,1.7761056,0.0,0.0,1.7761056
14661,CRY2,-137.06609,-1.7756927,0.0,0.0,1.7756927
3432,KCNH6,80.37869,1.7755209,0.0,0.0,1.7755209
2826,KRT18,88.11727,1.7752342,0.0,0.0,1.7752342
14395,ATP6V0E2,-128.56505,-1.7752229,0.0,0.0,1.7752229
1869,SLFN12,101.50402,1.774274,0.0,0.0,1.774274
14175,PAM,-120.954994,-1.7726496,0.0,0.0,1.7726496
2957,KCNS3,86.62031,1.7723864,0.0,0.0,1.7723864
1658,FAM114A1,104.60848,1.7721897,0.0,0.0,1.7721897
6407,ANGPT4,36.960262,1.7716997,4.983578692865357e-299,7.091868700238545e-299,1.7716997
2897,ITPR3,87.42041,1.7714787,0.0,0.0,1.7714787
4562,F2RL3,64.055244,1.7714611,0.0,0.0,1.7714611
4473,IL1RAPL2,65.21404,1.7706763,0.0,0.0,1.7706763
498,MINDY4,124.92673,1.7705809,0.0,0.0,1.7705809
14349,NUP210,-127.13621,-1.7690566,0.0,0.0,1.7690566
13396,PEBP4,-98.302124,-1.7689217,0.0,0.0,1.7689217
4344,SYT5,66.86093,1.7681524,0.0,0.0,1.7681524
9228,GBP1,-8.766493,1.7679198,1.8431719776267686e-18,1.982312081231516e-18,1.7679198
11741,PIK3AP1,-56.07128,-1.7677717,0.0,0.0,1.7677717
6481,RNF128,35.947987,1.7666326,5.44178940754093e-283,7.649969545330761e-283,1.7666326
319,CDC42EP4,128.68536,1.7664096,0.0,0.0,1.7664096
641,NCF2,121.97946,1.7663363,0.0,0.0,1.7663363
13043,FZD1,-87.44225,-1.765464,0.0,0.0,1.765464
13628,NIM1K,-104.36922,-1.7653807,0.0,0.0,1.7653807
14147,CDKL2,-119.776535,-1.7649783,0.0,0.0,1.7649783
3582,ALDH1A2,78.27508,1.7646822,0.0,0.0,1.7646822
13652,PPFIA4,-104.96672,-1.7643758,0.0,0.0,1.7643758
12320,CILP,-69.75012,1.7638376,0.0,0.0,1.7638376
13871,SNPH,-111.938965,-1.7635206,0.0,0.0,1.7635206
13610,VWDE,-103.9778,-1.7633668,0.0,0.0,1.7633668
862,TMEM54,117.663666,1.7621771,0.0,0.0,1.7621771
13672,DOCK9-DT,-105.694626,-1.7614238,0.0,0.0,1.7614238
2151,NOS3,97.04767,1.7603356,0.0,0.0,1.7603356
239,PAPSS1,130.85204,1.7601733,0.0,0.0,1.7601733
13575,FAM131C,-103.29591,-1.7599871,0.0,0.0,1.7599871
6244,LINC02084,39.55006,1.7599481,0.0,0.0,1.7599481
13905,NPIPB6,-112.93847,-1.7595165,0.0,0.0,1.7595165
4679,TRPA1,62.260586,1.7587371,0.0,0.0,1.7587371
564,SOX4,123.4138,1.7584738,0.0,0.0,1.7584738
1796,DNAH9,102.5626,1.758118,0.0,0.0,1.758118
13958,RETREG1,-114.0296,-1.7578522,0.0,0.0,1.7578522
1267,VWCE,110.667755,1.7570592,0.0,0.0,1.7570592
4514,SCN4B,64.70935,1.7570033,0.0,0.0,1.7570033
4830,RAMP2-AS1,60.108677,1.7569131,0.0,0.0,1.7569131
2876,TWIST1,87.570274,1.7562047,0.0,0.0,1.7562047
2902,VSIG10L2,87.345146,1.7560029,0.0,0.0,1.7560029
14017,COL7A1,-115.73276,-1.7559686,0.0,0.0,1.7559686
13537,NOXA1,-101.9796,-1.7551696,0.0,0.0,1.7551696
2530,FANCD2,91.802826,1.7540991,0.0,0.0,1.7540991
14123,CASKIN1,-119.02372,-1.7535813,0.0,0.0,1.7535813
2819,PHOX2A,88.19467,1.7531415,0.0,0.0,1.7531415
2551,TLCD3B,91.4956,1.7529472,0.0,0.0,1.7529472
5108,PDE6G,56.419353,1.7529328,0.0,0.0,1.7529328
14356,ATP13A3,-127.256454,-1.7524301,0.0,0.0,1.7524301
222,FHL3,131.26965,1.7523013,0.0,0.0,1.7523013
3464,RUNX3,79.95778,1.751664,0.0,0.0,1.751664
4162,MEX3B,69.398254,1.7510046,0.0,0.0,1.7510046
3602,UNC13A,78.0697,1.7501733,0.0,0.0,1.7501733
7145,SYNPO,25.814056,1.7498326,6.16604092747516e-147,7.760399948691794e-147,1.7498326
1298,CYP4A22-AS1,110.23617,1.749194,0.0,0.0,1.749194
1226,ABCC3,111.39515,1.7479355,0.0,0.0,1.7479355
945,CNTN2,115.98162,1.7474604,0.0,0.0,1.7474604
13260,LPAR3,-94.24213,-1.7466114,0.0,0.0,1.7466114
13387,PLEKHA2,-98.132324,-1.7448252,0.0,0.0,1.7448252
108,APBB2,134.83891,1.7437829,0.0,0.0,1.7437829
14216,MYO18A,-122.098,-1.7429026,0.0,0.0,1.7429026
14267,PPP1R9A,-123.811775,-1.7420614,0.0,0.0,1.7420614
2152,CDCP1,97.0414,1.7420125,0.0,0.0,1.7420125
2835,MLPH,87.951584,1.7414896,0.0,0.0,1.7414896
3297,ESPL1,82.040504,1.7411876,0.0,0.0,1.7411876
14405,AMIGO1,-128.91031,-1.7410645,0.0,0.0,1.7410645
1647,ATP8B1,104.72953,1.7399378,0.0,0.0,1.7399378
10336,UGT2B7,-28.304232,1.7396202,3.065280354145846e-176,3.962448612598016e-176,1.7396202
14611,NNT,-135.5129,-1.7395144,0.0,0.0,1.7395144
14559,MMP15,-134.06734,-1.7393552,0.0,0.0,1.7393552
1167,PACC1,112.37698,1.7378398,0.0,0.0,1.7378398
1397,KLF10,108.683,1.7377551,0.0,0.0,1.7377551
14340,NDRG2,-126.928696,-1.7376616,0.0,0.0,1.7376616
14286,RNF208,-124.808334,-1.7374132,0.0,0.0,1.7374132
7041,PGA5,27.33858,1.7365899,1.4763237633167501e-164,1.8883447808323177e-164,1.7365899
2133,MELK,97.335495,1.7365569,0.0,0.0,1.7365569
3554,SPTBN2,78.63874,1.7363008,0.0,0.0,1.7363008
2477,RAD51,92.36862,1.7361162,0.0,0.0,1.7361162
4201,GLIS3,68.93594,1.735961,0.0,0.0,1.735961
1424,IGFBP4,108.30959,1.7355719,0.0,0.0,1.7355719
187,TTC39C,132.38835,1.7344667,0.0,0.0,1.7344667
2594,PRKG2,91.00105,1.7339797,0.0,0.0,1.7339797
13615,PER3,-104.03563,-1.7337877,0.0,0.0,1.7337877
1507,LINC02562,106.70261,1.7332988,0.0,0.0,1.7332988
3048,PHLDA1,85.185356,1.7332786,0.0,0.0,1.7332786
14323,GALNT16,-126.25861,-1.7329121,0.0,0.0,1.7329121
1899,ARHGAP9,100.98679,1.7314773,0.0,0.0,1.7314773
1353,IER2,109.396126,1.731259,0.0,0.0,1.731259
1015,SYNE3,115.02398,1.7312502,0.0,0.0,1.7312502
5531,RHBDL3,50.25483,1.7309854,0.0,0.0,1.7309854
841,TMPRSS9,118.04541,1.7309786,0.0,0.0,1.7309786
333,DPYSL2,128.46356,1.730964,0.0,0.0,1.730964
2615,CDCA8,90.731285,1.7303356,0.0,0.0,1.7303356
3108,DLGAP5,84.48259,1.7288064,0.0,0.0,1.7288064
13275,PROSER2-AS1,-94.67324,-1.7285882,0.0,0.0,1.7285882
14035,SLC14A1,-116.36509,-1.7283986,0.0,0.0,1.7283986
1405,OSBPL6,108.59072,1.7276787,0.0,0.0,1.7276787
14141,MCF2L-AS1,-119.526375,-1.7261453,0.0,0.0,1.7261453
3080,CYP2A13,84.737305,1.7259018,0.0,0.0,1.7259018
808,GPRIN2,118.56171,1.7252524,0.0,0.0,1.7252524
14677,COX7B,-137.48462,-1.7252216,0.0,0.0,1.7252216
2346,CCDC150,94.307045,1.7251463,0.0,0.0,1.7251463
13759,OSR1,-108.35037,-1.7247515,0.0,0.0,1.7247515
13352,HAND2-AS1,-97.06956,-1.7242036,0.0,0.0,1.7242036
13201,FBXO32,-92.387085,-1.7241285,0.0,0.0,1.7241285
4683,MYRF,62.17824,1.7239658,0.0,0.0,1.7239658
2124,SLC5A12,97.39083,1.7238852,0.0,0.0,1.7238852
3037,TFF3,85.35586,1.7236708,0.0,0.0,1.7236708
875,SLC7A8,117.515434,1.7229661,0.0,0.0,1.7229661
12636,PPM1K-DT,-76.80212,-1.722827,0.0,0.0,1.722827
2853,GPR137B,87.73937,1.7228255,0.0,0.0,1.7228255
2823,LYPD6B,88.143036,1.7227138,0.0,0.0,1.7227138
3019,MAFB,85.580765,1.7223905,0.0,0.0,1.7223905
14419,ANKH,-129.27032,-1.7215102,0.0,0.0,1.7215102
920,OXT,116.62183,1.7214915,0.0,0.0,1.7214915
14693,SLC20A2,-138.28987,-1.7210146,0.0,0.0,1.7210146
13017,TOX,-86.687004,-1.7208964,0.0,0.0,1.7208964
14027,MTSS1,-116.03157,-1.7204802,0.0,0.0,1.7204802
3979,ACKR3,72.40852,1.7204077,0.0,0.0,1.7204077
1049,BAIAP2L2,114.34611,1.7201428,0.0,0.0,1.7201428
2203,HSD11B2,96.26306,1.7201124,0.0,0.0,1.7201124
2786,CCL26,88.57496,1.719865,0.0,0.0,1.719865
1578,LINC01967,105.838524,1.7184011,0.0,0.0,1.7184011
302,KLF3,129.13438,1.7178693,0.0,0.0,1.7178693
13767,KRTDAP,-108.518394,-1.7175059,0.0,0.0,1.7175059
13520,ANKRD18A,-101.66771,-1.7174118,0.0,0.0,1.7174118
14257,PYGL,-123.44342,-1.7166321,0.0,0.0,1.7166321
13581,RAB9B,-103.39392,-1.7160803,0.0,0.0,1.7160803
2488,CLDN4,92.28618,1.7154856,0.0,0.0,1.7154856
1296,PLEKHN1,110.25892,1.714288,0.0,0.0,1.714288
12592,ATP8A1,-75.93454,-1.7141169,0.0,0.0,1.7141169
509,WIPF1,124.720436,1.7135172,0.0,0.0,1.7135172
574,FLT3LG,123.21351,1.7131076,0.0,0.0,1.7131076
11651,DBNDD2,-53.741505,-1.7129561,0.0,0.0,1.7129561
1339,ARL6IP1,109.6101,1.7118945,0.0,0.0,1.7118945
997,LRRC34,115.30388,1.711252,0.0,0.0,1.711252
13489,HCN2,-100.913025,-1.7109213,0.0,0.0,1.7109213
1089,TNFAIP8L1,113.65941,1.7100253,0.0,0.0,1.7100253
571,TPM3,123.28483,1.708976,0.0,0.0,1.708976
972,TMEM169,115.6381,1.7087767,0.0,0.0,1.7087767
13572,LINC01508,-103.22728,-1.7079226,0.0,0.0,1.7079226
7654,ABI3BP,17.717392,1.7076583,3.0786288723423276e-70,3.587017425226574e-70,1.7076583
13986,DBNDD1,-114.856926,-1.7067862,0.0,0.0,1.7067862
1542,GPR143,106.268616,1.705961,0.0,0.0,1.705961
5219,CRB1,54.972424,1.7047199,0.0,0.0,1.7047199
13456,PLXNA4,-100.14392,-1.7039732,0.0,0.0,1.7039732
2436,TLR6,93.06359,1.7033253,0.0,0.0,1.7033253
3336,SYCE2,81.6024,1.7032512,0.0,0.0,1.7032512
7864,ARAP2,14.550172,1.7025608,5.825688231764768e-48,6.578906736107765e-48,1.7025608
12768,RASD1,-80.1452,-1.7023096,0.0,0.0,1.7023096
247,OLFM2,130.63455,1.7016807,0.0,0.0,1.7016807
530,SLC29A3,124.29172,1.70133,0.0,0.0,1.70133
1698,ANGPTL4,104.08819,1.6997256,0.0,0.0,1.6997256
3003,MAMLD1,85.80686,1.6985738,0.0,0.0,1.6985738
13,PTBP1,139.73613,1.698016,0.0,0.0,1.698016
59,KYAT3,137.24124,1.6965531,0.0,0.0,1.6965531
14032,DGAT2,-116.23907,-1.6956177,0.0,0.0,1.6956177
94,ABRACL,135.35292,1.6955993,0.0,0.0,1.6955993
5935,VCX,44.141953,1.6952101,0.0,0.0,1.6952101
13951,GFY,-113.84598,-1.6947451,0.0,0.0,1.6947451
3151,CENPF,83.903275,1.694572,0.0,0.0,1.694572
2001,RFC3,99.44802,1.6939043,0.0,0.0,1.6939043
1242,VAC14-AS1,111.13195,1.6922221,0.0,0.0,1.6922221
4068,CA10,70.865395,1.6919712,0.0,0.0,1.6919712
1312,LHFPL1,110.04864,1.6917219,0.0,0.0,1.6917219
13593,PACRG,-103.624855,-1.6914421,0.0,0.0,1.6914421
442,TPM4,126.20866,1.6911323,0.0,0.0,1.6911323
1467,SLCO6A1,107.629974,1.6906312,0.0,0.0,1.6906312
3936,GPC5-AS1,73.1107,1.6904612,0.0,0.0,1.6904612
45,EML4,138.0008,1.6903031,0.0,0.0,1.6903031
9565,CARD6,-14.594479,1.6897812,3.045333345909901e-48,3.4409065102232014e-48,1.6897812
14311,ITSN2,-125.83191,-1.6894135,0.0,0.0,1.6894135
4761,GNG8,61.131012,1.6885848,0.0,0.0,1.6885848
14325,LRRC24,-126.310196,-1.6885644,0.0,0.0,1.6885644
1337,SH2D5,109.62369,1.6877983,0.0,0.0,1.6877983
13384,RTL9,-97.90981,-1.6877265,0.0,0.0,1.6877265
1146,CGN,112.655754,1.6874237,0.0,0.0,1.6874237
1045,COL6A1,114.390915,1.6871481,0.0,0.0,1.6871481
14248,FILIP1,-122.97435,-1.6870073,0.0,0.0,1.6870073
13393,NAV3,-98.26058,-1.6856031,0.0,0.0,1.6856031
2983,CYSLTR2,86.081856,1.6853615,0.0,0.0,1.6853615
2230,SCNN1A,95.91579,1.6848054,0.0,0.0,1.6848054
3818,GATA2-AS1,74.89508,1.6847346,0.0,0.0,1.6847346
14600,CLUH,-135.17964,-1.6846986,0.0,0.0,1.6846986
10960,TGFA,-39.34651,-1.6842717,0.0,0.0,1.6842717
1979,SGK2,99.79538,1.6841853,0.0,0.0,1.6841853
14729,MFN2,-139.23357,-1.6837829,0.0,0.0,1.6837829
14003,ACOT1,-115.497154,-1.6834476,0.0,0.0,1.6834476
14533,SLC25A23,-133.17871,-1.6833571,0.0,0.0,1.6833571
13582,POLN,-103.40452,-1.6826502,0.0,0.0,1.6826502
14097,FYCO1,-118.41973,-1.6797894,0.0,0.0,1.6797894
12831,SLC30A1,-81.7014,-1.6787744,0.0,0.0,1.6787744
3842,MAF,74.44848,1.6778128,0.0,0.0,1.6778128
1417,TMEM31,108.45532,1.6771873,0.0,0.0,1.6771873
1483,LINC02021,107.338425,1.6770682,0.0,0.0,1.6770682
3274,NR6A1,82.25703,1.6768779,0.0,0.0,1.6768779
5459,TRIB3,51.326412,1.6767162,0.0,0.0,1.6767162
13753,XK,-108.19521,-1.6765207,0.0,0.0,1.6765207
112,RECK,134.72794,1.6760591,0.0,0.0,1.6760591
13975,NUDT4B,-114.512505,-1.6756209,0.0,0.0,1.6756209
1705,TMEM87B,103.9489,1.6753256,0.0,0.0,1.6753256
14496,SAMD10,-131.95476,-1.6752057,0.0,0.0,1.6752057
1740,CP,103.46143,1.6751622,0.0,0.0,1.6751622
2121,MAFA-AS1,97.442894,1.6739907,0.0,0.0,1.6739907
1404,CCDC39,108.59283,1.6739494,0.0,0.0,1.6739494
1390,LINC02749,108.757126,1.6731946,0.0,0.0,1.6731946
14565,KLRG1,-134.22667,-1.6730579,0.0,0.0,1.6730579
6406,SEMA3D,37.000454,1.6725755,1.1260385372186253e-299,1.6033292574394615e-299,1.6725755
10028,FAM182B,-22.610212,1.6723967,3.4387935328335e-113,4.196556149547736e-113,1.6723967
13361,ST8SIA5,-97.2932,-1.6721312,0.0,0.0,1.6721312
3033,PCLO,85.4021,1.6721201,0.0,0.0,1.6721201
2343,PRIM1,94.326546,1.6719334,0.0,0.0,1.6719334
14189,LINC02478,-121.35379,-1.6718849,0.0,0.0,1.6718849
13996,LGI4,-115.1735,-1.6715013,0.0,0.0,1.6715013
2609,CIT,90.82122,1.6708634,0.0,0.0,1.6708634
1591,CASC11,105.623634,1.6707724,0.0,0.0,1.6707724
13814,SMIM10L2A,-109.98219,-1.6703887,0.0,0.0,1.6703887
12179,CNTNAP3,-66.54889,-1.6703492,0.0,0.0,1.6703492
14552,ANKRD9,-133.88577,-1.6703098,0.0,0.0,1.6703098
2385,LGALS9,93.620155,1.6702679,0.0,0.0,1.6702679
636,PTCH2,122.14765,1.670175,0.0,0.0,1.670175
1132,XYLB,112.93502,1.6699033,0.0,0.0,1.6699033
708,ZEB2-AS1,120.55509,1.669322,0.0,0.0,1.669322
2372,RGS2,93.82556,1.6685876,0.0,0.0,1.6685876
2962,CTSV,86.561325,1.6679682,0.0,0.0,1.6679682
13721,LRRC66,-107.15402,-1.6678659,0.0,0.0,1.6678659
734,PITPNC1,120.015175,1.6675532,0.0,0.0,1.6675532
1533,SHANK2-AS1,106.37247,1.6675009,0.0,0.0,1.6675009
1168,OTUD7A,112.34018,1.6669294,0.0,0.0,1.6669294
4359,ETV2,66.64103,1.6666836,0.0,0.0,1.6666836
4364,KCNH5,66.57828,1.6661122,0.0,0.0,1.6661122
1804,AKAP12,102.46725,1.6659671,0.0,0.0,1.6659671
13988,IGIP,-115.02377,-1.6659573,0.0,0.0,1.6659573
13028,EPPK1,-87.06927,-1.6658581,0.0,0.0,1.6658581
3848,TMEM130,74.36488,1.6654328,0.0,0.0,1.6654328
4259,NYX,68.16789,1.6650053,0.0,0.0,1.6650053
2040,SYT17,98.763016,1.6641103,0.0,0.0,1.6641103
1786,TMEM108,102.82761,1.6636859,0.0,0.0,1.6636859
10035,PTGS1,-22.711044,1.6633162,3.484640947557413e-114,4.257410815818765e-114,1.6633162
11859,FGF5,-59.194176,-1.6632886,0.0,0.0,1.6632886
12043,ICAM5,-63.464775,-1.6632469,0.0,0.0,1.6632469
1118,LEF1,113.19732,1.6625397,0.0,0.0,1.6625397
1088,TMEFF1,113.66653,1.6625319,0.0,0.0,1.6625319
1793,GJA1,102.69557,1.662384,0.0,0.0,1.662384
3436,ISG20,80.35268,1.662238,0.0,0.0,1.662238
1620,KCNG1,105.11715,1.6612669,0.0,0.0,1.6612669
9781,CXCR2,-18.271988,1.661211,1.3832029680336967e-74,1.6186115842597253e-74,1.661211
4623,PWRN1,63.133755,1.6603818,0.0,0.0,1.6603818
1858,TUBA1C,101.68316,1.6603447,0.0,0.0,1.6603447
14114,CTF1,-118.85391,-1.6599848,0.0,0.0,1.6599848
4320,ELMO1,67.15789,1.6597369,0.0,0.0,1.6597369
465,PLSCR1,125.69354,1.6595416,0.0,0.0,1.6595416
14358,ZCWPW1,-127.28698,-1.6593139,0.0,0.0,1.6593139
13331,ADGRD1-AS1,-96.57169,-1.6582091,0.0,0.0,1.6582091
754,ZNF273,119.602356,1.6580495,0.0,0.0,1.6580495
2035,SEMA3F-AS1,98.84548,1.6576648,0.0,0.0,1.6576648
13785,LINC01909,-109.19978,-1.6576011,0.0,0.0,1.6576011
587,VASH2,122.977425,1.6575674,0.0,0.0,1.6575674
269,PDE9A,130.00833,1.6568193,0.0,0.0,1.6568193
1403,CATSPER4,108.60148,1.6563206,0.0,0.0,1.6563206
13554,PLA2G4C,-102.47508,-1.6547221,0.0,0.0,1.6547221
2865,CTNNA2,87.64764,1.6542575,0.0,0.0,1.6542575
3178,FOLH1,83.47664,1.6542062,0.0,0.0,1.6542062
7353,SH2D3C,22.541735,1.6539513,1.6185307852120463e-112,1.9740485259440675e-112,1.6539513
13565,DUOX2,-102.86396,-1.6538707,0.0,0.0,1.6538707
2544,HMOX1,91.55492,1.6514639,0.0,0.0,1.6514639
10193,SCTR,-25.814264,1.6511025,6.132974504216815e-147,7.719438587120392e-147,1.6511025
13903,FBN2,-112.86862,-1.6498914,0.0,0.0,1.6498914
13795,HSPA4L,-109.46498,-1.6493764,0.0,0.0,1.6493764
14037,GBE1,-116.45201,-1.6487149,0.0,0.0,1.6487149
5037,RAB32,57.33937,1.6485357,0.0,0.0,1.6485357
1713,PDE10A,103.86593,1.6481344,0.0,0.0,1.6481344
3263,UNC5C,82.46473,1.6478757,0.0,0.0,1.6478757
13766,LTK,-108.45284,-1.6475617,0.0,0.0,1.6475617
2227,WDR72,95.94928,1.6475279,0.0,0.0,1.6475279
14104,CPEB4,-118.67973,-1.6473432,0.0,0.0,1.6473432
4563,DOCK8,64.04588,1.6468033,0.0,0.0,1.6468033
2467,CENPU,92.54601,1.6455591,0.0,0.0,1.6455591
6606,FADS6,34.153114,1.6453234,1.2021421234480359e-255,1.6551215960692368e-255,1.6453234
4019,PCSK1,71.75555,1.6452143,0.0,0.0,1.6452143
13234,LINC01778,-93.31091,-1.6446288,0.0,0.0,1.6446288
1720,RBM43,103.78215,1.6434126,0.0,0.0,1.6434126
1430,NRP2,108.206116,1.6434058,0.0,0.0,1.6434058
3210,LINC01801,83.09549,1.6430314,0.0,0.0,1.6430314
4961,NCKAP1L,58.592384,1.6427149,0.0,0.0,1.6427149
3519,SEL1L3,79.10469,1.6425326,0.0,0.0,1.6425326
13570,NEK10,-103.18773,-1.6410549,0.0,0.0,1.6410549
5807,RASSF2,46.083084,1.6408298,0.0,0.0,1.6408298
13482,SLC38A3,-100.80745,-1.6406562,0.0,0.0,1.6406562
1081,TMEM35B,113.824875,1.6404384,0.0,0.0,1.6404384
2804,NETO1,88.39715,1.6393828,0.0,0.0,1.6393828
11334,SLC26A5,-47.519974,1.6392533,0.0,0.0,1.6392533
1599,SEMA3F,105.52103,1.6384559,0.0,0.0,1.6384559
1730,PTPN13,103.68072,1.6382189,0.0,0.0,1.6382189
174,GMDS,132.71808,1.6372954,0.0,0.0,1.6372954
3159,UGT3A2,83.83223,1.6366863,0.0,0.0,1.6366863
3547,DOCK10,78.77674,1.6366254,0.0,0.0,1.6366254
2015,RASL12,99.232765,1.6352992,0.0,0.0,1.6352992
13860,CADPS2,-111.49622,-1.6350653,0.0,0.0,1.6350653
1029,PLAAT4,114.67311,1.6346812,0.0,0.0,1.6346812
13922,INAFM2,-113.213165,-1.6346502,0.0,0.0,1.6346502
11763,ENO2,-56.806274,-1.6344209,0.0,0.0,1.6344209
2352,CTCFL,94.17175,1.6339461,0.0,0.0,1.6339461
955,GALNT4,115.829056,1.631496,0.0,0.0,1.631496
385,SLC10A7,127.39635,1.6308564,0.0,0.0,1.6308564
4140,AP1S3,69.65543,1.6296395,0.0,0.0,1.6296395
1771,TOX2,102.97748,1.6283752,0.0,0.0,1.6283752
897,ATP2B1,117.05634,1.6280689,0.0,0.0,1.6280689
4844,PCOLCE2,59.949474,1.6280626,0.0,0.0,1.6280626
12926,RASA4B,-84.53293,-1.6279591,0.0,0.0,1.6279591
12261,RABGAP1L-DT,-68.33023,-1.6275085,0.0,0.0,1.6275085
14253,MRPS30-DT,-123.19597,-1.6273389,0.0,0.0,1.6273389
3738,TNFAIP3,76.07159,1.627197,0.0,0.0,1.627197
4770,MAML2,61.03909,1.6271067,0.0,0.0,1.6271067
4163,LINC01914,69.396,1.6265982,0.0,0.0,1.6265982
2310,CDR2,94.86487,1.6263927,0.0,0.0,1.6263927
2456,ZNF37A,92.79552,1.6254784,0.0,0.0,1.6254784
1757,PRRT2,103.150444,1.6254545,0.0,0.0,1.6254545
11382,HGD,-48.353382,1.6251777,0.0,0.0,1.6251777
14109,ARHGAP31,-118.72197,-1.625031,0.0,0.0,1.625031
14302,LAMB2,-125.38825,-1.6249609,0.0,0.0,1.6249609
42,SRSF9,138.16266,1.6247357,0.0,0.0,1.6247357
2323,ATAD5,94.587234,1.6246567,0.0,0.0,1.6246567
928,LHFPL4,116.43703,1.6238555,0.0,0.0,1.6238555
14367,GAB1,-127.669655,-1.6237338,0.0,0.0,1.6237338
1315,FXYD3,110.019325,1.6224656,0.0,0.0,1.6224656
3657,PNMA8C,77.37155,1.6220161,0.0,0.0,1.6220161
785,FLNA,119.0595,1.6213517,0.0,0.0,1.6213517
13992,TANC1,-115.13306,-1.6211911,0.0,0.0,1.6211911
13769,TSHZ2,-108.65884,-1.6204545,0.0,0.0,1.6204545
13714,NKPD1,-107.00538,-1.6203959,0.0,0.0,1.6203959
1495,LINC02315,107.10042,1.619829,0.0,0.0,1.619829
1482,FLNB,107.34082,1.6182573,0.0,0.0,1.6182573
6024,PTPRN,42.87913,1.6176177,0.0,0.0,1.6176177
2480,NECAB2,92.35212,1.6174889,0.0,0.0,1.6174889
3898,GRIK4,73.609985,1.6165134,0.0,0.0,1.6165134
4252,BHMT,68.327156,1.6159374,0.0,0.0,1.6159374
3244,LRP1B,82.70713,1.615074,0.0,0.0,1.615074
12957,PIGZ,-85.13777,-1.6150254,0.0,0.0,1.6150254
13776,SCN2B,-108.90259,-1.6142819,0.0,0.0,1.6142819
1607,IFITM2,105.40507,1.6140748,0.0,0.0,1.6140748
14205,TBC1D4,-121.75372,-1.61401,0.0,0.0,1.61401
7445,APLN,21.21971,1.6133374,6.281095351336514e-100,7.562504071738256e-100,1.6133374
936,PTPN7,116.25121,1.6126465,0.0,0.0,1.6126465
14184,TPD52L1,-121.25541,-1.6125991,0.0,0.0,1.6125991
3906,TTLL9,73.49477,1.612359,0.0,0.0,1.612359
13290,AQP10,-95.166916,-1.6111586,0.0,0.0,1.6111586
622,FES,122.39173,1.6110493,0.0,0.0,1.6110493
1513,NEK6,106.647995,1.6098777,0.0,0.0,1.6098777
14042,HID1,-116.54191,-1.6098727,0.0,0.0,1.6098727
2382,BLM,93.681755,1.6098114,0.0,0.0,1.6098114
13406,FRK,-98.62401,-1.6096486,0.0,0.0,1.6096486
13947,SMPDL3B,-113.770355,-1.6092197,0.0,0.0,1.6092197
5419,DGKG,51.99147,1.6091679,0.0,0.0,1.6091679
1122,NHLH1,113.16127,1.608355,0.0,0.0,1.608355
14111,LYNX1,-118.8123,-1.6080188,0.0,0.0,1.6080188
10602,USP18,-33.106873,-1.6062524,2.3667389112513942e-240,3.219398770317291e-240,1.6062524
4647,GASAL1,62.83352,1.6056359,0.0,0.0,1.6056359
782,MEIS3,119.10184,1.6049608,0.0,0.0,1.6049608
13100,XKRX,-89.065285,-1.6049303,0.0,0.0,1.6049303
1384,NPTX2,108.81805,1.6048211,0.0,0.0,1.6048211
245,CROCC,130.68004,1.6042985,0.0,0.0,1.6042985
114,UGDH,134.63655,1.6039063,0.0,0.0,1.6039063
5616,EGOT,48.954586,1.6035873,0.0,0.0,1.6035873
150,AGA,133.54282,1.6017619,0.0,0.0,1.6017619
750,CCDC136,119.67307,1.6013508,0.0,0.0,1.6013508
594,RNF122,122.869705,1.6012499,0.0,0.0,1.6012499
1972,PARPBP,99.90417,1.6012173,0.0,0.0,1.6012173
14459,CYCS,-130.77196,-1.5992413,0.0,0.0,1.5992413
3356,INSL3,81.43121,1.5987635,0.0,0.0,1.5987635
12461,NAMA,-73.44301,-1.5976806,0.0,0.0,1.5976806
1128,INPP5F,113.014336,1.5974833,0.0,0.0,1.5974833
792,SLC35F2,118.886406,1.59678,0.0,0.0,1.59678
1141,ABCG8,112.7383,1.5964397,0.0,0.0,1.5964397
14119,PLCB4,-118.94026,-1.5964073,0.0,0.0,1.5964073
1788,EFHB,102.79581,1.596023,0.0,0.0,1.596023
14138,FN3K,-119.41788,-1.5946891,0.0,0.0,1.5946891
11212,INKA2,-44.853806,-1.5942584,0.0,0.0,1.5942584
13720,OGDHL,-107.11782,-1.59391,0.0,0.0,1.59391
13345,LINC02099,-97.006516,-1.5938139,0.0,0.0,1.5938139
13715,PSMG3-AS1,-107.04466,-1.5933658,0.0,0.0,1.5933658
7301,TG,23.311455,1.593,3.39290763067019e-120,4.1697226607946294e-120,1.593
1366,ALG1L2,109.124756,1.5924114,0.0,0.0,1.5924114
606,PDE4A,122.71374,1.5919634,0.0,0.0,1.5919634
2400,LINC00958,93.45828,1.5917414,0.0,0.0,1.5917414
8221,OAS3,8.23715,1.5900813,1.7636055196140526e-16,1.8879770074632607e-16,1.5900813
14208,SYN1,-121.79649,-1.5888119,0.0,0.0,1.5888119
420,HSD17B11,126.790215,1.5885602,0.0,0.0,1.5885602
14131,XPO4,-119.317795,-1.5884281,0.0,0.0,1.5884281
4625,SLC4A11,63.08755,1.5882342,0.0,0.0,1.5882342
5023,SP110,57.516754,1.587765,0.0,0.0,1.587765
4824,MT1F,60.196613,1.5876774,0.0,0.0,1.5876774
2755,RAB11FIP4,88.93679,1.5871193,0.0,0.0,1.5871193
2155,CCDC163,96.99899,1.5870469,0.0,0.0,1.5870469
1426,ZNF93,108.29552,1.5866969,0.0,0.0,1.5866969
13566,PRDM12,-102.86865,-1.5854653,0.0,0.0,1.5854653
13736,ZDHHC23,-107.57907,-1.585262,0.0,0.0,1.585262
2301,CENPH,95.053444,1.5843244,0.0,0.0,1.5843244
13337,CEL,-96.77137,-1.5838029,0.0,0.0,1.5838029
4690,PLXDC1,62.11242,1.5827414,0.0,0.0,1.5827414
1827,IMPA2,102.135345,1.5826546,0.0,0.0,1.5826546
1577,RGL1,105.83877,1.5824233,0.0,0.0,1.5824233
13632,CXorf58,-104.434296,-1.5822133,0.0,0.0,1.5822133
12341,NEB,-70.55201,-1.5822103,0.0,0.0,1.5822103
14337,MRAS,-126.802826,-1.5814477,0.0,0.0,1.5814477
891,LINC00491,117.20018,1.5813143,0.0,0.0,1.5813143
3351,LRRN4,81.4511,1.580999,0.0,0.0,1.580999
2438,RTKN2,93.05424,1.5800858,0.0,0.0,1.5800858
681,KIF3C,121.205315,1.5799973,0.0,0.0,1.5799973
7214,RFX8,24.618896,1.5797961,7.928326602355846e-134,9.863686925554866e-134,1.5797961
4238,TACC3,68.49596,1.5793099,0.0,0.0,1.5793099
1425,ARHGAP28,108.30949,1.579205,0.0,0.0,1.579205
7249,PRCD,24.018738,1.5756563,1.7719331201525895e-127,2.19288552277896e-127,1.5756563
1344,OLFML3,109.508865,1.5754964,0.0,0.0,1.5754964
3444,KIRREL1,80.238716,1.5752524,0.0,0.0,1.5752524
4045,CCDC34,71.21842,1.5750698,0.0,0.0,1.5750698
13248,CPLX1,-93.77185,-1.5727715,0.0,0.0,1.5727715
2963,MND1,86.55408,1.5723492,0.0,0.0,1.5723492
14483,AGL,-131.50381,-1.5722289,0.0,0.0,1.5722289
1290,TVP23A,110.3112,1.5719889,0.0,0.0,1.5719889
1738,COL27A1,103.483696,1.5712783,0.0,0.0,1.5712783
13553,C1orf162,-102.38117,-1.5708103,0.0,0.0,1.5708103
13592,TMEM121B,-103.6182,-1.5699288,0.0,0.0,1.5699288
14137,SQOR,-119.38409,-1.5693976,0.0,0.0,1.5693976
11272,PLAAT3,-46.123077,-1.5688698,0.0,0.0,1.5688698
13030,COLQ,-87.084,-1.5686597,0.0,0.0,1.5686597
2553,ZNF860,91.48676,1.5686197,0.0,0.0,1.5686197
11578,STAT4,-52.34087,-1.5682964,0.0,0.0,1.5682964
1691,HFM1,104.20268,1.5679451,0.0,0.0,1.5679451
12907,FKBP2,-83.86471,-1.5677562,0.0,0.0,1.5677562
3107,MKI67,84.50206,1.5677176,0.0,0.0,1.5677176
14534,SMIM30,-133.25522,-1.5676689,0.0,0.0,1.5676689
7771,FGF8,16.145855,1.5676003,1.2145231773241387e-58,1.392223932825344e-58,1.5676003
3358,TICRR,81.40643,1.5675699,0.0,0.0,1.5675699
13822,BSN,-110.200905,-1.5673865,0.0,0.0,1.5673865
1659,ITPR2,104.5666,1.5672017,0.0,0.0,1.5672017
1362,PPM1E,109.24084,1.5669203,0.0,0.0,1.5669203
8040,LINC01270,11.454249,1.5666142,2.238936049785499e-30,2.4604075692330123e-30,1.5666142
2857,CSF3R,87.72018,1.566528,0.0,0.0,1.566528
12124,COBL,-65.383255,-1.5657481,0.0,0.0,1.5657481
1360,C2CD4C,109.29475,1.5651406,0.0,0.0,1.5651406
2589,TCEAL7,91.0468,1.5648347,0.0,0.0,1.5648347
13511,COL2A1,-101.510506,-1.5648094,0.0,0.0,1.5648094
2345,ORC1,94.30842,1.5631055,0.0,0.0,1.5631055
1054,PKNOX2,114.24068,1.5630794,0.0,0.0,1.5630794
2982,RFX6,86.08198,1.5627834,0.0,0.0,1.5627834
14477,TACC2,-131.23503,-1.5627147,0.0,0.0,1.5627147
1274,LBX2-AS1,110.59198,1.5622404,0.0,0.0,1.5622404
13786,MYOCD,-109.28081,-1.5608735,0.0,0.0,1.5608735
4304,FOSL2,67.41997,1.5603596,0.0,0.0,1.5603596
13206,TXK,-92.52379,-1.5602098,0.0,0.0,1.5602098
4396,MT1M,66.212814,1.5597689,0.0,0.0,1.5597689
14415,PYGB,-129.13794,-1.5597596,0.0,0.0,1.5597596
14262,HACD1,-123.62175,-1.5597563,0.0,0.0,1.5597563
2050,SORL1,98.60481,1.5591872,0.0,0.0,1.5591872
12825,ST7-AS1,-81.50613,-1.5591251,0.0,0.0,1.5591251
4843,NR2F2-AS1,59.958393,1.5586445,0.0,0.0,1.5586445
2774,AATBC,88.67954,1.558086,0.0,0.0,1.558086
1657,MYO1D,104.619514,1.5576742,0.0,0.0,1.5576742
12711,LINC01664,-78.566376,-1.557352,0.0,0.0,1.557352
14188,CEBPB-AS1,-121.32516,-1.5563884,0.0,0.0,1.5563884
2446,HMGA1,92.88573,1.5560615,0.0,0.0,1.5560615
13696,GHR,-106.49612,-1.5558763,0.0,0.0,1.5558763
14056,GSN,-116.917534,-1.5556785,0.0,0.0,1.5556785
3310,SPRY4,81.946014,1.5554812,0.0,0.0,1.5554812
10334,LAMA3,-28.27081,1.555119,7.899303031658676e-176,1.0208658353305143e-175,1.555119
4436,CNTNAP5,65.719734,1.555104,0.0,0.0,1.555104
569,ZEB2,123.293365,1.5536016,0.0,0.0,1.5536016
13339,SLC28A1,-96.882126,-1.5535442,0.0,0.0,1.5535442
2481,ST3GAL5,92.33696,1.5531602,0.0,0.0,1.5531602
3168,GRID2IP,83.62298,1.553012,0.0,0.0,1.553012
14273,BSN-DT,-124.10151,-1.5529352,0.0,0.0,1.5529352
634,TCIRG1,122.15983,1.5523963,0.0,0.0,1.5523963
13801,EHD3,-109.62392,-1.5518094,0.0,0.0,1.5518094
3315,CD96,81.891335,1.5516596,0.0,0.0,1.5516596
2056,PART1,98.51073,1.5515919,0.0,0.0,1.5515919
2150,PAX8,97.06399,1.5515448,0.0,0.0,1.5515448
4347,RASGEF1B,66.831726,1.5509999,0.0,0.0,1.5509999
13602,CREG2,-103.841,-1.5509734,0.0,0.0,1.5509734
2996,GREB1L,85.935684,1.5508802,0.0,0.0,1.5508802
3740,CLDN19,76.06277,1.5505321,0.0,0.0,1.5505321
13325,RAB3A,-96.37074,-1.5497978,0.0,0.0,1.5497978
3124,DMC1,84.20415,1.5487615,0.0,0.0,1.5487615
499,DSC2,124.85983,1.5482036,0.0,0.0,1.5482036
14435,ESRRA,-130.1282,-1.547479,0.0,0.0,1.547479
3589,AVP,78.19589,1.5468955,0.0,0.0,1.5468955
1683,DENND2A,104.298676,1.5462967,0.0,0.0,1.5462967
2211,ADA2,96.1972,1.545461,0.0,0.0,1.545461
429,RECQL,126.412056,1.5449293,0.0,0.0,1.5449293
2358,MAOA,94.06647,1.5448397,0.0,0.0,1.5448397
3070,HABP2,84.88233,1.5446967,0.0,0.0,1.5446967
2378,TMBIM1,93.70984,1.5439109,0.0,0.0,1.5439109
12362,ARMCX3-AS1,-70.930115,-1.5438664,0.0,0.0,1.5438664
13535,EPDR1,-101.925606,-1.543846,0.0,0.0,1.543846
3094,MAFF,84.62763,1.5436728,0.0,0.0,1.5436728
1511,NOTCH1,106.67826,1.5433673,0.0,0.0,1.5433673
6187,KCNF1,40.448433,1.5429704,0.0,0.0,1.5429704
2787,WAKMAR2,88.57195,1.5427397,0.0,0.0,1.5427397
1151,MERTK,112.60886,1.5427322,0.0,0.0,1.5427322
5590,AKR1C3,49.295807,1.5420889,0.0,0.0,1.5420889
113,SMARCD1,134.67578,1.5420457,0.0,0.0,1.5420457
13539,LINC02235,-101.981186,-1.5417533,0.0,0.0,1.5417533
2863,EPS8L1,87.68375,1.5411226,0.0,0.0,1.5411226
13257,MIP,-94.17696,-1.5406668,0.0,0.0,1.5406668
14171,KAT2B,-120.7328,-1.5405174,0.0,0.0,1.5405174
629,DAPK1,122.22537,1.54045,0.0,0.0,1.54045
1065,FRMD4A,114.116745,1.539658,0.0,0.0,1.539658
13568,FGF9,-103.05455,-1.5395203,0.0,0.0,1.5395203
13059,ERVV-2,-87.90537,-1.539173,0.0,0.0,1.539173
3333,AUNIP,81.62028,1.5391407,0.0,0.0,1.5391407
1342,PLXDC2,109.51528,1.5388316,0.0,0.0,1.5388316
2361,RRM2,93.965744,1.5386552,0.0,0.0,1.5386552
14015,RHOBTB2,-115.64018,-1.5380837,0.0,0.0,1.5380837
2394,FAM131B,93.52912,1.5380054,0.0,0.0,1.5380054
2888,ZGRF1,87.50961,1.5375438,0.0,0.0,1.5375438
895,GNPNAT1,117.10279,1.5372188,0.0,0.0,1.5372188
14152,P2RY2,-120.00958,-1.5371423,0.0,0.0,1.5371423
2970,SATB2-AS1,86.323616,1.5367677,0.0,0.0,1.5367677
2368,RIBC2,93.876274,1.536674,0.0,0.0,1.536674
2988,NCAPG,86.031456,1.5366011,0.0,0.0,1.5366011
3737,MOK,76.10678,1.5363677,0.0,0.0,1.5363677
2941,ATP8B3,86.82622,1.5363555,0.0,0.0,1.5363555
507,KNOP1,124.76157,1.5356225,0.0,0.0,1.5356225
901,MDFI,116.96354,1.5350024,0.0,0.0,1.5350024
2791,LRRC9,88.48518,1.5349395,0.0,0.0,1.5349395
13812,GAS5-AS1,-109.93413,-1.5346842,0.0,0.0,1.5346842
2221,ITGA2B,96.018936,1.5346841,0.0,0.0,1.5346841
1269,SARDH,110.65033,1.534605,0.0,0.0,1.534605
12852,ADM,-82.13218,-1.534275,0.0,0.0,1.534275
1140,CHROMR,112.76149,1.5339671,0.0,0.0,1.5339671
1162,CCNG2,112.44636,1.533959,0.0,0.0,1.533959
12998,ANKRD1,-86.1745,-1.533391,0.0,0.0,1.533391
617,SH3PXD2B,122.54677,1.5333855,0.0,0.0,1.5333855
3787,CCNF,75.35566,1.5330839,0.0,0.0,1.5330839
7529,GLP2R,19.989431,1.5322939,6.8065798239838e-89,8.094001392679903e-89,1.5322939
13069,TESC,-88.09017,-1.5321459,0.0,0.0,1.5321459
13354,LINC00907,-97.091644,-1.53201,0.0,0.0,1.53201
9336,LMCD1,-10.690897,1.5314031,1.1227983318217921e-26,1.2265926678881113e-26,1.5314031
13367,NAP1L2,-97.41548,-1.5307958,0.0,0.0,1.5307958
13001,AGBL5-AS1,-86.19932,-1.5303227,0.0,0.0,1.5303227
13594,GPT,-103.649055,-1.5299902,0.0,0.0,1.5299902
14629,NNT-AS1,-136.02861,-1.5296905,0.0,0.0,1.5296905
13227,HERC6,-93.00838,-1.5284535,0.0,0.0,1.5284535
7700,LINC02606,17.180286,1.5283123,3.7306786923570895e-66,4.322970207543401e-66,1.5283123
1699,POGLUT3,104.07535,1.5279291,0.0,0.0,1.5279291
1028,KLHL11,114.7008,1.5278432,0.0,0.0,1.5278432
3183,STOM,83.44615,1.5276772,0.0,0.0,1.5276772
14418,GSTM4,-129.24988,-1.5276089,0.0,0.0,1.5276089
602,GLI3,122.77608,1.5271393,0.0,0.0,1.5271393
4838,SLC49A3,60.05449,1.5270487,0.0,0.0,1.5270487
2473,CD74,92.436005,1.5270244,0.0,0.0,1.5270244
13773,GPR157,-108.7877,-1.5265743,0.0,0.0,1.5265743
7861,CYTIP,14.564843,1.526415,4.70064413153047e-48,5.310020040728799e-48,1.526415
1538,PRG4,106.33221,1.526214,0.0,0.0,1.526214
2146,ADCYAP1R1,97.110664,1.5259113,0.0,0.0,1.5259113
13084,LINC02795,-88.55915,-1.5255463,0.0,0.0,1.5255463
176,RCN1,132.6564,1.5255425,0.0,0.0,1.5255425
523,CTH,124.42785,1.5251201,0.0,0.0,1.5251201
848,CBS,117.904465,1.5250227,0.0,0.0,1.5250227
1956,BEND4,100.07455,1.5244567,0.0,0.0,1.5244567
1300,MIS18A,110.19907,1.5237964,0.0,0.0,1.5237964
14274,TCP10L,-124.10503,-1.5233544,0.0,0.0,1.5233544
3567,PID1,78.45613,1.5232116,0.0,0.0,1.5232116
13413,TAS1R3,-98.99019,-1.5230883,0.0,0.0,1.5230883
13466,ERBB4,-100.29003,-1.5230312,0.0,0.0,1.5230312
12565,S100B,-75.3366,-1.5224751,0.0,0.0,1.5224751
1969,BORA,99.92744,1.5222672,0.0,0.0,1.5222672
13725,HCN4,-107.24346,-1.5212379,0.0,0.0,1.5212379
5423,TRIM22,51.93747,1.5209669,0.0,0.0,1.5209669
2052,PLAGL1,98.57928,1.520854,0.0,0.0,1.520854
13522,MOGAT1,-101.68262,-1.5206463,0.0,0.0,1.5206463
322,PTPN14,128.63148,1.5203772,0.0,0.0,1.5203772
2172,CDC42EP2,96.690445,1.5197915,0.0,0.0,1.5197915
2504,LRRC71,92.066444,1.519634,0.0,0.0,1.519634
2573,MYBL2,91.22872,1.5196146,0.0,0.0,1.5196146
1415,TAF5,108.458786,1.5192288,0.0,0.0,1.5192288
1335,MELTF,109.6466,1.519062,0.0,0.0,1.519062
3799,MSC,75.165344,1.5186602,0.0,0.0,1.5186602
1369,WDR4,109.11304,1.5186046,0.0,0.0,1.5186046
2807,SPINT1,88.37377,1.5184658,0.0,0.0,1.5184658
595,RBMX,122.837364,1.5178064,0.0,0.0,1.5178064
9966,LINC01524,-21.429525,1.5178018,7.089838304275468e-102,8.552207555161404e-102,1.5178018
1598,CHRDL1,105.5378,1.5172637,0.0,0.0,1.5172637
1846,CHEK1,101.92007,1.5163409,0.0,0.0,1.5163409
2315,CENPA,94.77309,1.5152963,0.0,0.0,1.5152963
3507,FAM110B,79.29925,1.5148785,0.0,0.0,1.5148785
11582,EPS8L2,-52.38134,-1.5147395,0.0,0.0,1.5147395
3045,ONECUT2,85.23034,1.5143865,0.0,0.0,1.5143865
14485,CFL2,-131.53934,-1.5142708,0.0,0.0,1.5142708
2466,LINC02428,92.54934,1.5136887,0.0,0.0,1.5136887
13623,RAB6B,-104.24761,-1.5134089,0.0,0.0,1.5134089
14021,TBC1D8,-115.84987,-1.5122044,0.0,0.0,1.5122044
11555,ACTN3,-51.80656,-1.5113025,0.0,0.0,1.5113025
1453,SPA17,107.86839,1.5111637,0.0,0.0,1.5111637
3722,CYB5D1,76.406006,1.5111597,0.0,0.0,1.5111597
14014,TOR4A,-115.61438,-1.50955,0.0,0.0,1.50955
8025,NLRC3,11.730339,1.5082275,8.910121402118969e-32,9.815495098776382e-32,1.5082275
7252,KCNMA1-AS1,23.956585,1.5081284,7.889859669984776e-127,9.759341848669243e-127,1.5081284
7462,AMER3,20.93655,1.5081007,2.488421432676857e-97,2.9875963950482045e-97,1.5081007
1663,SLX1B,104.51529,1.5072972,0.0,0.0,1.5072972
11040,ALOX5AP,-41.03773,1.5072393,0.0,0.0,1.5072393
3061,AQP5,84.9678,1.5071201,0.0,0.0,1.5071201
6857,NPY5R,30.293587,1.5070215,1.3925144198237227e-201,1.8383818195126962e-201,1.5070215
14654,CISD1,-136.8941,-1.5068398,0.0,0.0,1.5068398
2421,SLC8A2,93.27349,1.5067087,0.0,0.0,1.5067087
1684,AURKC,104.29815,1.5065614,0.0,0.0,1.5065614
13606,MYL1,-103.92081,-1.5063491,0.0,0.0,1.5063491
11515,CNTN1,-50.95092,-1.5061573,0.0,0.0,1.5061573
11117,SYT13,-42.996704,-1.5060345,0.0,0.0,1.5060345
2731,HELLS,89.34408,1.5054412,0.0,0.0,1.5054412
14501,EHD4,-132.14737,-1.5054355,0.0,0.0,1.5054355
1243,MSN,111.12797,1.5039939,0.0,0.0,1.5039939
13998,SIAE,-115.210335,-1.503334,0.0,0.0,1.503334
14230,SYTL3,-122.47262,-1.5030094,0.0,0.0,1.5030094
584,PDIA4,123.02184,1.5029863,0.0,0.0,1.5029863
3855,KRT15,74.24372,1.5029473,0.0,0.0,1.5029473
13204,GALNT17,-92.49513,-1.5028147,0.0,0.0,1.5028147
1840,FNDC11,101.983925,1.5026773,0.0,0.0,1.5026773
13428,ITGB3,-99.23774,-1.5023773,0.0,0.0,1.5023773
13726,LDLRAD4,-107.28112,-1.502094,0.0,0.0,1.502094
10247,CARNS1,-26.77223,1.5018885,6.8057479249735135e-158,8.64844893113548e-158,1.5018885
2673,KRT8,89.97208,1.5014857,0.0,0.0,1.5014857
5038,PLXND1,57.29591,1.5012919,0.0,0.0,1.5012919
14148,NAAA,-119.81554,-1.501028,0.0,0.0,1.501028
13695,NR3C2,-106.48116,-1.5005476,0.0,0.0,1.5005476
3885,SECTM1,73.81385,1.5005083,0.0,0.0,1.5005083
2087,DOCK8-AS1,98.01238,1.500479,0.0,0.0,1.500479
1594,EPHB2,105.59267,1.500453,0.0,0.0,1.500453
1183,CEP135,112.1754,1.5002788,0.0,0.0,1.5002788
1949,TMSB10,100.13164,1.5001942,0.0,0.0,1.5001942
