,names,scores,logfoldchanges,pvals,pvals_adj,abslfc
2481,LINC02248,66.57711,12.509358,0.0,0.0,12.509358
504,NALCN,67.02171,12.375464,0.0,0.0,12.375464
237,AGBL4,67.07694,12.020505,0.0,0.0,12.020505
243,GPC5,67.074585,11.697926,0.0,0.0,11.697926
702,SYNPR,66.986176,11.536016,0.0,0.0,11.536016
462,SGCD,67.028725,11.472751,0.0,0.0,11.472751
13,CADM2,67.14189,11.322548,0.0,0.0,11.322548
254,IL16,67.07263,11.3015,0.0,0.0,11.3015
801,C6,66.96522,11.098491,0.0,0.0,11.098491
2289,MYOM3,66.64403,11.026127,0.0,0.0,11.026127
49,LGR6,67.12809,10.974499,0.0,0.0,10.974499
66,CACNA2D3,67.12079,10.911832,0.0,0.0,10.911832
14,TMEFF2,67.14183,10.828474,0.0,0.0,10.828474
57,TM4SF1-AS1,67.124954,10.793367,0.0,0.0,10.793367
174,KCNIP2-AS1,67.091736,10.64001,0.0,0.0,10.64001
313,NTN1,67.05894,10.617735,0.0,0.0,10.617735
213,PLA2G5,67.08182,10.613031,0.0,0.0,10.613031
429,TMEM178B,67.03615,10.391328,0.0,0.0,10.391328
349,CCSER1,67.05013,10.341756,0.0,0.0,10.341756
2278,PDK4,66.647896,10.286251,0.0,0.0,10.286251
778,LINC00513,66.96962,10.272385,0.0,0.0,10.272385
67,CSGALNACT1,67.12052,10.027778,0.0,0.0,10.027778
1005,SGCG,66.926254,10.011889,0.0,0.0,10.011889
492,UGT2B7,67.023636,9.994307,0.0,0.0,9.994307
248,ZBTB20-AS5,67.07421,9.972749,0.0,0.0,9.972749
586,WDR49,67.00714,9.901025,0.0,0.0,9.901025
678,DAPK2,66.98975,9.900903,0.0,0.0,9.900903
1164,IL1RAPL2,66.89694,9.873875,0.0,0.0,9.873875
153,RGS6,67.09772,9.810691,0.0,0.0,9.810691
212,AGTR1,67.082504,9.795748,0.0,0.0,9.795748
941,FGF14,66.938065,9.751569,0.0,0.0,9.751569
2310,ST7-AS2,66.63624,9.725674,0.0,0.0,9.725674
1049,FAM151A,66.91861,9.718371,0.0,0.0,9.718371
89,SLCO5A1,67.11334,9.715235,0.0,0.0,9.715235
657,RHBDL3,66.993935,9.671712,0.0,0.0,9.671712
1090,ACSS1,66.91046,9.670514,0.0,0.0,9.670514
34,SGSM1,67.132614,9.645603,0.0,0.0,9.645603
2,GRIK2,67.14928,9.63739,0.0,0.0,9.63739
211,CNTNAP5,67.08251,9.626139,0.0,0.0,9.626139
1490,ASB18,66.83325,9.62285,0.0,0.0,9.62285
1402,NUP210L,66.85379,9.574384,0.0,0.0,9.574384
1363,AQP7,66.86112,9.568236,0.0,0.0,9.568236
14825,VCAM1,-67.07699,-9.538951,0.0,0.0,9.538951
676,TCF24,66.990005,9.494709,0.0,0.0,9.494709
844,LRTM1,66.95595,9.409785,0.0,0.0,9.409785
672,DGKG,66.99052,9.381976,0.0,0.0,9.381976
186,GIPC2,67.08916,9.377792,0.0,0.0,9.377792
1689,RBFOX1,66.79412,9.333207,0.0,0.0,9.333207
103,MIR3681HG,67.10982,9.31354,0.0,0.0,9.31354
233,GUCY2C,67.07831,9.304187,0.0,0.0,9.304187
87,MLPH,67.11396,9.302382,0.0,0.0,9.302382
105,TRPC5,67.10925,9.278116,0.0,0.0,9.278116
14386,DEPDC1,-66.69915,-9.268006,0.0,0.0,9.268006
850,DIAPH2-AS1,66.954384,9.24316,0.0,0.0,9.24316
554,TPRG1,67.01283,9.227298,0.0,0.0,9.227298
44,MIR29B2CHG,67.130005,9.207323,0.0,0.0,9.207323
1330,HLF,66.86894,9.179638,0.0,0.0,9.179638
661,FAM107A,66.99272,9.176893,0.0,0.0,9.176893
748,PCDH15,66.977104,9.171429,0.0,0.0,9.171429
1536,ZNF365,66.82483,9.167369,0.0,0.0,9.167369
1650,RBMS3-AS2,66.800995,9.164897,0.0,0.0,9.164897
74,SNTG1,67.11837,9.150143,0.0,0.0,9.150143
968,KCND3,66.93233,9.147322,0.0,0.0,9.147322
772,DOCK3,66.97103,9.138078,0.0,0.0,9.138078
69,RASGEF1B,67.11982,9.126841,0.0,0.0,9.126841
653,DNER,66.99528,9.0613985,0.0,0.0,9.0613985
1088,DNAH3,66.910614,9.057071,0.0,0.0,9.057071
332,SNED1,67.05409,9.0559225,0.0,0.0,9.0559225
442,ANKFN1,67.03295,9.0545435,0.0,0.0,9.0545435
165,PTPRO,67.09428,9.017971,0.0,0.0,9.017971
2043,PGR,66.717735,8.964441,0.0,0.0,8.964441
2392,LINC01725,66.61058,8.961207,0.0,0.0,8.961207
1984,IDI2-AS1,66.73049,8.939817,0.0,0.0,8.939817
776,GALNTL6,66.969795,8.913859,0.0,0.0,8.913859
1282,ADRB1,66.87721,8.892128,0.0,0.0,8.892128
926,FAM182B,66.94063,8.879464,0.0,0.0,8.879464
1071,ABCD2,66.91289,8.862571,0.0,0.0,8.862571
1351,COL19A1,66.86442,8.847159,0.0,0.0,8.847159
2335,LINC01411,66.62547,8.816817,0.0,0.0,8.816817
607,GRM7,67.00263,8.803507,0.0,0.0,8.803507
239,ZNF536,67.076614,8.799395,0.0,0.0,8.799395
41,TDRD10,67.13133,8.798291,0.0,0.0,8.798291
63,ABCA9,67.12197,8.760856,0.0,0.0,8.760856
141,CCDC73,67.10019,8.753067,0.0,0.0,8.753067
14828,ANXA3,-67.09837,-8.751293,0.0,0.0,8.751293
144,MKNK1-AS1,67.09981,8.750268,0.0,0.0,8.750268
9,CPNE8,67.14592,8.738687,0.0,0.0,8.738687
376,KCNMB2-AS1,67.04592,8.733168,0.0,0.0,8.733168
1712,NKAIN2,66.788345,8.731556,0.0,0.0,8.731556
84,MYO16,67.115005,8.730277,0.0,0.0,8.730277
14773,HSPB2,-66.94058,-8.699182,0.0,0.0,8.699182
314,CLIC6,67.05888,8.69222,0.0,0.0,8.69222
14830,PTGES3L,-67.126495,-8.6855545,0.0,0.0,8.6855545
140,APBB1IP,67.10034,8.680926,0.0,0.0,8.680926
742,LINC01060,66.97854,8.643898,0.0,0.0,8.643898
128,CDH12,67.10291,8.63764,0.0,0.0,8.63764
72,DPYD,67.11858,8.608574,0.0,0.0,8.608574
452,PDE3A,67.03058,8.599133,0.0,0.0,8.599133
1367,USH2A,66.8603,8.588114,0.0,0.0,8.588114
118,EVA1C,67.10595,8.580445,0.0,0.0,8.580445
1570,EYA4,66.81722,8.575623,0.0,0.0,8.575623
370,LINC01483,67.046295,8.557131,0.0,0.0,8.557131
1439,IL1RAPL1,66.84515,8.546619,0.0,0.0,8.546619
311,DNAH17,67.05936,8.530674,0.0,0.0,8.530674
214,SYN3,67.08178,8.523915,0.0,0.0,8.523915
14826,MYZAP,-67.08815,-8.517595,0.0,0.0,8.517595
565,GRIP2,67.011345,8.492726,0.0,0.0,8.492726
601,NCKAP5,67.00405,8.491544,0.0,0.0,8.491544
109,ADAMTS17,67.10846,8.491056,0.0,0.0,8.491056
3,LINC01902,67.14926,8.490938,0.0,0.0,8.490938
594,CFLAR-AS1,67.004814,8.468186,0.0,0.0,8.468186
1427,KCNK13,66.847916,8.464871,0.0,0.0,8.464871
14819,TNNI1,-67.0466,-8.4567585,0.0,0.0,8.4567585
413,SLC12A1,67.03906,8.439577,0.0,0.0,8.439577
17,IL15,67.14159,8.430622,0.0,0.0,8.430622
834,SYCP3,66.95728,8.421401,0.0,0.0,8.421401
400,CPA6,67.041756,8.396511,0.0,0.0,8.396511
2119,UGT2B4,66.6988,8.391276,0.0,0.0,8.391276
94,ASB9,67.111176,8.382198,0.0,0.0,8.382198
750,GPA33,66.97614,8.3782015,0.0,0.0,8.3782015
2433,MLIP-AS1,66.593,8.375691,0.0,0.0,8.375691
21,LURAP1L-AS1,67.138084,8.355456,0.0,0.0,8.355456
2641,LINC01505,66.51611,8.320931,0.0,0.0,8.320931
680,CDH22,66.98942,8.306559,0.0,0.0,8.306559
948,SPDYE5,66.93641,8.286098,0.0,0.0,8.286098
964,PDZD2,66.932945,8.285137,0.0,0.0,8.285137
264,NAALADL2,67.07074,8.275263,0.0,0.0,8.275263
1619,PLIN4,66.80678,8.270296,0.0,0.0,8.270296
268,HS6ST3,67.069534,8.259044,0.0,0.0,8.259044
52,NTM,67.12754,8.247833,0.0,0.0,8.247833
1014,MEI4,66.92391,8.245986,0.0,0.0,8.245986
2199,PRKN,66.67505,8.23626,0.0,0.0,8.23626
634,LCNL1,66.99884,8.223946,0.0,0.0,8.223946
2030,HSF4,66.72008,8.2231655,0.0,0.0,8.2231655
455,LINC01414,67.02973,8.215761,0.0,0.0,8.215761
202,SSUH2,67.08591,8.213738,0.0,0.0,8.213738
1878,BRINP3,66.75423,8.2100315,0.0,0.0,8.2100315
12900,MKI67,-66.300026,-8.203455,0.0,0.0,8.203455
1407,BHMT2,66.85273,8.200014,0.0,0.0,8.200014
417,DOCK10,67.03833,8.19198,0.0,0.0,8.19198
275,ASIC2,67.066895,8.172055,0.0,0.0,8.172055
99,SLCO1C1,67.1107,8.164118,0.0,0.0,8.164118
961,LINC01841,66.93336,8.162923,0.0,0.0,8.162923
129,CPNE9,67.10269,8.122796,0.0,0.0,8.122796
55,PLA2R1,67.12721,8.100876,0.0,0.0,8.100876
25,LONRF3,67.13632,8.094472,0.0,0.0,8.094472
184,MALRD1,67.08973,8.077525,0.0,0.0,8.077525
106,PLAAT4,67.10914,8.062616,0.0,0.0,8.062616
114,NYAP2,67.10746,8.060793,0.0,0.0,8.060793
123,C8orf34,67.10586,8.05888,0.0,0.0,8.05888
1446,LINC01524,66.84344,8.02838,0.0,0.0,8.02838
13441,CENPF,-66.45011,-8.015925,0.0,0.0,8.015925
14625,KCTD12,-66.81784,-8.002675,0.0,0.0,8.002675
2323,NRAP,66.63097,7.9958897,0.0,0.0,7.9958897
12411,MICOS10,-65.95208,-7.9913006,0.0,0.0,7.9913006
2006,PPP1R42,66.72668,7.988752,0.0,0.0,7.988752
432,FAM81B,67.03527,7.988115,0.0,0.0,7.988115
14793,COL2A1,-66.96459,-7.987139,0.0,0.0,7.987139
1162,PDE7B,66.897026,7.9806776,0.0,0.0,7.9806776
14744,FXYD6,-66.90954,-7.9698944,0.0,0.0,7.9698944
14801,COX14,-66.97725,-7.960858,0.0,0.0,7.960858
1504,LINC01894,66.83045,7.954875,0.0,0.0,7.954875
14751,TMEM88,-66.9153,-7.9184084,0.0,0.0,7.9184084
93,FAR2,67.11145,7.917532,0.0,0.0,7.917532
1421,BMS1P14,66.8495,7.9096746,0.0,0.0,7.9096746
399,RHBDL2,67.04211,7.8957562,0.0,0.0,7.8957562
1083,TENM2,66.91129,7.893023,0.0,0.0,7.893023
14820,MRPL12,-67.05239,-7.870668,0.0,0.0,7.870668
591,CDH13,67.00554,7.8688307,0.0,0.0,7.8688307
2118,PDE1C,66.69922,7.8645773,0.0,0.0,7.8645773
13584,DBNDD2,-66.48466,-7.847033,0.0,0.0,7.847033
2318,CD36,66.63447,7.8405485,0.0,0.0,7.8405485
885,ABCC8,66.947174,7.830352,0.0,0.0,7.830352
14817,HIGD1A,-67.03062,-7.821278,0.0,0.0,7.821278
14547,HHATL,-66.77337,-7.8139153,0.0,0.0,7.8139153
14685,CRIP1,-66.857086,-7.812501,0.0,0.0,7.812501
14710,TBX2-AS1,-66.87346,-7.8025446,0.0,0.0,7.8025446
182,ATP2C2,67.0901,7.7975535,0.0,0.0,7.7975535
1121,LRRC7,66.90384,7.796191,0.0,0.0,7.796191
14795,ATP5PO,-66.96954,-7.782846,0.0,0.0,7.782846
475,DPH6-DT,67.02628,7.77852,0.0,0.0,7.77852
14810,COX8A,-67.00486,-7.7696285,0.0,0.0,7.7696285
391,SEPTIN4-AS1,67.042984,7.76948,0.0,0.0,7.76948
456,APOL6,67.029564,7.76364,0.0,0.0,7.76364
1249,PZP,66.88239,7.762847,0.0,0.0,7.762847
0,KCNH3,67.15426,7.755092,0.0,0.0,7.755092
14802,TSTD1,-66.97803,-7.7456956,0.0,0.0,7.7456956
1484,PALMD,66.83452,7.743988,0.0,0.0,7.743988
1502,NPAS2,66.830986,7.73547,0.0,0.0,7.73547
150,PDE2A,67.098465,7.734855,0.0,0.0,7.734855
3093,CHRDL2,66.22406,7.728184,0.0,0.0,7.728184
58,BNC2,67.124626,7.7242746,0.0,0.0,7.7242746
608,LINC02334,67.0026,7.7178254,0.0,0.0,7.7178254
12310,GP1BB,-65.84245,-7.7173476,0.0,0.0,7.7173476
13941,PTTG1,-66.574005,-7.713625,0.0,0.0,7.713625
1724,MPP3,66.786514,7.712729,0.0,0.0,7.712729
825,HRH1,66.95922,7.711189,0.0,0.0,7.711189
2498,CAV3,66.57249,7.7058887,0.0,0.0,7.7058887
59,OSMR,67.124306,7.7047,0.0,0.0,7.7047
1362,HEATR4,66.86122,7.702086,0.0,0.0,7.702086
14798,TMEM14B,-66.97261,-7.6971545,0.0,0.0,7.6971545
382,TAPT1-AS1,67.04508,7.6658907,0.0,0.0,7.6658907
14750,PRDX2,-66.91326,-7.64089,0.0,0.0,7.64089
14824,ALDH4A1,-67.06756,-7.6300025,0.0,0.0,7.6300025
1769,CD274,66.77878,7.6288066,0.0,0.0,7.6288066
1070,HIPK4,66.91314,7.626393,0.0,0.0,7.626393
271,ANGPTL1,67.06859,7.61574,0.0,0.0,7.61574
13552,CDK1,-66.47615,-7.610559,0.0,0.0,7.610559
14778,CAPN3,-66.94662,-7.6010003,0.0,0.0,7.6010003
477,PRKG1,67.025986,7.5973625,0.0,0.0,7.5973625
14758,HIGD2A,-66.922745,-7.596422,0.0,0.0,7.596422
14746,ATP5MF,-66.91184,-7.5958295,0.0,0.0,7.5958295
146,NKAIN3,67.09924,7.5952477,0.0,0.0,7.5952477
14694,SCHIP1,-66.86164,-7.5952053,0.0,0.0,7.5952053
100,CERKL,67.110504,7.583399,0.0,0.0,7.583399
14723,AHNAK2,-66.892845,-7.570221,0.0,0.0,7.570221
603,CBR3,67.00329,7.5594997,0.0,0.0,7.5594997
838,SP100,66.95689,7.5568395,0.0,0.0,7.5568395
2202,DLG2,66.67415,7.5567164,0.0,0.0,7.5567164
183,TRPC6,67.08984,7.5424953,0.0,0.0,7.5424953
14759,COX6A1,-66.92281,-7.535841,0.0,0.0,7.535841
14586,TOMM5,-66.795296,-7.5303154,0.0,0.0,7.5303154
1003,ESR1,66.92651,7.5244718,0.0,0.0,7.5244718
1125,ABI3BP,66.903,7.521106,0.0,0.0,7.521106
167,CAPN9,67.0931,7.519788,0.0,0.0,7.519788
322,NMNAT2,67.05725,7.5134416,0.0,0.0,7.5134416
1094,ANKRD23,66.90951,7.504015,0.0,0.0,7.504015
14695,PSMB10,-66.862015,-7.4994392,0.0,0.0,7.4994392
14559,NGRN,-66.778854,-7.497481,0.0,0.0,7.497481
30,PCA3,67.13409,7.4897733,0.0,0.0,7.4897733
1989,NR3C2,66.7297,7.4839253,0.0,0.0,7.4839253
1757,RPGRIP1,66.78049,7.4772477,0.0,0.0,7.4772477
20,CSMD3,67.139046,7.47722,0.0,0.0,7.47722
204,RUNX1,67.08463,7.47425,0.0,0.0,7.47425
14741,ARPC1A,-66.90671,-7.465085,0.0,0.0,7.465085
1687,MIRLET7BHG,66.795074,7.458401,0.0,0.0,7.458401
14779,NDUFA9,-66.947075,-7.455793,0.0,0.0,7.455793
14718,NDUFB8,-66.89034,-7.4507933,0.0,0.0,7.4507933
10205,TLCD4,-46.57406,-7.444919,0.0,0.0,7.444919
154,RHD,67.09747,7.43937,0.0,0.0,7.43937
14716,FMC1,-66.884895,-7.4311805,0.0,0.0,7.4311805
14667,OAZ1,-66.844,-7.4249883,0.0,0.0,7.4249883
14683,HSPE1,-66.85591,-7.423366,0.0,0.0,7.423366
14785,RASL10B,-66.95041,-7.422268,0.0,0.0,7.422268
82,GABRB1,67.11565,7.4200296,0.0,0.0,7.4200296
942,STPG2,66.93798,7.4146905,0.0,0.0,7.4146905
1252,RALYL,66.882164,7.413518,0.0,0.0,7.413518
1337,ESR2,66.867546,7.413498,0.0,0.0,7.413498
306,SLC24A2,67.06111,7.4125147,0.0,0.0,7.4125147
71,F13A1,67.1191,7.4051466,0.0,0.0,7.4051466
481,GIMAP8,67.025505,7.399295,0.0,0.0,7.399295
14466,MRPS24,-66.73236,-7.3978467,0.0,0.0,7.3978467
163,SLC5A5,67.09487,7.3897524,0.0,0.0,7.3897524
745,FAM3D-AS1,66.97783,7.387817,0.0,0.0,7.387817
14430,NME1,-66.717224,-7.3848634,0.0,0.0,7.3848634
232,C12orf56,67.078445,7.380896,0.0,0.0,7.380896
265,ELOVL2-AS1,67.070045,7.3762364,0.0,0.0,7.3762364
3239,HAMP,66.04751,7.3699813,0.0,0.0,7.3699813
14756,TMX2,-66.919556,-7.365296,0.0,0.0,7.365296
427,VWA5B1,67.0364,7.3641253,0.0,0.0,7.3641253
14128,LEFTY2,-66.61735,-7.3595676,0.0,0.0,7.3595676
14739,DGCR6,-66.904724,-7.350572,0.0,0.0,7.350572
917,ZNF451-AS1,66.941956,7.3504252,0.0,0.0,7.3504252
1084,EDA,66.911194,7.3498116,0.0,0.0,7.3498116
1670,ABLIM3,66.798,7.349181,0.0,0.0,7.349181
946,RERE-AS1,66.93663,7.349048,0.0,0.0,7.349048
871,TIMM23B-AGAP6,66.9496,7.340832,0.0,0.0,7.340832
83,RNF128,67.11527,7.340003,0.0,0.0,7.340003
2567,FGF12,66.54942,7.3369026,0.0,0.0,7.3369026
892,PCDH9,66.94552,7.33447,0.0,0.0,7.33447
1,NR2F1-AS1,67.15029,7.3307047,0.0,0.0,7.3307047
1957,SLC22A4,66.73482,7.3296437,0.0,0.0,7.3296437
12208,NEK2,-65.674545,-7.3296304,0.0,0.0,7.3296304
116,RGS7,67.10703,7.319008,0.0,0.0,7.319008
14428,NME2,-66.71615,-7.31442,0.0,0.0,7.31442
108,CDH20,67.108986,7.304893,0.0,0.0,7.304893
1462,LINC02691,66.839066,7.3047705,0.0,0.0,7.3047705
1031,HPR,66.92173,7.3038626,0.0,0.0,7.3038626
14564,BLOC1S1,-66.7839,-7.303058,0.0,0.0,7.303058
14348,KRT18,-66.680725,-7.301936,0.0,0.0,7.301936
14752,PIGS,-66.915665,-7.2963805,0.0,0.0,7.2963805
1219,GNG12-AS1,66.88705,7.296163,0.0,0.0,7.296163
238,MCMDC2,67.07668,7.291327,0.0,0.0,7.291327
401,SCIMP,67.04173,7.2892704,0.0,0.0,7.2892704
14588,ATP1A3,-66.79612,-7.2892222,0.0,0.0,7.2892222
1332,ASTN2,66.868645,7.289178,0.0,0.0,7.289178
2131,LINC01550,66.69234,7.2889347,0.0,0.0,7.2889347
14561,ALDOA,-66.779884,-7.287746,0.0,0.0,7.287746
319,PPM1E,67.05752,7.28305,0.0,0.0,7.28305
14696,C1orf50,-66.86227,-7.272451,0.0,0.0,7.272451
14610,PSMD9,-66.80917,-7.2722907,0.0,0.0,7.2722907
1087,SLC2A5,66.91093,7.2711573,0.0,0.0,7.2711573
720,OVOL2,66.982506,7.268929,0.0,0.0,7.268929
200,DIPK2B,67.08612,7.268462,0.0,0.0,7.268462
73,FAM78B,67.11839,7.266971,0.0,0.0,7.266971
294,TMPRSS9,67.0627,7.2577505,0.0,0.0,7.2577505
14766,MT-ND5,-66.93443,-7.2524133,0.0,0.0,7.2524133
14587,COMMD3,-66.79612,-7.2388062,0.0,0.0,7.2388062
478,DMRT1,67.02581,7.235838,0.0,0.0,7.235838
64,ENO4,67.121956,7.227582,0.0,0.0,7.227582
1307,SPDYE1,66.87385,7.2207346,0.0,0.0,7.2207346
14674,REPIN1,-66.849464,-7.2201357,0.0,0.0,7.2201357
31,PRODH2,67.13408,7.2197876,0.0,0.0,7.2197876
185,SEC16B,67.08941,7.2156706,0.0,0.0,7.2156706
14491,TMEM141,-66.74239,-7.213431,0.0,0.0,7.213431
1472,NR1I3,66.83694,7.212631,0.0,0.0,7.212631
14594,PDXP,-66.798065,-7.211757,0.0,0.0,7.211757
425,MR1,67.03664,7.199646,0.0,0.0,7.199646
96,SPATA16,67.11112,7.198151,0.0,0.0,7.198151
14808,SDHD,-67.002686,-7.197705,0.0,0.0,7.197705
14529,RBM27,-66.76342,-7.1972933,0.0,0.0,7.1972933
27,ELN,67.13514,7.1967626,0.0,0.0,7.1967626
14743,IER3IP1,-66.90806,-7.19323,0.0,0.0,7.19323
1041,LINC02241,66.91965,7.192896,0.0,0.0,7.192896
14719,PPP2CA,-66.891075,-7.186501,0.0,0.0,7.186501
13693,ATP6V0C,-66.51012,-7.182845,0.0,0.0,7.182845
14636,PTPMT1,-66.824135,-7.177903,0.0,0.0,7.177903
14691,NDUFA13,-66.86046,-7.1755695,0.0,0.0,7.1755695
14637,NDUFA7,-66.825676,-7.1654882,0.0,0.0,7.1654882
14408,VAMP2,-66.70773,-7.1654754,0.0,0.0,7.1654754
14629,CMC4,-66.82064,-7.159654,0.0,0.0,7.159654
208,CFAP77,67.08344,7.1585793,0.0,0.0,7.1585793
51,PPARG,67.127625,7.156847,0.0,0.0,7.156847
79,LMX1B,67.11696,7.1549935,0.0,0.0,7.1549935
951,PEX5L,66.9351,7.1497116,0.0,0.0,7.1497116
14470,LEPROT,-66.7345,-7.1384788,0.0,0.0,7.1384788
155,KCNIP1,67.096924,7.138271,0.0,0.0,7.138271
12,MYO3B,67.1425,7.138094,0.0,0.0,7.138094
14191,CXCL12,-66.63475,-7.1377263,0.0,0.0,7.1377263
14182,RPS10,-66.63191,-7.1347375,0.0,0.0,7.1347375
396,TTC29,67.042336,7.133754,0.0,0.0,7.133754
35,ATP8B1,67.132324,7.1325493,0.0,0.0,7.1325493
14652,PPP3R1,-66.83383,-7.126665,0.0,0.0,7.126665
13579,BMP2,-66.48235,-7.1246233,0.0,0.0,7.1246233
14443,NAA10,-66.72153,-7.122076,0.0,0.0,7.122076
1635,ZBTB16,66.803566,7.1196656,0.0,0.0,7.1196656
14504,COMMD7,-66.74902,-7.110123,0.0,0.0,7.110123
14512,PMF1,-66.752365,-7.1081977,0.0,0.0,7.1081977
14413,ADSL,-66.71108,-7.1065674,0.0,0.0,7.1065674
519,CIB4,67.019066,7.1050014,0.0,0.0,7.1050014
12192,TOMM6,-65.642586,-7.1045313,0.0,0.0,7.1045313
619,SAMD5,67.00136,7.1039286,0.0,0.0,7.1039286
14407,NDUFC2,-66.70764,-7.103653,0.0,0.0,7.103653
14351,EEF1G,-66.681435,-7.1030483,0.0,0.0,7.1030483
1179,CXXC4-AS1,66.8947,7.1005864,0.0,0.0,7.1005864
223,GRID2IP,67.080215,7.0999727,0.0,0.0,7.0999727
14556,FDX2,-66.776,-7.0984106,0.0,0.0,7.0984106
482,KLRD1,67.02545,7.0908937,0.0,0.0,7.0908937
1166,SCN1A,66.89669,7.0827723,0.0,0.0,7.0827723
648,ABCB1,66.99678,7.0820103,0.0,0.0,7.0820103
22,TRAC,67.136894,7.076278,0.0,0.0,7.076278
14563,SPTSSA,-66.78267,-7.0695925,0.0,0.0,7.0695925
14325,ISYNA1,-66.67294,-7.0687976,0.0,0.0,7.0687976
2507,VXN,66.57016,7.067238,0.0,0.0,7.067238
14210,ALDOC,-66.6385,-7.0622735,0.0,0.0,7.0622735
329,VWC2L,67.05498,7.0562234,0.0,0.0,7.0562234
469,FYB2,67.02734,7.0558844,0.0,0.0,7.0558844
14712,U2AF1L4,-66.88093,-7.054784,0.0,0.0,7.054784
267,CHRNE,67.06988,7.0511937,0.0,0.0,7.0511937
2035,OTOGL,66.71937,7.0506015,0.0,0.0,7.0506015
14427,MRPS17,-66.715805,-7.05011,0.0,0.0,7.05011
13839,KDR,-66.54568,-7.04705,0.0,0.0,7.04705
14720,TEX261,-66.8913,-7.043682,0.0,0.0,7.043682
1124,TTTY10,66.90303,7.029682,0.0,0.0,7.029682
14379,EPPK1,-66.694565,-7.020281,0.0,0.0,7.020281
14324,PSENEN,-66.6716,-7.0184493,0.0,0.0,7.0184493
546,GLDN,67.01496,7.015591,0.0,0.0,7.015591
11780,COA8,-64.516075,-7.0154366,0.0,0.0,7.0154366
14510,AARSD1,-66.75151,-7.0127897,0.0,0.0,7.0127897
221,LIPC,67.08113,7.004586,0.0,0.0,7.004586
756,DCC,66.975,7.0039353,0.0,0.0,7.0039353
1022,AZGP1,66.92269,6.998761,0.0,0.0,6.998761
1639,PKD2L2,66.80309,6.9985495,0.0,0.0,6.9985495
445,FMO1,67.03255,6.9977026,0.0,0.0,6.9977026
14789,EPHB3,-66.957344,-6.989071,0.0,0.0,6.989071
289,ATP10A,67.0646,6.984864,0.0,0.0,6.984864
14401,EGLN2,-66.70618,-6.984228,0.0,0.0,6.984228
14395,FKBP1A,-66.70178,-6.982266,0.0,0.0,6.982266
1042,MYH14,66.91951,6.9806933,0.0,0.0,6.9806933
14434,EEF1E1,-66.718315,-6.978354,0.0,0.0,6.978354
14665,BORCS8,-66.84367,-6.977881,0.0,0.0,6.977881
14278,CRABP2,-66.659485,-6.9777036,0.0,0.0,6.9777036
14440,SDHAF2,-66.72026,-6.9764767,0.0,0.0,6.9764767
14310,VCAN,-66.667206,-6.9758625,0.0,0.0,6.9758625
1374,LINC02112,66.85895,6.975113,0.0,0.0,6.975113
1098,ALDH1A2,66.90904,6.975104,0.0,0.0,6.975104
822,SLA2,66.9597,6.9749994,0.0,0.0,6.9749994
1173,SMCO2,66.89504,6.9740252,0.0,0.0,6.9740252
288,LRP1B,67.06481,6.97297,0.0,0.0,6.97297
14140,RPL17,-66.62121,-6.970111,0.0,0.0,6.970111
14433,ANKRD39,-66.718216,-6.9698353,0.0,0.0,6.9698353
14180,VKORC1,-66.63182,-6.961612,0.0,0.0,6.961612
1159,SLC26A8,66.89748,6.960485,0.0,0.0,6.960485
14136,RPL26,-66.620285,-6.960349,0.0,0.0,6.960349
158,FILIP1L,67.09676,6.9591565,0.0,0.0,6.9591565
14767,PEX19,-66.9346,-6.9461765,0.0,0.0,6.9461765
14055,UBE2V1,-66.59864,-6.9428887,0.0,0.0,6.9428887
716,THSD7B,66.98413,6.9375896,0.0,0.0,6.9375896
347,SYT2,67.05086,6.9327297,0.0,0.0,6.9327297
14387,PAGR1,-66.70006,-6.922974,0.0,0.0,6.922974
2144,LINC02256,66.6899,6.920823,0.0,0.0,6.920823
14425,ZNF576,-66.71398,-6.9200854,0.0,0.0,6.9200854
2270,PACRG,66.65067,6.919594,0.0,0.0,6.919594
14015,SYNJ2BP,-66.588936,-6.9164414,0.0,0.0,6.9164414
14490,AEBP1,-66.74211,-6.915068,0.0,0.0,6.915068
32,LINC02228,67.133995,6.9110985,0.0,0.0,6.9110985
14418,BORCS7,-66.71295,-6.908773,0.0,0.0,6.908773
14157,CKS2,-66.62444,-6.9085174,0.0,0.0,6.9085174
2223,LINC02798,66.665985,6.906689,0.0,0.0,6.906689
14185,UBE2F,-66.63239,-6.905431,0.0,0.0,6.905431
14129,PSMA2,-66.61742,-6.9053426,0.0,0.0,6.9053426
437,SMC1B,67.034454,6.896988,0.0,0.0,6.896988
14279,WDR83OS,-66.65959,-6.8958225,0.0,0.0,6.8958225
916,LAMA3,66.94196,6.8951325,0.0,0.0,6.8951325
2397,CLCF1,66.60765,6.8937325,0.0,0.0,6.8937325
260,BAIAP2L2,67.07189,6.891743,0.0,0.0,6.891743
14372,TMEM80,-66.690186,-6.891706,0.0,0.0,6.891706
13386,CCNB1,-66.436066,-6.8916345,0.0,0.0,6.8916345
14145,RPL36A,-66.62191,-6.891102,0.0,0.0,6.891102
1528,SPESP1,66.82616,6.8885503,0.0,0.0,6.8885503
77,NRXN3,67.11735,6.886537,0.0,0.0,6.886537
1733,NLRC4,66.783905,6.8861213,0.0,0.0,6.8861213
13858,FEN1,-66.55215,-6.8824215,0.0,0.0,6.8824215
14468,RNF103,-66.734184,-6.88223,0.0,0.0,6.88223
11951,SCO2,-65.08006,-6.881729,0.0,0.0,6.881729
14760,TLNRD1,-66.92473,-6.881305,0.0,0.0,6.881305
14382,CYP51A1,-66.69619,-6.8752127,0.0,0.0,6.8752127
939,SERPINB9P1,66.93854,6.874387,0.0,0.0,6.874387
14609,DNAJB4,-66.80864,-6.8723497,0.0,0.0,6.8723497
12613,TNMD,-66.17919,-6.8708897,0.0,0.0,6.8708897
2003,NEK10,66.726944,6.8706036,0.0,0.0,6.8706036
11026,ABCF2,-59.085293,-6.8697305,0.0,0.0,6.8697305
13725,SMIM7,-66.51653,-6.869036,0.0,0.0,6.869036
14480,AKT1S1,-66.73846,-6.868916,0.0,0.0,6.868916
1181,MASP2,66.8945,6.8670506,0.0,0.0,6.8670506
14451,RBM14,-66.72649,-6.8653398,0.0,0.0,6.8653398
2088,LRMDA,66.707985,6.8639903,0.0,0.0,6.8639903
13736,SELENOH,-66.518875,-6.86242,0.0,0.0,6.86242
998,THRB,66.92713,6.860885,0.0,0.0,6.860885
13690,TSNAX,-66.50962,-6.8589406,0.0,0.0,6.8589406
14642,ITGB3,-66.827644,-6.8574953,0.0,0.0,6.8574953
164,ERG,67.0944,6.8466578,0.0,0.0,6.8466578
1526,HAVCR2,66.82632,6.837589,0.0,0.0,6.837589
207,LRFN2,67.083565,6.835162,0.0,0.0,6.835162
13977,RPL39,-66.58106,-6.8342614,0.0,0.0,6.8342614
386,CRACR2A,67.04379,6.8333774,0.0,0.0,6.8333774
14327,ARF3,-66.673416,-6.830966,0.0,0.0,6.830966
273,CNTNAP4,67.06824,6.8308554,0.0,0.0,6.8308554
13939,ZFP91,-66.57322,-6.825981,0.0,0.0,6.825981
14141,FABP5,-66.62137,-6.8249526,0.0,0.0,6.8249526
14303,RBM12,-66.66606,-6.8223305,0.0,0.0,6.8223305
14177,ARL2,-66.63126,-6.817983,0.0,0.0,6.817983
168,LINC01198,67.09298,6.81693,0.0,0.0,6.81693
14505,AJUBA,-66.74916,-6.8131156,0.0,0.0,6.8131156
448,SH2D6,67.03201,6.8118005,0.0,0.0,6.8118005
120,OTUD7A,67.105896,6.8105164,0.0,0.0,6.8105164
14178,POLR2J3,-66.63133,-6.809026,0.0,0.0,6.809026
11320,SEPTIN5,-62.02187,-6.805056,0.0,0.0,6.805056
14339,RWDD3,-66.677315,-6.8040223,0.0,0.0,6.8040223
484,ZNF565,67.025185,6.8028493,0.0,0.0,6.8028493
13493,BABAM1,-66.46351,-6.8008714,0.0,0.0,6.8008714
13669,CTSD,-66.505035,-6.799342,0.0,0.0,6.799342
14384,TIMM10B,-66.69679,-6.798252,0.0,0.0,6.798252
14183,GEMIN7,-66.63231,-6.796892,0.0,0.0,6.796892
196,LSAMP-AS1,67.087105,6.796691,0.0,0.0,6.796691
40,SAXO1,67.131355,6.7955084,0.0,0.0,6.7955084
14088,RPL18A,-66.6057,-6.792651,0.0,0.0,6.792651
2203,POF1B,66.67399,6.791103,0.0,0.0,6.791103
698,GRIN2C,66.98661,6.790857,0.0,0.0,6.790857
14715,SLC12A5,-66.88462,-6.789028,0.0,0.0,6.789028
13855,TMEM205,-66.551926,-6.784398,0.0,0.0,6.784398
1212,CAMK1D,66.88809,6.775943,0.0,0.0,6.775943
14312,RPL9,-66.66738,-6.775412,0.0,0.0,6.775412
13718,NUP62,-66.515625,-6.774353,0.0,0.0,6.774353
2408,XIRP2,66.60392,6.773091,0.0,0.0,6.773091
14028,CHML,-66.593124,-6.771521,0.0,0.0,6.771521
14733,CSRP2,-66.901566,-6.770723,0.0,0.0,6.770723
14347,PYCR2,-66.68054,-6.7704887,0.0,0.0,6.7704887
10511,MT1G,-52.153587,-6.770201,0.0,0.0,6.770201
2048,IQCJ-SCHIP1,66.71627,6.767439,0.0,0.0,6.767439
14287,ZGPAT,-66.66248,-6.7668033,0.0,0.0,6.7668033
641,MAP3K19,66.99777,6.765131,0.0,0.0,6.765131
1931,FLACC1,66.74052,6.7650495,0.0,0.0,6.7650495
14690,EFNB3,-66.86028,-6.7631197,0.0,0.0,6.7631197
14404,CHERP,-66.70633,-6.754198,0.0,0.0,6.754198
13895,HNRNPUL2,-66.56133,-6.7534413,0.0,0.0,6.7534413
796,RAP1GAP2,66.96644,6.7490153,0.0,0.0,6.7490153
577,FAM156A,67.00961,6.7487125,0.0,0.0,6.7487125
14499,ZNF747,-66.74778,-6.746188,0.0,0.0,6.746188
13622,MDK,-66.49349,-6.744832,0.0,0.0,6.744832
13968,SATB1,-66.57908,-6.739358,0.0,0.0,6.739358
14212,TRAPPC2B,-66.639404,-6.737036,0.0,0.0,6.737036
14575,CHN2,-66.79078,-6.7367196,0.0,0.0,6.7367196
14567,LINC02082,-66.786736,-6.736247,0.0,0.0,6.736247
162,KIRREL3,67.095024,6.7350435,0.0,0.0,6.7350435
2573,MOGAT1,66.54742,6.731814,0.0,0.0,6.731814
14199,RNASEK,-66.636826,-6.730737,0.0,0.0,6.730737
326,GABRG3,67.056,6.726282,0.0,0.0,6.726282
277,ARHGAP24,67.06664,6.725747,0.0,0.0,6.725747
2192,SLC2A9,66.677284,6.72457,0.0,0.0,6.72457
1728,PLCL1,66.78523,6.7224407,0.0,0.0,6.7224407
1702,LINC01798,66.79183,6.718982,0.0,0.0,6.718982
13995,TP53I13,-66.58433,-6.712979,0.0,0.0,6.712979
4,KCNK1,67.14909,6.710521,0.0,0.0,6.710521
37,PRKG2,67.13164,6.7066965,0.0,0.0,6.7066965
1435,GPR156,66.84561,6.705279,0.0,0.0,6.705279
13984,RBMXL1,-66.58216,-6.703596,0.0,0.0,6.703596
14216,MGST1,-66.64009,-6.703114,0.0,0.0,6.703114
13857,ZNF544,-66.552086,-6.697864,0.0,0.0,6.697864
14399,SLC25A51,-66.70442,-6.697156,0.0,0.0,6.697156
2576,SH3TC2-DT,66.54541,6.696107,0.0,0.0,6.696107
1616,GRIP1,66.80729,6.689448,0.0,0.0,6.689448
14452,HOXB2,-66.72688,-6.682172,0.0,0.0,6.682172
2675,DHRS9,66.49806,6.677818,0.0,0.0,6.677818
2027,MAOB,66.72164,6.6771803,0.0,0.0,6.6771803
115,ATP8B4,67.107445,6.676466,0.0,0.0,6.676466
13775,PSMA6,-66.53206,-6.675418,0.0,0.0,6.675418
14763,MT-ND4L,-66.9277,-6.6696687,0.0,0.0,6.6696687
1677,NIBAN1,66.7971,6.6693416,0.0,0.0,6.6693416
459,BANK1,67.02915,6.6666093,0.0,0.0,6.6666093
14345,TBX2,-66.679306,-6.6613674,0.0,0.0,6.6613674
14115,ZNF655,-66.613075,-6.6604366,0.0,0.0,6.6604366
14111,FIBIN,-66.61194,-6.657124,0.0,0.0,6.657124
1648,ADAMTS9-AS2,66.80107,6.657002,0.0,0.0,6.657002
487,SLC38A4,67.024574,6.6533604,0.0,0.0,6.6533604
829,SNAP25-AS1,66.9584,6.652588,0.0,0.0,6.652588
14292,TGIF2,-66.662926,-6.652292,0.0,0.0,6.652292
683,NR2F2-AS1,66.98888,6.65106,0.0,0.0,6.65106
1977,LRRTM3,66.73191,6.6498804,0.0,0.0,6.6498804
14478,RGS5,-66.7377,-6.646738,0.0,0.0,6.646738
2139,MYRIP,66.6907,6.6464033,0.0,0.0,6.6464033
13341,PARL,-66.422554,-6.646117,0.0,0.0,6.646117
14217,FNIP1,-66.64022,-6.645386,0.0,0.0,6.645386
2671,LINC00616,66.5,6.6446166,0.0,0.0,6.6446166
14494,C8orf82,-66.74307,-6.6383204,0.0,0.0,6.6383204
357,MCTP1,67.04818,6.6369233,0.0,0.0,6.6369233
14790,PTPRD-AS1,-66.9575,-6.635887,0.0,0.0,6.635887
13936,ZNF503,-66.5727,-6.6337676,0.0,0.0,6.6337676
13299,RBFA,-66.413506,-6.6326833,0.0,0.0,6.6326833
13487,KDELR2,-66.46193,-6.629226,0.0,0.0,6.629226
14301,DTD2,-66.66561,-6.627164,0.0,0.0,6.627164
14021,ARHGAP19,-66.59098,-6.626168,0.0,0.0,6.626168
719,PPEF1,66.982834,6.6242595,0.0,0.0,6.6242595
14112,VIM,-66.61213,-6.6235814,0.0,0.0,6.6235814
13538,MRPL30,-66.47339,-6.6225986,0.0,0.0,6.6225986
97,USHBP1,67.11111,6.62233,0.0,0.0,6.62233
1068,NUPR1,66.91346,6.6194854,0.0,0.0,6.6194854
14619,MT-ATP8,-66.81551,-6.619183,0.0,0.0,6.619183
1126,ACSM6,66.90285,6.614005,0.0,0.0,6.614005
1200,LINC02763,66.891624,6.6134057,0.0,0.0,6.6134057
1111,COLEC10,66.907394,6.609101,0.0,0.0,6.609101
14662,S100A4,-66.841255,-6.6040397,0.0,0.0,6.6040397
119,ITGA11,67.1059,6.601857,0.0,0.0,6.601857
192,LINC02141,67.08743,6.601761,0.0,0.0,6.601761
13796,RBAK,-66.53759,-6.59811,0.0,0.0,6.59811
14534,SUMO4,-66.766396,-6.5974693,0.0,0.0,6.5974693
14241,MT-ATP6,-66.64606,-6.5956492,0.0,0.0,6.5956492
675,INSYN2A,66.99007,6.595539,0.0,0.0,6.595539
920,LINC01933,66.94154,6.5950074,0.0,0.0,6.5950074
14234,ARPIN,-66.644516,-6.5935836,0.0,0.0,6.5935836
33,DNAH9,67.13323,6.5932374,0.0,0.0,6.5932374
14342,INHBA,-66.678,-6.5921793,0.0,0.0,6.5921793
13726,PPAN,-66.51654,-6.5909843,0.0,0.0,6.5909843
1043,COL24A1,66.91946,6.5903106,0.0,0.0,6.5903106
677,TEX14,66.98984,6.5870996,0.0,0.0,6.5870996
13987,APOE,-66.58297,-6.5841985,0.0,0.0,6.5841985
454,GOLGA7B,67.02991,6.5809913,0.0,0.0,6.5809913
887,PON1,66.946724,6.579845,0.0,0.0,6.579845
847,LARGE1,66.95467,6.5773196,0.0,0.0,6.5773196
1678,RBMS3-AS3,66.797,6.5757103,0.0,0.0,6.5757103
14195,TBCEL,-66.63622,-6.5755043,0.0,0.0,6.5755043
14070,GOSR2,-66.6017,-6.5721307,0.0,0.0,6.5721307
78,STEAP2,67.11713,6.569171,0.0,0.0,6.569171
415,EPB41L4B,67.03891,6.5658965,0.0,0.0,6.5658965
1594,ZNF385B,66.81288,6.5658727,0.0,0.0,6.5658727
13945,CLCC1,-66.575165,-6.5620446,0.0,0.0,6.5620446
14137,RPP25,-66.620926,-6.559128,0.0,0.0,6.559128
13665,UBE2W,-66.50405,-6.555364,0.0,0.0,6.555364
143,ACVR1C,67.1001,6.5548205,0.0,0.0,6.5548205
408,GJB1,67.040474,6.552753,0.0,0.0,6.552753
14149,RHNO1,-66.62251,-6.543898,0.0,0.0,6.543898
14527,POLR2J2,-66.76158,-6.54218,0.0,0.0,6.54218
13597,TMED7,-66.486984,-6.5415897,0.0,0.0,6.5415897
689,BHMT,66.98794,6.5414314,0.0,0.0,6.5414314
13942,ST6GALNAC6,-66.574394,-6.5398297,0.0,0.0,6.5398297
757,GAS2,66.974396,6.536706,0.0,0.0,6.536706
13843,SLC35E1,-66.54787,-6.5365143,0.0,0.0,6.5365143
11318,PRORP,-62.017876,-6.535505,0.0,0.0,6.535505
331,SEMA6A-AS1,67.054504,6.5334883,0.0,0.0,6.5334883
14403,STK26,-66.70633,-6.5334754,0.0,0.0,6.5334754
13590,FXN,-66.48517,-6.533183,0.0,0.0,6.533183
1525,TMEM236,66.82634,6.531321,0.0,0.0,6.531321
14059,FAM53B,-66.599236,-6.5307083,0.0,0.0,6.5307083
13422,SPAG5,-66.44487,-6.5295467,0.0,0.0,6.5295467
14106,CENPS,-66.610176,-6.52747,0.0,0.0,6.52747
13655,EXOSC3,-66.50168,-6.524875,0.0,0.0,6.524875
1289,KLHL32,66.87621,6.5236034,0.0,0.0,6.5236034
14488,SENP3,-66.74004,-6.523055,0.0,0.0,6.523055
310,EYS,67.059944,6.522573,0.0,0.0,6.522573
1197,KCNJ3,66.89219,6.5225644,0.0,0.0,6.5225644
2698,CASQ2,66.48859,6.5207353,0.0,0.0,6.5207353
125,KCNJ2,67.10456,6.5206494,0.0,0.0,6.5206494
13323,IFT80,-66.41887,-6.519034,0.0,0.0,6.519034
13018,RBM7,-66.33926,-6.512932,0.0,0.0,6.512932
1533,LGALSL-DT,66.82546,6.5100436,0.0,0.0,6.5100436
14525,INO80C,-66.75837,-6.509565,0.0,0.0,6.509565
990,ASIP,66.92848,6.5087786,0.0,0.0,6.5087786
258,CFAP47,67.072,6.507628,0.0,0.0,6.507628
433,MAK,67.03515,6.50396,0.0,0.0,6.50396
665,SLC26A5,66.99223,6.503405,0.0,0.0,6.503405
253,DIO2,67.07266,6.5012703,0.0,0.0,6.5012703
166,LINC01239,67.094,6.5009756,0.0,0.0,6.5009756
13231,ARPC4,-66.39781,-6.4995046,0.0,0.0,6.4995046
14731,FASTKD5,-66.90022,-6.496952,0.0,0.0,6.496952
13774,TMEM91,-66.531876,-6.496258,0.0,0.0,6.496258
14130,BEX1,-66.61762,-6.494167,0.0,0.0,6.494167
308,RNF212B,67.06059,6.488647,0.0,0.0,6.488647
13262,CHMP1B,-66.40441,-6.4849396,0.0,0.0,6.4849396
46,CTXND1,67.12928,6.4838266,0.0,0.0,6.4838266
1397,CNTNAP3,66.85508,6.4792757,0.0,0.0,6.4792757
14543,CIPC,-66.771965,-6.478029,0.0,0.0,6.478029
13986,FIP1L1,-66.58294,-6.471495,0.0,0.0,6.471495
13469,BLOC1S5,-66.4567,-6.4708257,0.0,0.0,6.4708257
1095,RABGAP1L,66.90945,6.470804,0.0,0.0,6.470804
14687,IRX2,-66.85868,-6.465317,0.0,0.0,6.465317
1649,MYLK4,66.80101,6.4616103,0.0,0.0,6.4616103
13698,EMG1,-66.51072,-6.4602475,0.0,0.0,6.4602475
14707,HOXB-AS1,-66.86798,-6.453612,0.0,0.0,6.453612
250,NFE2L3,67.07363,6.4492774,0.0,0.0,6.4492774
1481,NEB,66.83519,6.4476595,0.0,0.0,6.4476595
29,TMEM108,67.1343,6.445672,0.0,0.0,6.445672
13776,PIGM,-66.5331,-6.439189,0.0,0.0,6.439189
366,OSBPL10-AS1,67.04666,6.4375505,0.0,0.0,6.4375505
1281,MKRN2OS,66.877304,6.4346867,0.0,0.0,6.4346867
13686,PPP1R14A,-66.508934,-6.4322357,0.0,0.0,6.4322357
788,ALPK1,66.96809,6.430445,0.0,0.0,6.430445
1254,SLC35F4,66.882065,6.426347,0.0,0.0,6.426347
14574,IRGQ,-66.79065,-6.4262695,0.0,0.0,6.4262695
13678,ZNF8,-66.506996,-6.4225526,0.0,0.0,6.4225526
111,IGSF11,67.10828,6.418932,0.0,0.0,6.418932
1128,CNTN3,66.902725,6.4135976,0.0,0.0,6.4135976
13397,ZNF581,-66.438576,-6.41262,0.0,0.0,6.41262
14338,AMT,-66.676994,-6.4117637,0.0,0.0,6.4117637
809,CC2D2B,66.96287,6.4099216,0.0,0.0,6.4099216
13069,BSCL2,-66.35442,-6.4069633,0.0,0.0,6.4069633
13367,PEG10,-66.42978,-6.404974,0.0,0.0,6.404974
632,DKK2,66.99892,6.404647,0.0,0.0,6.404647
13692,RPS19,-66.510056,-6.4036684,0.0,0.0,6.4036684
13880,PIK3R2,-66.5581,-6.403328,0.0,0.0,6.403328
533,KIZ-AS1,67.01703,6.4020042,0.0,0.0,6.4020042
11645,BOLA2,-63.973938,-6.4015026,0.0,0.0,6.4015026
813,CAVIN2,66.96242,6.4009542,0.0,0.0,6.4009542
13890,SLC39A3,-66.56072,-6.399723,0.0,0.0,6.399723
1902,PRSS3,66.74698,6.3981695,0.0,0.0,6.3981695
14777,KAZALD1,-66.94542,-6.396043,0.0,0.0,6.396043
1114,CCDC26,66.9058,6.395558,0.0,0.0,6.395558
1818,LIX1-AS1,66.76662,6.3907304,0.0,0.0,6.3907304
708,LINC00159,66.98466,6.390244,0.0,0.0,6.390244
13897,ZHX1,-66.56161,-6.389571,0.0,0.0,6.389571
13333,ZNF174,-66.420746,-6.388057,0.0,0.0,6.388057
13405,SMARCE1,-66.44054,-6.3872075,0.0,0.0,6.3872075
14643,MT-ND4,-66.82787,-6.383572,0.0,0.0,6.383572
2642,ASB10,66.515495,6.3806615,0.0,0.0,6.3806615
1695,ATP1A4,66.79364,6.37822,0.0,0.0,6.37822
13813,ZNF511,-66.54004,-6.376405,0.0,0.0,6.376405
14184,RPL29,-66.632355,-6.3750515,0.0,0.0,6.3750515
13640,HSD11B1L,-66.497574,-6.370584,0.0,0.0,6.370584
13661,APOBEC3C,-66.50346,-6.368279,0.0,0.0,6.368279
14496,MT-CO2,-66.74469,-6.36699,0.0,0.0,6.36699
14036,RPS15A,-66.5949,-6.366471,0.0,0.0,6.366471
14226,SHB,-66.64251,-6.3652563,0.0,0.0,6.3652563
12983,TMBIM4,-66.32363,-6.364581,0.0,0.0,6.364581
14297,GNG10,-66.663826,-6.363291,0.0,0.0,6.363291
13988,ZNF410,-66.58302,-6.3612213,0.0,0.0,6.3612213
976,TYRP1,66.93093,6.359208,0.0,0.0,6.359208
13628,ZNF585A,-66.495056,-6.357769,0.0,0.0,6.357769
2209,CSDC2,66.67266,6.3560166,0.0,0.0,6.3560166
1263,TAC4,66.880486,6.354498,0.0,0.0,6.354498
14414,ATP5MGL,-66.711945,-6.352556,0.0,0.0,6.352556
11493,RAMAC,-63.21292,-6.352158,0.0,0.0,6.352158
353,PCDH11Y,67.0498,6.351043,0.0,0.0,6.351043
13989,EEF1A1,-66.58319,-6.3503146,0.0,0.0,6.3503146
14533,MROH7,-66.76616,-6.348855,0.0,0.0,6.348855
13708,KCNQ5-AS1,-66.51349,-6.345593,0.0,0.0,6.345593
13964,DHRS12,-66.578545,-6.344858,0.0,0.0,6.344858
13417,CALM2,-66.44429,-6.343144,0.0,0.0,6.343144
524,RFX8,67.01802,6.341815,0.0,0.0,6.341815
61,STK32B,67.12331,6.341458,0.0,0.0,6.341458
14498,SYTL5,-66.74551,-6.3363442,0.0,0.0,6.3363442
1510,TLL2,66.82851,6.3361454,0.0,0.0,6.3361454
12445,AS3MT,-66.00827,-6.3305507,0.0,0.0,6.3305507
13963,RPS12,-66.57835,-6.321302,0.0,0.0,6.321302
13280,PRC1,-66.40998,-6.3203816,0.0,0.0,6.3203816
800,TMEM233,66.96537,6.3198385,0.0,0.0,6.3198385
1241,GREB1L,66.88402,6.3183866,0.0,0.0,6.3183866
390,SH3RF3,67.04301,6.3157473,0.0,0.0,6.3157473
13851,PPP1R37,-66.549805,-6.3154964,0.0,0.0,6.3154964
436,ADARB2,67.034515,6.3125305,0.0,0.0,6.3125305
13951,COX16,-66.57635,-6.310254,0.0,0.0,6.310254
360,CAPS2,67.04773,6.308856,0.0,0.0,6.308856
476,ABCC3,67.02618,6.3052273,0.0,0.0,6.3052273
13674,PSMA3-AS1,-66.5063,-6.3038864,0.0,0.0,6.3038864
13223,ANXA1,-66.396484,-6.3024316,0.0,0.0,6.3024316
3295,PLA2G2A,65.957634,6.299674,0.0,0.0,6.299674
1568,EXD1,66.817505,6.2955914,0.0,0.0,6.2955914
14272,ZNF664,-66.65703,-6.2950764,0.0,0.0,6.2950764
13072,ARL6IP1,-66.355385,-6.295,0.0,0.0,6.295
1409,SH3GL2,66.85242,6.29495,0.0,0.0,6.29495
2261,IDH2-DT,66.65332,6.294649,0.0,0.0,6.294649
13732,TPX2,-66.51874,-6.29029,0.0,0.0,6.29029
552,PPP2R2C,67.01385,6.2897086,0.0,0.0,6.2897086
13418,NPHP3,-66.44469,-6.2865157,0.0,0.0,6.2865157
2269,LINGO1,66.65091,6.2835402,0.0,0.0,6.2835402
980,CPED1,66.93059,6.2830005,0.0,0.0,6.2830005
278,TFAP2E,67.06642,6.274527,0.0,0.0,6.274527
12997,UNC119,-66.32943,-6.2742295,0.0,0.0,6.2742295
14302,RPS23,-66.66583,-6.2738266,0.0,0.0,6.2738266
13317,ZNF605,-66.41675,-6.271307,0.0,0.0,6.271307
1508,FHIT,66.8294,6.270535,0.0,0.0,6.270535
11764,SAA2,-64.45484,-6.270042,0.0,0.0,6.270042
1906,ITGB6,66.7453,6.2698917,0.0,0.0,6.2698917
14280,CTDNEP1,-66.65998,-6.269363,0.0,0.0,6.269363
14738,NKX2-6,-66.90439,-6.269196,0.0,0.0,6.269196
36,MBP,67.131935,6.268994,0.0,0.0,6.268994
12602,MAP6D1,-66.17381,-6.2684054,0.0,0.0,6.2684054
13865,ZNF580,-66.55534,-6.267996,0.0,0.0,6.267996
734,FMN1,66.97929,6.267225,0.0,0.0,6.267225
13396,ZNF286A,-66.438416,-6.265914,0.0,0.0,6.265914
149,LGI1,67.0986,6.2620063,0.0,0.0,6.2620063
1423,LINC02362,66.849075,6.261824,0.0,0.0,6.261824
13439,PIGBOS1,-66.44976,-6.261146,0.0,0.0,6.261146
19,FGD3,67.13978,6.2608457,0.0,0.0,6.2608457
302,SPTBN4,67.06156,6.2601113,0.0,0.0,6.2601113
13882,PAQR8,-66.558624,-6.259426,0.0,0.0,6.259426
13255,HEXA,-66.40271,-6.2586627,0.0,0.0,6.2586627
13489,DNAL4,-66.462074,-6.2586274,0.0,0.0,6.2586274
14651,MARS2,-66.83292,-6.2583566,0.0,0.0,6.2583566
13526,DNAJC25,-66.47075,-6.2582965,0.0,0.0,6.2582965
473,RASGRF1,67.02668,6.2567525,0.0,0.0,6.2567525
590,NTN4,67.00576,6.256211,0.0,0.0,6.256211
14025,BIVM,-66.59232,-6.2553782,0.0,0.0,6.2553782
14081,RPL12,-66.60431,-6.251922,0.0,0.0,6.251922
13659,RAD51D,-66.50296,-6.249563,0.0,0.0,6.249563
13428,ANKHD1,-66.44674,-6.247484,0.0,0.0,6.247484
14482,ZNF781,-66.73869,-6.2470417,0.0,0.0,6.2470417
646,F5,66.99729,6.2436266,0.0,0.0,6.2436266
460,NPAS3,67.02905,6.242386,0.0,0.0,6.242386
13835,DCHS1,-66.545135,-6.241951,0.0,0.0,6.241951
1583,HIVEP3,66.813995,6.2413406,0.0,0.0,6.2413406
13961,RPL30,-66.5783,-6.2405643,0.0,0.0,6.2405643
1271,CNTNAP3B,66.87944,6.2397933,0.0,0.0,6.2397933
3357,VIT,65.86658,6.2395554,0.0,0.0,6.2395554
14424,PTGR2,-66.71377,-6.2383423,0.0,0.0,6.2383423
14232,SNURF,-66.643776,-6.234121,0.0,0.0,6.234121
14003,RPL3,-66.58586,-6.232428,0.0,0.0,6.232428
12919,CNPY2,-66.30548,-6.2322173,0.0,0.0,6.2322173
14281,RPLP1,-66.66064,-6.230122,0.0,0.0,6.230122
431,RORB,67.03545,6.225165,0.0,0.0,6.225165
1416,RPS6KB2-AS1,66.85101,6.223334,0.0,0.0,6.223334
14284,RPL32,-66.66125,-6.2231326,0.0,0.0,6.2231326
534,NPIPA2,67.01694,6.221806,0.0,0.0,6.221806
2627,STARD13,66.52305,6.215639,0.0,0.0,6.215639
13364,SYS1,-66.428185,-6.2146053,0.0,0.0,6.2146053
142,CSMD2,67.10019,6.2144156,0.0,0.0,6.2144156
671,CDH26,66.99075,6.2138405,0.0,0.0,6.2138405
14221,THAP5,-66.64157,-6.2131786,0.0,0.0,6.2131786
14024,ZC3H10,-66.59211,-6.2100124,0.0,0.0,6.2100124
13701,AQP10,-66.51097,-6.209637,0.0,0.0,6.209637
14375,NAA80,-66.69182,-6.209475,0.0,0.0,6.209475
2107,PTPN20,66.70244,6.209044,0.0,0.0,6.209044
13802,VPS33A,-66.53872,-6.2075143,0.0,0.0,6.2075143
1319,ABCA10,66.87114,6.2061095,0.0,0.0,6.2061095
513,ZNF350-AS1,67.02015,6.204291,0.0,0.0,6.204291
14044,LIN37,-66.59607,-6.2037206,0.0,0.0,6.2037206
14318,RPS24,-66.669914,-6.2016096,0.0,0.0,6.2016096
47,EGFR,67.1286,6.2008996,0.0,0.0,6.2008996
13218,RAB5C,-66.393776,-6.1994944,0.0,0.0,6.1994944
13965,RPS4X,-66.57885,-6.1985536,0.0,0.0,6.1985536
2636,KBTBD12,66.518036,6.195527,0.0,0.0,6.195527
1101,IPCEF1,66.90882,6.1932707,0.0,0.0,6.1932707
328,LINC00924,67.05516,6.1920767,0.0,0.0,6.1920767
13431,RPL28,-66.447876,-6.191238,0.0,0.0,6.191238
2589,THSD4,66.53828,6.188697,0.0,0.0,6.188697
13947,RPL13,-66.57598,-6.1869545,0.0,0.0,6.1869545
13530,WDR54,-66.471634,-6.186179,0.0,0.0,6.186179
14057,RPS27A,-66.59884,-6.183726,0.0,0.0,6.183726
1664,LINC02204,66.79921,6.1782155,0.0,0.0,6.1782155
323,BTBD16,67.05699,6.1759443,0.0,0.0,6.1759443
13752,RPL37,-66.52278,-6.175364,0.0,0.0,6.175364
13118,CLN5,-66.368126,-6.175346,0.0,0.0,6.175346
14337,MYCN,-66.6764,-6.1752615,0.0,0.0,6.1752615
2714,SLN,66.48058,6.171322,0.0,0.0,6.171322
14747,C22orf39,-66.91221,-6.1662292,0.0,0.0,6.1662292
13991,RPS5,-66.583534,-6.1611953,0.0,0.0,6.1611953
318,PHKG1,67.057686,6.1611104,0.0,0.0,6.1611104
490,SPDYE3,67.024185,6.157891,0.0,0.0,6.157891
98,LRRC9,67.11078,6.157589,0.0,0.0,6.157589
14049,KRT19,-66.597206,-6.15673,0.0,0.0,6.15673
14091,RPS8,-66.60674,-6.1567183,0.0,0.0,6.1567183
14805,LINC01034,-66.989746,-6.15323,0.0,0.0,6.15323
13630,ID1,-66.495186,-6.1483765,0.0,0.0,6.1483765
54,TRPM3,67.12726,6.147553,0.0,0.0,6.147553
252,RAB19,67.073006,6.1457047,0.0,0.0,6.1457047
383,TTC6,67.04433,6.1450734,0.0,0.0,6.1450734
12671,BLOC1S6,-66.21306,-6.144881,0.0,0.0,6.144881
2354,LDLRAD4,66.62,6.144145,0.0,0.0,6.144145
178,CDH18,67.09113,6.14216,0.0,0.0,6.14216
206,RHCG,67.08388,6.141499,0.0,0.0,6.141499
2151,NR0B2,66.688576,6.140415,0.0,0.0,6.140415
1802,FRMPD2,66.76992,6.138813,0.0,0.0,6.138813
532,P2RX7,67.01708,6.1386642,0.0,0.0,6.1386642
151,EPHA6,67.098274,6.1371293,0.0,0.0,6.1371293
13506,TARDBP,-66.466484,-6.1366363,0.0,0.0,6.1366363
727,RGS22,66.981026,6.1320925,0.0,0.0,6.1320925
14476,IGFBP6,-66.73718,-6.1317644,0.0,0.0,6.1317644
827,XKR7,66.958786,6.130066,0.0,0.0,6.130066
56,ABCA4,67.12629,6.1260786,0.0,0.0,6.1260786
658,STEAP1B,66.993355,6.1237717,0.0,0.0,6.1237717
13339,ERF,-66.42159,-6.1184855,0.0,0.0,6.1184855
13638,UPK3BL1,-66.496376,-6.118316,0.0,0.0,6.118316
2593,ASB11,66.53763,6.1157336,0.0,0.0,6.1157336
13369,PDLIM2,-66.4307,-6.110076,0.0,0.0,6.110076
13841,KCTD7,-66.546295,-6.1098166,0.0,0.0,6.1098166
1146,MCOLN2,66.90036,6.107351,0.0,0.0,6.107351
13600,CYBA,-66.48733,-6.102423,0.0,0.0,6.102423
2190,SORBS1,66.67765,6.101266,0.0,0.0,6.101266
2463,L3MBTL4,66.582504,6.1010947,0.0,0.0,6.1010947
527,UFL1-AS1,67.017654,6.0985284,0.0,0.0,6.0985284
14632,PHLDA3,-66.821014,-6.0956097,0.0,0.0,6.0956097
13823,MED26,-66.54252,-6.0943274,0.0,0.0,6.0943274
81,KCNH5,67.11592,6.093843,0.0,0.0,6.093843
1342,ANKRD44,66.86687,6.093756,0.0,0.0,6.093756
13110,CRYZL1,-66.36609,-6.0931773,0.0,0.0,6.0931773
13819,CLDND2,-66.541245,-6.0924006,0.0,0.0,6.0924006
13054,SLC33A1,-66.35062,-6.0863504,0.0,0.0,6.0863504
13910,SNHG4,-66.564766,-6.0843625,0.0,0.0,6.0843625
11565,TAGLN,-63.522614,-6.082717,0.0,0.0,6.082717
14172,RPS28,-66.629944,-6.0818887,0.0,0.0,6.0818887
13129,ISY1,-66.37202,-6.0814037,0.0,0.0,6.0814037
1986,BTBD9,66.73037,6.0804462,0.0,0.0,6.0804462
12879,ZSCAN26,-66.29392,-6.079574,0.0,0.0,6.079574
3154,AREG,66.14616,6.07957,0.0,0.0,6.07957
496,ECT2L,67.02294,6.0775456,0.0,0.0,6.0775456
14776,UQCR11,-66.944305,-6.0769453,0.0,0.0,6.0769453
753,NLRC5,66.975624,6.074636,0.0,0.0,6.074636
14215,RPL37A,-66.63978,-6.0736914,0.0,0.0,6.0736914
1853,IP6K3,66.757996,6.070216,0.0,0.0,6.070216
12078,BIRC5,-65.41936,-6.069375,0.0,0.0,6.069375
348,VWF,67.0506,6.0693183,0.0,0.0,6.0693183
820,COL28A1,66.9601,6.0664864,0.0,0.0,6.0664864
12989,TIA1,-66.32609,-6.064479,0.0,0.0,6.064479
14633,SMIM26,-66.82179,-6.061924,0.0,0.0,6.061924
12921,KDM4A,-66.306,-6.061313,0.0,0.0,6.061313
14624,CLDN6,-66.81746,-6.0586886,0.0,0.0,6.0586886
957,AKAP14,66.93441,6.057988,0.0,0.0,6.057988
13179,TMEM132A,-66.38278,-6.054538,0.0,0.0,6.054538
255,GRIK4,67.07263,6.0508604,0.0,0.0,6.0508604
14094,MT-ND1,-66.60779,-6.050849,0.0,0.0,6.050849
13370,ZNF700,-66.43083,-6.0461493,0.0,0.0,6.0461493
13618,ZBED3-AS1,-66.49264,-6.045974,0.0,0.0,6.045974
497,SAMSN1,67.02294,6.04564,0.0,0.0,6.04564
43,PITPNC1,67.13067,6.0414395,0.0,0.0,6.0414395
1108,GRIK1,66.90771,6.035899,0.0,0.0,6.035899
14576,RPS26,-66.79109,-6.03541,0.0,0.0,6.03541
13643,IFITM2,-66.49816,-6.0337057,0.0,0.0,6.0337057
569,AXDND1,67.01109,6.0304356,0.0,0.0,6.0304356
14654,DOK4,-66.83642,-6.0295424,0.0,0.0,6.0295424
14659,GCHFR,-66.838646,-6.028982,0.0,0.0,6.028982
3057,MAEL,66.2706,6.0289545,0.0,0.0,6.0289545
283,HPD,67.065445,6.028234,0.0,0.0,6.028234
975,SHISA8,66.930984,6.026656,0.0,0.0,6.026656
1209,CASS4,66.88882,6.019953,0.0,0.0,6.019953
215,LINC01695,67.08169,6.0175023,0.0,0.0,6.0175023
1547,LSINCT5,66.82297,6.015693,0.0,0.0,6.015693
886,TSHR,66.94673,6.0132647,0.0,0.0,6.0132647
1556,GRM1,66.8205,6.0119753,0.0,0.0,6.0119753
13415,RBP1,-66.4434,-6.0103517,0.0,0.0,6.0103517
13567,EEF1AKMT4,-66.48006,-6.010175,0.0,0.0,6.010175
2610,RUNDC3B,66.532425,6.0096364,0.0,0.0,6.0096364
13042,MT-ND3,-66.348335,-6.008599,0.0,0.0,6.008599
247,SOX5,67.07434,6.005473,0.0,0.0,6.005473
13932,TUBA1A,-66.571754,-6.005447,0.0,0.0,6.005447
75,RNF122,67.11805,6.0049396,0.0,0.0,6.0049396
13720,ZNF548,-66.51605,-6.0043907,0.0,0.0,6.0043907
13252,SLC35F6,-66.40168,-6.002201,0.0,0.0,6.002201
2171,PIP5K1B,66.68245,6.0017686,0.0,0.0,6.0017686
13619,CTSV,-66.493004,-5.999969,0.0,0.0,5.999969
13595,HAUS3,-66.486336,-5.9962616,0.0,0.0,5.9962616
13972,RPS14,-66.57975,-5.994538,0.0,0.0,5.994538
113,SNTB1,67.10768,5.9936414,0.0,0.0,5.9936414
13253,THAP9-AS1,-66.402435,-5.99207,0.0,0.0,5.99207
12973,PCDHGA10,-66.32088,-5.989928,0.0,0.0,5.989928
14198,RPL23,-66.636795,-5.9884796,0.0,0.0,5.9884796
354,OPCML,67.04948,5.988134,0.0,0.0,5.988134
157,TNN,67.09681,5.9877996,0.0,0.0,5.9877996
444,USP3-AS1,67.03259,5.9855824,0.0,0.0,5.9855824
14154,RTL10,-66.623474,-5.9836354,0.0,0.0,5.9836354
14520,TPT1,-66.75762,-5.983455,0.0,0.0,5.983455
1884,LINC01678,66.752754,5.981926,0.0,0.0,5.981926
117,TMEM52B,67.10603,5.9813313,0.0,0.0,5.9813313
2712,MLIP,66.481606,5.9787116,0.0,0.0,5.9787116
1348,ASB5,66.865036,5.978419,0.0,0.0,5.978419
14400,NDST2,-66.70469,-5.9739714,0.0,0.0,5.9739714
1806,ABLIM2,66.76898,5.9737015,0.0,0.0,5.9737015
13927,RPL18,-66.570206,-5.9735336,0.0,0.0,5.9735336
13260,ZNF713,-66.403854,-5.973447,0.0,0.0,5.973447
137,COCH,67.10081,5.9724817,0.0,0.0,5.9724817
13633,FLCN,-66.49545,-5.971608,0.0,0.0,5.971608
14618,XK,-66.815155,-5.971292,0.0,0.0,5.971292
13302,BEND5,-66.41389,-5.969511,0.0,0.0,5.969511
774,SEZ6L,66.970474,5.969311,0.0,0.0,5.969311
14363,PKMYT1,-66.68599,-5.9677696,0.0,0.0,5.9677696
13893,RPS21,-66.56088,-5.9643273,0.0,0.0,5.9643273
3155,S100A1,66.14571,5.9617443,0.0,0.0,5.9617443
13587,OMA1,-66.484955,-5.960988,0.0,0.0,5.960988
1833,LINC00907,66.762474,5.960803,0.0,0.0,5.960803
806,PCDH11X,66.96325,5.9567194,0.0,0.0,5.9567194
839,LPO,66.95685,5.9560304,0.0,0.0,5.9560304
14144,CLEC11A,-66.621864,-5.9548106,0.0,0.0,5.9548106
440,SLC7A14,67.03399,5.954809,0.0,0.0,5.954809
781,TACR1,66.96896,5.954057,0.0,0.0,5.954057
2390,VWC2,66.61104,5.953487,0.0,0.0,5.953487
840,CD70,66.95649,5.9528985,0.0,0.0,5.9528985
13096,PELO,-66.360596,-5.949354,0.0,0.0,5.949354
13183,SLC5A3,-66.38364,-5.946971,0.0,0.0,5.946971
1596,LRP4,66.81244,5.9469137,0.0,0.0,5.9469137
1937,PNPLA7,66.73943,5.9463754,0.0,0.0,5.9463754
627,CDH17,66.999825,5.9438405,0.0,0.0,5.9438405
644,VDR,66.99733,5.943227,0.0,0.0,5.943227
1139,ABCA12,66.901184,5.9426517,0.0,0.0,5.9426517
13385,C19orf33,-66.43566,-5.9418287,0.0,0.0,5.9418287
13235,ZNF419,-66.39828,-5.941364,0.0,0.0,5.941364
13716,WBP1,-66.51556,-5.9395175,0.0,0.0,5.9395175
13973,RPL36,-66.57986,-5.9375877,0.0,0.0,5.9375877
16,ARMC2,67.141624,5.9358883,0.0,0.0,5.9358883
574,CALCB,67.01034,5.9355245,0.0,0.0,5.9355245
712,ALX4,66.98442,5.9353747,0.0,0.0,5.9353747
14118,CYB5RL,-66.61331,-5.932976,0.0,0.0,5.932976
62,PAX8,67.12323,5.931516,0.0,0.0,5.931516
13636,TUBA1B,-66.496185,-5.9300632,0.0,0.0,5.9300632
2072,CXorf58,66.71179,5.9250593,0.0,0.0,5.9250593
358,LINC01091,67.04781,5.9232616,0.0,0.0,5.9232616
737,PLA2G12B,66.97887,5.922582,0.0,0.0,5.922582
498,MST1R,67.022705,5.919933,0.0,0.0,5.919933
45,RAPGEF5,67.12964,5.9179487,0.0,0.0,5.9179487
13763,ATXN7,-66.528854,-5.9174047,0.0,0.0,5.9174047
13525,LINC01011,-66.47053,-5.911315,0.0,0.0,5.911315
13226,PCDHGB6,-66.396935,-5.9112563,0.0,0.0,5.9112563
95,DNM3,67.111145,5.910055,0.0,0.0,5.910055
9424,LRATD2,-28.459074,-5.908419,3.7628880186157246e-178,4.442202674845961e-178,5.908419
630,LINC02413,66.99903,5.9081473,0.0,0.0,5.9081473
593,LINC00923,67.00492,5.906074,0.0,0.0,5.906074
13081,VWA1,-66.358185,-5.905014,0.0,0.0,5.905014
2307,ZNF540,66.63715,5.899501,0.0,0.0,5.899501
14516,PIEZO1,-66.75537,-5.897339,0.0,0.0,5.897339
14086,TMEM97,-66.60536,-5.8924513,0.0,0.0,5.8924513
13377,STON1,-66.43262,-5.8922286,0.0,0.0,5.8922286
913,SOX6,66.94249,5.891045,0.0,0.0,5.891045
2272,DPY19L2,66.65001,5.890377,0.0,0.0,5.890377
1133,LY96,66.90192,5.886413,0.0,0.0,5.886413
1086,HKDC1,66.91105,5.885771,0.0,0.0,5.885771
804,SLA,66.9642,5.881491,0.0,0.0,5.881491
13518,FKBP1B,-66.46817,-5.877641,0.0,0.0,5.877641
13495,ZNF587B,-66.46405,-5.877308,0.0,0.0,5.877308
571,LINC02269,67.010925,5.875478,0.0,0.0,5.875478
562,LINC01376,67.01185,5.8730273,0.0,0.0,5.8730273
13687,RPL6,-66.50921,-5.871196,0.0,0.0,5.871196
14661,FNDC10,-66.84072,-5.8685446,0.0,0.0,5.8685446
1267,SLFNL1,66.880226,5.8683944,0.0,0.0,5.8683944
1012,CLVS1,66.924866,5.8660617,0.0,0.0,5.8660617
1047,LINC02803,66.91864,5.865594,0.0,0.0,5.865594
13486,ZNF551,-66.46192,-5.86159,0.0,0.0,5.86159
13035,TMEM170A,-66.34597,-5.861268,0.0,0.0,5.861268
12928,EFNA4,-66.30732,-5.8606277,0.0,0.0,5.8606277
13500,IRX1,-66.4651,-5.8586473,0.0,0.0,5.8586473
14340,TATDN2,-66.677635,-5.8574686,0.0,0.0,5.8574686
13711,LDOC1,-66.51426,-5.856901,0.0,0.0,5.856901
451,TARID,67.031364,5.8565774,0.0,0.0,5.8565774
14203,LIX1,-66.63748,-5.8530154,0.0,0.0,5.8530154
14204,RPL13A,-66.6375,-5.8516335,0.0,0.0,5.8516335
891,TF,66.945656,5.8458223,0.0,0.0,5.8458223
1122,GLP2R,66.9034,5.844747,0.0,0.0,5.844747
13958,KTI12,-66.57736,-5.843728,0.0,0.0,5.843728
13898,ARL4C,-66.561775,-5.8430667,0.0,0.0,5.8430667
12377,AURKB,-65.91092,-5.841996,0.0,0.0,5.841996
13586,RPS27,-66.48495,-5.841911,0.0,0.0,5.841911
13807,S1PR2,-66.53931,-5.8398423,0.0,0.0,5.8398423
13795,SH3BP5,-66.537224,-5.83964,0.0,0.0,5.83964
14007,MTG1,-66.58671,-5.8376036,0.0,0.0,5.8376036
13849,RPS11,-66.54955,-5.8363323,0.0,0.0,5.8363323
12923,CYB561D2,-66.30623,-5.8358326,0.0,0.0,5.8358326
14119,ZNF653,-66.61385,-5.8351727,0.0,0.0,5.8351727
1473,ANO3,66.83694,5.8336267,0.0,0.0,5.8336267
13308,STX16,-66.41482,-5.8332586,0.0,0.0,5.8332586
68,LINGO2,67.120445,5.83091,0.0,0.0,5.83091
721,HTR2C,66.982414,5.8293896,0.0,0.0,5.8293896
13738,UBA52,-66.51964,-5.8290944,0.0,0.0,5.8290944
12862,ZNF626,-66.2895,-5.828133,0.0,0.0,5.828133
14092,FAM215B,-66.60676,-5.8278866,0.0,0.0,5.8278866
1113,GRM5,66.90668,5.82519,0.0,0.0,5.82519
13292,CCDC80,-66.41273,-5.8246613,0.0,0.0,5.8246613
11391,RRM2,-62.56218,-5.821566,0.0,0.0,5.821566
1258,SUN3,66.881584,5.8214784,0.0,0.0,5.8214784
1675,PRR16,66.797424,5.8201056,0.0,0.0,5.8201056
13190,PDGFRA,-66.386734,-5.818281,0.0,0.0,5.818281
14276,UBE2S,-66.65914,-5.817899,0.0,0.0,5.817899
12457,TRAPPC5,-66.02498,-5.817379,0.0,0.0,5.817379
13765,RPL19,-66.52901,-5.815643,0.0,0.0,5.815643
766,POU2F3,66.972244,5.814571,0.0,0.0,5.814571
14307,RPL7,-66.66647,-5.813391,0.0,0.0,5.813391
274,OSBPL6,67.0671,5.8125086,0.0,0.0,5.8125086
14027,RPS15,-66.59281,-5.811454,0.0,0.0,5.811454
1545,SLC9A2,66.823616,5.8088346,0.0,0.0,5.8088346
26,DNAH12,67.13536,5.8081203,0.0,0.0,5.8081203
14333,EIF6,-66.67483,-5.805983,0.0,0.0,5.805983
14740,CFC1,-66.9051,-5.803921,0.0,0.0,5.803921
272,HECW1,67.06852,5.8033843,0.0,0.0,5.8033843
14101,IRX4,-66.60871,-5.8021345,0.0,0.0,5.8021345
13290,ATXN1L,-66.41245,-5.8017597,0.0,0.0,5.8017597
11470,KBTBD13,-63.047184,-5.8014874,0.0,0.0,5.8014874
779,BMP8A,66.96943,5.800853,0.0,0.0,5.800853
791,IL12A-AS1,66.966835,5.8007264,0.0,0.0,5.8007264
13070,IFITM3,-66.35511,-5.7993608,0.0,0.0,5.7993608
13836,PLSCR5,-66.54539,-5.7989388,0.0,0.0,5.7989388
1652,ZFYVE28,66.80059,5.797778,0.0,0.0,5.797778
249,NWD2,67.073654,5.7968545,0.0,0.0,5.7968545
13494,DCUN1D3,-66.463974,-5.7962947,0.0,0.0,5.7962947
1127,EPN2-AS1,66.90276,5.7942677,0.0,0.0,5.7942677
13944,RPL35A,-66.57489,-5.7885838,0.0,0.0,5.7885838
598,SLC14A2,67.00417,5.7882547,0.0,0.0,5.7882547
13057,MT-CO3,-66.3515,-5.784688,0.0,0.0,5.784688
14030,PPP1R14B,-66.59327,-5.7826433,0.0,0.0,5.7826433
1781,COA6-AS1,66.77528,5.7813406,0.0,0.0,5.7813406
13845,RPS29,-66.54794,-5.7804704,0.0,0.0,5.7804704
1779,SLC28A1,66.77559,5.779495,0.0,0.0,5.779495
13316,ELAC1,-66.41657,-5.7790847,0.0,0.0,5.7790847
13881,RPL24,-66.55829,-5.776778,0.0,0.0,5.776778
13310,MT-CYB,-66.415085,-5.775593,0.0,0.0,5.775593
11,KCNB1,67.145134,5.7753053,0.0,0.0,5.7753053
219,IRX6,67.081154,5.7727094,0.0,0.0,5.7727094
1860,PDE4B,66.75695,5.7711377,0.0,0.0,5.7711377
483,NTSR1,67.02539,5.768858,0.0,0.0,5.768858
13671,RPL22,-66.50581,-5.7686515,0.0,0.0,5.7686515
1685,SPDYE6,66.795425,5.76731,0.0,0.0,5.76731
6,GRAMD1C,67.14713,5.7665906,0.0,0.0,5.7665906
217,ENTPD3,67.08131,5.7662506,0.0,0.0,5.7662506
2106,CRADD,66.70279,5.762764,0.0,0.0,5.762764
14227,RPL41,-66.642586,-5.7623434,0.0,0.0,5.7623434
279,LINC02328,67.065796,5.760855,0.0,0.0,5.760855
12712,RCN1,-66.23401,-5.7599416,0.0,0.0,5.7599416
13611,CHURC1,-66.49105,-5.7576165,0.0,0.0,5.7576165
13556,NRP2,-66.476875,-5.7574964,0.0,0.0,5.7574964
12936,LIPT1,-66.309,-5.7561693,0.0,0.0,5.7561693
373,GRAMD2A,67.046005,5.7561493,0.0,0.0,5.7561493
1601,PTPRT,66.81005,5.7560325,0.0,0.0,5.7560325
14254,PFN1,-66.6523,-5.754116,0.0,0.0,5.754116
461,PLEKHH2,67.02891,5.7538323,0.0,0.0,5.7538323
14492,ATP1B2,-66.74264,-5.75366,0.0,0.0,5.75366
13647,RAB4B,-66.49912,-5.750539,0.0,0.0,5.750539
13178,ZNF816,-66.38276,-5.7498355,0.0,0.0,5.7498355
13029,ZNF559,-66.343864,-5.7496924,0.0,0.0,5.7496924
835,ZDHHC11B,66.95709,5.7486334,0.0,0.0,5.7486334
13188,ZNF564,-66.38647,-5.7476964,0.0,0.0,5.7476964
14332,LINC01176,-66.67478,-5.746264,0.0,0.0,5.746264
12644,BGLAP,-66.196815,-5.745314,0.0,0.0,5.745314
1898,MMP24,66.74835,5.744416,0.0,0.0,5.744416
13077,SLC35A3,-66.357216,-5.7372885,0.0,0.0,5.7372885
1063,PCP4L1,66.914116,5.736178,0.0,0.0,5.736178
13747,RPS7,-66.52158,-5.736028,0.0,0.0,5.736028
1182,NOXRED1,66.8943,5.733425,0.0,0.0,5.733425
13869,HMGB3,-66.55568,-5.731381,0.0,0.0,5.731381
14264,RPLP0,-66.65508,-5.72974,0.0,0.0,5.72974
13746,FZD2,-66.52147,-5.7289724,0.0,0.0,5.7289724
775,SLCO2B1,66.969925,5.7284045,0.0,0.0,5.7284045
1354,CATSPERE,66.862885,5.7200203,0.0,0.0,5.7200203
13740,TXNDC5,-66.51994,-5.7196727,0.0,0.0,5.7196727
1167,LINC02177,66.89632,5.7174263,0.0,0.0,5.7174263
2338,ENAM,66.62418,5.7164893,0.0,0.0,5.7164893
12904,TMSB10,-66.30143,-5.7159157,0.0,0.0,5.7159157
12917,VPS33B,-66.30517,-5.715912,0.0,0.0,5.715912
584,NDST3,67.007484,5.713307,0.0,0.0,5.713307
13919,SCLY,-66.56646,-5.710547,0.0,0.0,5.710547
13536,SCD,-66.472755,-5.7097774,0.0,0.0,5.7097774
12976,MARCKSL1,-66.32234,-5.7077117,0.0,0.0,5.7077117
13573,VEGFC,-66.481094,-5.7060595,0.0,0.0,5.7060595
13524,EBLN2,-66.4689,-5.7058396,0.0,0.0,5.7058396
131,LINC02363,67.10191,5.7051787,0.0,0.0,5.7051787
14000,F11R,-66.58564,-5.700597,0.0,0.0,5.700597
1535,ME3,66.82494,5.7003727,0.0,0.0,5.7003727
13940,UBE2L6,-66.573685,-5.698527,0.0,0.0,5.698527
548,NFIX,67.01454,5.691993,0.0,0.0,5.691993
14566,GDPGP1,-66.786,-5.691669,0.0,0.0,5.691669
2553,REC114,66.553154,5.690225,0.0,0.0,5.690225
13501,STMN1,-66.46521,-5.6882634,0.0,0.0,5.6882634
13521,WDR86,-66.46871,-5.6857347,0.0,0.0,5.6857347
13696,RPS3,-66.51059,-5.680677,0.0,0.0,5.680677
222,LUZP2,67.080894,5.6796675,0.0,0.0,5.6796675
13749,RPL11,-66.52241,-5.676699,0.0,0.0,5.676699
1092,SLC51A,66.91023,5.674262,0.0,0.0,5.674262
12643,ARHGEF18,-66.19621,-5.67383,0.0,0.0,5.67383
1658,INSC,66.80015,5.6724987,0.0,0.0,5.6724987
2299,YIPF7,66.63986,5.6718664,0.0,0.0,5.6718664
13181,SND1-IT1,-66.38341,-5.67056,0.0,0.0,5.67056
14220,RPS16,-66.64112,-5.6697726,0.0,0.0,5.6697726
2934,DHRS7C,66.351685,5.668107,0.0,0.0,5.668107
14591,RPL27,-66.797005,-5.6649456,0.0,0.0,5.6649456
11258,TMEM265,-61.469498,-5.6641235,0.0,0.0,5.6641235
38,DGKB,67.131546,5.663467,0.0,0.0,5.663467
640,KSR2,66.99777,5.6609817,0.0,0.0,5.6609817
2790,STAT4,66.43822,5.6593447,0.0,0.0,5.6593447
3039,MYPN,66.28318,5.658168,0.0,0.0,5.658168
13268,ZNF222,-66.40634,-5.6566625,0.0,0.0,5.6566625
1468,LINC02532,66.83749,5.655783,0.0,0.0,5.655783
13820,GABARAP,-66.54189,-5.6529036,0.0,0.0,5.6529036
1479,PRELID2,66.83565,5.6520243,0.0,0.0,5.6520243
13434,ERCC5,-66.44831,-5.651295,0.0,0.0,5.651295
1624,GNA14,66.80551,5.6511335,0.0,0.0,5.6511335
13650,CDK2AP1,-66.50068,-5.6493225,0.0,0.0,5.6493225
1066,TG,66.913734,5.648065,0.0,0.0,5.648065
85,TMEM266,67.114265,5.644083,0.0,0.0,5.644083
14253,SNCAIP,-66.65089,-5.6439347,0.0,0.0,5.6439347
14429,CCDC34,-66.71627,-5.6428285,0.0,0.0,5.6428285
13133,ZNF625,-66.3728,-5.642324,0.0,0.0,5.642324
12959,MTAP,-66.316795,-5.637273,0.0,0.0,5.637273
11898,ASPM,-64.935524,-5.6318254,0.0,0.0,5.6318254
14013,BUB1,-66.588326,-5.6317925,0.0,0.0,5.6317925
13639,ZNF17,-66.497536,-5.6315155,0.0,0.0,5.6315155
1110,PPP1R1C,66.907555,5.631341,0.0,0.0,5.631341
1045,CIITA,66.919014,5.631279,0.0,0.0,5.631279
12715,IFI30,-66.23545,-5.630432,0.0,0.0,5.630432
10357,TOP2A,-49.61873,-5.6282954,0.0,0.0,5.6282954
1813,LRRK2,66.76716,5.6253476,0.0,0.0,5.6253476
1187,FAM124B,66.893486,5.6242304,0.0,0.0,5.6242304
13270,DUSP6,-66.40658,-5.623262,0.0,0.0,5.623262
13792,FBXO2,-66.53705,-5.622806,0.0,0.0,5.622806
2330,SLFNL1-AS1,66.62674,5.6184435,0.0,0.0,5.6184435
1106,ENPP6,66.90802,5.617345,0.0,0.0,5.617345
287,LINC00862,67.06482,5.6166043,0.0,0.0,5.6166043
1857,PCSK1,66.75725,5.615264,0.0,0.0,5.615264
743,SPAG6,66.97838,5.6143007,0.0,0.0,5.6143007
1265,CPQ,66.880424,5.6130137,0.0,0.0,5.6130137
193,SPATA12,67.0874,5.6120014,0.0,0.0,5.6120014
14077,SEPSECS-AS1,-66.603264,-5.6115103,0.0,0.0,5.6115103
13997,GGPS1,-66.584694,-5.6067157,0.0,0.0,5.6067157
2517,HTR4,66.56649,5.602485,0.0,0.0,5.602485
14243,RPL8,-66.64705,-5.6011524,0.0,0.0,5.6011524
545,TMC5,67.01503,5.5996704,0.0,0.0,5.5996704
1784,GRIK3,66.774635,5.599604,0.0,0.0,5.599604
687,C5AR2,66.988235,5.5983367,0.0,0.0,5.5983367
13780,RPL14,-66.53411,-5.596547,0.0,0.0,5.596547
1693,GSAP,66.793846,5.596419,0.0,0.0,5.596419
13106,ITPRIPL2,-66.36527,-5.595895,0.0,0.0,5.595895
291,PLCH1,67.063225,5.595323,0.0,0.0,5.595323
10277,NICN1,-48.102554,-5.5946045,0.0,0.0,5.5946045
979,PCSK2,66.93067,5.5934296,0.0,0.0,5.5934296
2515,PPM1K-DT,66.566696,5.591617,0.0,0.0,5.591617
999,MIR155HG,66.92685,5.5887094,0.0,0.0,5.5887094
1251,RANBP3L,66.88219,5.5873256,0.0,0.0,5.5873256
9553,UBE2C,-31.632074,-5.585416,1.3378992426344451e-219,1.6159608817909812e-219,5.585416
403,DRC1,67.041275,5.585317,0.0,0.0,5.585317
12182,SLC6A2,-65.62005,-5.5805707,0.0,0.0,5.5805707
529,MCF2,67.0174,5.5799193,0.0,0.0,5.5799193
12010,FAM111B,-65.231575,-5.5798087,0.0,0.0,5.5798087
13115,PTN,-66.36741,-5.57839,0.0,0.0,5.57839
12938,IFNAR2,-66.30903,-5.576076,0.0,0.0,5.576076
13390,BBS5,-66.437515,-5.570233,0.0,0.0,5.570233
1507,MAGI1-AS1,66.829414,5.569025,0.0,0.0,5.569025
13751,MT-ND2,-66.52271,-5.568855,0.0,0.0,5.568855
1854,RAPGEF4,66.75761,5.5645866,0.0,0.0,5.5645866
723,CDCP1,66.98147,5.5645695,0.0,0.0,5.5645695
2046,ST8SIA5,66.716606,5.5630674,0.0,0.0,5.5630674
2123,KLRG2,66.696815,5.5619807,0.0,0.0,5.5619807
13793,RPL15,-66.53705,-5.558821,0.0,0.0,5.558821
13432,LYRM9,-66.44804,-5.5582647,0.0,0.0,5.5582647
13012,ZBTB8B,-66.33639,-5.5555043,0.0,0.0,5.5555043
2309,CLTCL1,66.63653,5.5531282,0.0,0.0,5.5531282
13510,MT-ND6,-66.46684,-5.552709,0.0,0.0,5.552709
110,HFE,67.10846,5.5523443,0.0,0.0,5.5523443
1214,LYG2,66.88774,5.552029,0.0,0.0,5.552029
14460,RPL23A,-66.729744,-5.551141,0.0,0.0,5.551141
746,DDR2,66.977646,5.550869,0.0,0.0,5.550869
1520,STON1-GTF2A1L,66.827255,5.5500846,0.0,0.0,5.5500846
276,CRYM,67.066734,5.5418854,0.0,0.0,5.5418854
14814,RRS1,-67.01971,-5.540332,0.0,0.0,5.540332
14431,ZNF772,-66.71744,-5.540275,0.0,0.0,5.540275
1471,SBK2,66.83702,5.539352,0.0,0.0,5.539352
2786,CACNB2,66.438614,5.5381236,0.0,0.0,5.5381236
636,MYT1L,66.99873,5.537852,0.0,0.0,5.537852
14450,HCST,-66.72615,-5.536087,0.0,0.0,5.536087
377,POU6F2,67.045876,5.5353765,0.0,0.0,5.5353765
12585,AQP1,-66.15993,-5.5319066,0.0,0.0,5.5319066
13122,PTMS,-66.369125,-5.530524,0.0,0.0,5.530524
578,HYDIN,67.009544,5.5301933,0.0,0.0,5.5301933
996,SHANK2,66.92735,5.5292726,0.0,0.0,5.5292726
187,PDZK1,67.0889,5.5269604,0.0,0.0,5.5269604
2399,PEBP4,66.606766,5.525114,0.0,0.0,5.525114
605,FAM221B,67.002945,5.5224347,0.0,0.0,5.5224347
13599,RAB39B,-66.48703,-5.520452,0.0,0.0,5.520452
14067,BLOC1S3,-66.60135,-5.5203648,0.0,0.0,5.5203648
1359,OVCH2,66.86162,5.520185,0.0,0.0,5.520185
361,ARMC3,67.04729,5.5196877,0.0,0.0,5.5196877
1523,SAMD12,66.82663,5.5190144,0.0,0.0,5.5190144
2230,FOXP2,66.66329,5.5175776,0.0,0.0,5.5175776
13943,DEPDC5,-66.57487,-5.5168786,0.0,0.0,5.5168786
13134,ID4,-66.372925,-5.5164733,0.0,0.0,5.5164733
13476,CKLF,-66.459076,-5.515575,0.0,0.0,5.515575
13394,TUT1,-66.43796,-5.5147576,0.0,0.0,5.5147576
1803,ZBTB20,66.76976,5.514036,0.0,0.0,5.514036
13975,RPL10A,-66.58099,-5.512908,0.0,0.0,5.512908
12901,ARTN,-66.30023,-5.5128407,0.0,0.0,5.5128407
4111,CNTD1,64.00142,5.5115156,0.0,0.0,5.5115156
13923,VN1R1,-66.56815,-5.5095487,0.0,0.0,5.5095487
794,PARD3B,66.96676,5.5081954,0.0,0.0,5.5081954
14294,RPL35,-66.66356,-5.506477,0.0,0.0,5.506477
13102,BST2,-66.36201,-5.505838,0.0,0.0,5.505838
14176,ALYREF,-66.631165,-5.505219,0.0,0.0,5.505219
1007,CLDN20,66.9255,5.5026145,0.0,0.0,5.5026145
1082,ADAMTS9-AS1,66.911316,5.5004992,0.0,0.0,5.5004992
1513,FRY,66.82829,5.4915977,0.0,0.0,5.4915977
14076,BBS1,-66.60307,-5.4899077,0.0,0.0,5.4899077
14041,COL5A2,-66.59581,-5.487423,0.0,0.0,5.487423
1467,ERICH6,66.83786,5.4864736,0.0,0.0,5.4864736
12876,TVP23C,-66.29253,-5.4858937,0.0,0.0,5.4858937
3189,DCLK1,66.10154,5.4833636,0.0,0.0,5.4833636
14053,RACK1,-66.598045,-5.482717,0.0,0.0,5.482717
1682,LRIG2-DT,66.795944,5.4816294,0.0,0.0,5.4816294
13413,CFAP298,-66.4426,-5.4803405,0.0,0.0,5.4803405
14095,ICAM4,-66.6078,-5.4801054,0.0,0.0,5.4801054
12854,RNASET2,-66.2886,-5.4760895,0.0,0.0,5.4760895
1075,PLEKHF1,66.912476,5.474706,0.0,0.0,5.474706
1223,CD96,66.88676,5.4746146,0.0,0.0,5.4746146
13864,RPS13,-66.55507,-5.474429,0.0,0.0,5.474429
2626,DTNA,66.52392,5.470429,0.0,0.0,5.470429
1954,RTL9,66.73555,5.470375,0.0,0.0,5.470375
225,CLDN16,67.08004,5.4694414,0.0,0.0,5.4694414
2300,AOPEP,66.63951,5.468941,0.0,0.0,5.468941
1655,LINC02666,66.800415,5.4668345,0.0,0.0,5.4668345
13550,RABAC1,-66.47566,-5.4663873,0.0,0.0,5.4663873
542,TTLL9,67.01627,5.462344,0.0,0.0,5.462344
297,DLEC1,67.06253,5.461549,0.0,0.0,5.461549
14008,RPSA,-66.58751,-5.460986,0.0,0.0,5.460986
13355,SPINT2,-66.42496,-5.460166,0.0,0.0,5.460166
12963,PCLAF,-66.31864,-5.4594254,0.0,0.0,5.4594254
679,DISC1,66.98955,5.459417,0.0,0.0,5.459417
14788,TMEM253,-66.95572,-5.458043,0.0,0.0,5.458043
472,RASGRF2,67.02674,5.4558234,0.0,0.0,5.4558234
13362,IGF2BP1,-66.427475,-5.455133,0.0,0.0,5.455133
12993,MXRA8,-66.328445,-5.4540935,0.0,0.0,5.4540935
13685,ULBP3,-66.50875,-5.453725,0.0,0.0,5.453725
292,ABCG2,67.06314,5.451458,0.0,0.0,5.451458
902,TPTE2,66.94374,5.451332,0.0,0.0,5.451332
246,C10orf55,67.074425,5.450887,0.0,0.0,5.450887
816,NLRC3,66.96094,5.450448,0.0,0.0,5.450448
112,SLC35F3,67.10807,5.450099,0.0,0.0,5.450099
903,ZNF438,66.94346,5.4497194,0.0,0.0,5.4497194
10536,JMJD7,-52.529663,-5.4484344,0.0,0.0,5.4484344
266,DNAH5,67.06994,5.446963,0.0,0.0,5.446963
14357,CCRL2,-66.6832,-5.4455748,0.0,0.0,5.4455748
2321,FOXB1,66.63203,5.443436,0.0,0.0,5.443436
1291,BCL6,66.87604,5.4411254,0.0,0.0,5.4411254
463,SLC22A15,67.02853,5.4406385,0.0,0.0,5.4406385
14249,FAU,-66.649086,-5.4389462,0.0,0.0,5.4389462
1325,WARS2-AS1,66.87004,5.433557,0.0,0.0,5.433557
13275,ZFP41,-66.4074,-5.432225,0.0,0.0,5.432225
42,GPR137B,67.13108,5.431543,0.0,0.0,5.431543
1868,TAPBPL,66.75519,5.430755,0.0,0.0,5.430755
209,DUOX1,67.08307,5.4295225,0.0,0.0,5.4295225
14230,RPS20,-66.643005,-5.428224,0.0,0.0,5.428224
12971,TIMP1,-66.31964,-5.422758,0.0,0.0,5.422758
520,LINC01285,67.01894,5.4194765,0.0,0.0,5.4194765
11305,TICAM2,-61.887432,-5.4184,0.0,0.0,5.4184
14670,BOLA2B,-66.84633,-5.418037,0.0,0.0,5.418037
201,RFX2,67.08597,5.417619,0.0,0.0,5.417619
2240,CELF2-AS2,66.65963,5.415392,0.0,0.0,5.415392
1215,C19orf18,66.887695,5.4126396,0.0,0.0,5.4126396
13152,HOMER3,-66.377556,-5.412143,0.0,0.0,5.412143
14646,LACC1,-66.828766,-5.4117565,0.0,0.0,5.4117565
1152,EPHB1,66.89876,5.4108386,0.0,0.0,5.4108386
198,PLPP4,67.0864,5.4098244,0.0,0.0,5.4098244
13603,CCDC169,-66.488625,-5.4067535,0.0,0.0,5.4067535
1559,HMGCS2,66.81999,5.40458,0.0,0.0,5.40458
13437,KIF26A,-66.44941,-5.4031134,0.0,0.0,5.4031134
12984,SPARC,-66.32379,-5.402161,0.0,0.0,5.402161
256,AGMO,67.072624,5.40168,0.0,0.0,5.40168
92,TRPM6,67.11201,5.400698,0.0,0.0,5.400698
13662,AGGF1,-66.503494,-5.400567,0.0,0.0,5.400567
674,EFEMP1,66.990105,5.3991985,0.0,0.0,5.3991985
1424,DSCAS,66.84891,5.3983994,0.0,0.0,5.3983994
2530,MACROD2,66.56173,5.396648,0.0,0.0,5.396648
107,BEGAIN,67.1091,5.395574,0.0,0.0,5.395574
1053,VWA3B,66.917984,5.3918343,0.0,0.0,5.3918343
13346,LINC00960,-66.42344,-5.3909473,0.0,0.0,5.3909473
2224,TMEM117,66.665504,5.3880134,0.0,0.0,5.3880134
10846,PIMREG,-56.8753,-5.385361,0.0,0.0,5.385361
12797,SH3BP1,-66.26481,-5.3826203,0.0,0.0,5.3826203
2184,NFIA-AS2,66.67907,5.3801804,0.0,0.0,5.3801804
12891,PXDN,-66.29715,-5.3785634,0.0,0.0,5.3785634
13460,BICRA,-66.45488,-5.3776445,0.0,0.0,5.3776445
14134,RPL5,-66.61959,-5.3754,0.0,0.0,5.3754
1969,PPP1R16B,66.73318,5.3749485,0.0,0.0,5.3749485
14764,SRP14,-66.93015,-5.3719583,0.0,0.0,5.3719583
11395,NCAPG,-62.60123,-5.371086,0.0,0.0,5.371086
235,LINC01630,67.07773,5.370567,0.0,0.0,5.370567
13946,RPL38,-66.575806,-5.368926,0.0,0.0,5.368926
503,DACH2,67.02172,5.367019,0.0,0.0,5.367019
13528,ITM2C,-66.47134,-5.3668494,0.0,0.0,5.3668494
10736,NOTCH2NLA,-55.716686,-5.366035,0.0,0.0,5.366035
953,EDDM13,66.93467,5.365955,0.0,0.0,5.365955
412,KCNAB1,67.0395,5.3606577,0.0,0.0,5.3606577
380,KIAA1217,67.04538,5.3603477,0.0,0.0,5.3603477
13914,PPIA,-66.56536,-5.358746,0.0,0.0,5.358746
700,SOX30,66.986336,5.357766,0.0,0.0,5.357766
13681,PET100,-66.50756,-5.3521714,0.0,0.0,5.3521714
177,STK31,67.0912,5.3517637,0.0,0.0,5.3517637
1886,TBC1D8,66.75232,5.346884,0.0,0.0,5.346884
12980,STBD1,-66.32326,-5.3463283,0.0,0.0,5.3463283
511,SLC45A1,67.0205,5.3455014,0.0,0.0,5.3455014
12112,PRSS35,-65.49313,-5.3426986,0.0,0.0,5.3426986
1064,CRYBG1,66.914116,5.341487,0.0,0.0,5.341487
145,ALDH3B2,67.09946,5.338956,0.0,0.0,5.338956
13256,FPGT,-66.4032,-5.33895,0.0,0.0,5.33895
13546,ZCWPW2,-66.4753,-5.3384256,0.0,0.0,5.3384256
13162,SAPCD2,-66.37947,-5.338363,0.0,0.0,5.338363
13061,LINC01089,-66.35181,-5.33835,0.0,0.0,5.33835
765,UNC5A,66.972435,5.3366466,0.0,0.0,5.3366466
2225,ZNF132,66.66545,5.336392,0.0,0.0,5.336392
13782,RPS6,-66.53425,-5.336149,0.0,0.0,5.336149
3026,HJV,66.29162,5.3338876,0.0,0.0,5.3338876
76,LRRC4C,67.11773,5.332291,0.0,0.0,5.332291
1887,TMEM140,66.75193,5.3314543,0.0,0.0,5.3314543
11128,RSKR,-60.22544,-5.3311067,0.0,0.0,5.3311067
1156,LINC00534,66.89818,5.330172,0.0,0.0,5.330172
13825,RPLP2,-66.542534,-5.329756,0.0,0.0,5.329756
13332,CNFN,-66.4203,-5.326683,0.0,0.0,5.326683
14343,IFI6,-66.67898,-5.326295,0.0,0.0,5.326295
1880,C1QTNF1,66.75372,5.3255134,0.0,0.0,5.3255134
1605,CRTC3-AS1,66.80943,5.3245087,0.0,0.0,5.3245087
295,TMEM100,67.06255,5.320899,0.0,0.0,5.320899
2465,LINC01476,66.58215,5.320164,0.0,0.0,5.320164
12074,NHEJ1,-65.40499,-5.3165717,0.0,0.0,5.3165717
13564,TMEFF1,-66.47834,-5.3153763,0.0,0.0,5.3153763
1503,CA10,66.8305,5.3133054,0.0,0.0,5.3133054
13894,GPR162,-66.56098,-5.3128977,0.0,0.0,5.3128977
1599,DANT2,66.81118,5.307097,0.0,0.0,5.307097
2024,LRRC66,66.72205,5.3038216,0.0,0.0,5.3038216
14208,SHLD3,-66.638176,-5.3030725,0.0,0.0,5.3030725
14507,RPL4,-66.75049,-5.301657,0.0,0.0,5.301657
2395,ABCC9,66.60928,5.300834,0.0,0.0,5.300834
1230,PLG,66.88565,5.3004794,0.0,0.0,5.3004794
14827,EMILIN2,-67.09776,-5.297822,0.0,0.0,5.297822
14461,LYNX1,-66.73027,-5.2960815,0.0,0.0,5.2960815
14048,HMGA1,-66.59697,-5.2932143,0.0,0.0,5.2932143
1836,ULK4,66.761665,5.2902513,0.0,0.0,5.2902513
127,LINC00511,67.103065,5.285403,0.0,0.0,5.285403
655,RAPSN,66.99452,5.284024,0.0,0.0,5.284024
13710,AARD,-66.51406,-5.2837553,0.0,0.0,5.2837553
39,PTPN7,67.13153,5.2815323,0.0,0.0,5.2815323
1640,RP1,66.80304,5.281243,0.0,0.0,5.281243
10991,HJURP,-58.73816,-5.279197,0.0,0.0,5.279197
13904,CRB2,-66.56272,-5.2769456,0.0,0.0,5.2769456
1257,LINC00571,66.88169,5.276663,0.0,0.0,5.276663
684,DIRC3,66.98853,5.275485,0.0,0.0,5.275485
13361,SLC2A3,-66.427216,-5.274842,0.0,0.0,5.274842
13300,ZNF709,-66.41374,-5.2734127,0.0,0.0,5.2734127
1205,DNAH11,66.88974,5.271306,0.0,0.0,5.271306
561,SLC25A18,67.01204,5.2708454,0.0,0.0,5.2708454
940,EFNA5,66.93845,5.270696,0.0,0.0,5.270696
11237,MEF2B,-61.351612,-5.265676,0.0,0.0,5.265676
1609,LRRC53,66.808556,5.263998,0.0,0.0,5.263998
229,WWOX,67.079,5.263349,0.0,0.0,5.263349
13924,C2orf15,-66.56836,-5.2631803,0.0,0.0,5.2631803
13706,RAD50,-66.51293,-5.260158,0.0,0.0,5.260158
13771,RPL34,-66.53138,-5.258972,0.0,0.0,5.258972
315,ADAMTS7,67.05884,5.2587333,0.0,0.0,5.2587333
13513,ELOVL4,-66.467575,-5.256533,0.0,0.0,5.256533
13335,AMHR2,-66.42082,-5.256334,0.0,0.0,5.256334
13703,PRNCR1,-66.51145,-5.2560067,0.0,0.0,5.2560067
1676,CA3,66.79737,5.254536,0.0,0.0,5.254536
12920,ZNF506,-66.30584,-5.253215,0.0,0.0,5.253215
1714,SFMBT2,66.78799,5.249951,0.0,0.0,5.249951
10186,S100A8,-46.345966,-5.248019,0.0,0.0,5.248019
805,PAQR9,66.96382,5.2477474,0.0,0.0,5.2477474
13159,OLFML3,-66.3792,-5.2475495,0.0,0.0,5.2475495
126,ANKS1B,67.10399,5.246403,0.0,0.0,5.246403
14330,KCTD15,-66.67411,-5.2463474,0.0,0.0,5.2463474
12957,CMTM3,-66.31564,-5.245499,0.0,0.0,5.245499
240,CCDC178,67.07621,5.244668,0.0,0.0,5.244668
701,HFM1,66.986244,5.2433286,0.0,0.0,5.2433286
1974,PDC,66.7324,5.2404723,0.0,0.0,5.2404723
13141,HAND1,-66.37465,-5.2377186,0.0,0.0,5.2377186
2407,FRMPD4,66.604164,5.2374372,0.0,0.0,5.2374372
14727,PXMP2,-66.89567,-5.237125,0.0,0.0,5.237125
2744,FRMD5,66.46287,5.2366366,0.0,0.0,5.2366366
2130,CHSY3,66.69275,5.2363415,0.0,0.0,5.2363415
747,NTRK3,66.97758,5.235188,0.0,0.0,5.235188
14064,INO80B,-66.600914,-5.2294617,0.0,0.0,5.2294617
2058,SAMD3,66.714035,5.2287064,0.0,0.0,5.2287064
1266,LINC02603,66.88026,5.225409,0.0,0.0,5.225409
14753,PRRG3,-66.91647,-5.223263,0.0,0.0,5.223263
385,DPYS,67.043945,5.2230964,0.0,0.0,5.2230964
293,BNIPL,67.06291,5.218735,0.0,0.0,5.218735
1909,TMEM182,66.745094,5.2162137,0.0,0.0,5.2162137
12234,DIABLO,-65.716896,-5.2140856,0.0,0.0,5.2140856
12977,FSCN1,-66.323,-5.213675,0.0,0.0,5.213675
2584,LINC02201,66.54077,5.2103105,0.0,0.0,5.2103105
12990,SPIN2A,-66.32684,-5.2099643,0.0,0.0,5.2099643
1795,ANPEP,66.77275,5.2096124,0.0,0.0,5.2096124
102,ITPR2,67.11003,5.20811,0.0,0.0,5.20811
104,KIAA1614,67.10958,5.2050366,0.0,0.0,5.2050366
1154,LINC01732,66.898636,5.2034736,0.0,0.0,5.2034736
1371,VSTM2B,66.85921,5.2023425,0.0,0.0,5.2023425
12896,FKBP11,-66.298676,-5.201169,0.0,0.0,5.201169
13735,MT-CO1,-66.51877,-5.1997614,0.0,0.0,5.1997614
14675,RPL22L1,-66.8499,-5.198474,0.0,0.0,5.198474
236,MLKL,67.077126,5.1952734,0.0,0.0,5.1952734
1558,GDF5,66.8203,5.194238,0.0,0.0,5.194238
397,CD81-AS1,67.04213,5.1939764,0.0,0.0,5.1939764
2175,VLDLR-AS1,66.68189,5.189773,0.0,0.0,5.189773
1443,CLIP1-AS1,66.84396,5.1838202,0.0,0.0,5.1838202
12591,ANLN,-66.16482,-5.183198,0.0,0.0,5.183198
1323,HECW2,66.87067,5.1799793,0.0,0.0,5.1799793
1565,CRB1,66.81831,5.1798873,0.0,0.0,5.1798873
12868,FST,-66.29042,-5.177545,0.0,0.0,5.177545
13627,CDT1,-66.49448,-5.176416,0.0,0.0,5.176416
2028,TXK,66.72108,5.1760464,0.0,0.0,5.1760464
559,HMCN2,67.01248,5.175604,0.0,0.0,5.175604
13702,TXNDC17,-66.511116,-5.174298,0.0,0.0,5.174298
14548,DYRK4,-66.77343,-5.17423,0.0,0.0,5.17423
12992,ZNF223,-66.328,-5.1721926,0.0,0.0,5.1721926
13242,PLA2G4B,-66.39959,-5.168814,0.0,0.0,5.168814
1138,VSTM4,66.90127,5.16876,0.0,0.0,5.16876
1202,NDST4,66.89133,5.1679125,0.0,0.0,5.1679125
1013,COL4A4,66.92472,5.167564,0.0,0.0,5.167564
1647,TMEM132B,66.80172,5.1675,0.0,0.0,5.1675
325,MET,67.056274,5.1648765,0.0,0.0,5.1648765
411,SNX22,67.03951,5.164603,0.0,0.0,5.164603
907,CASC11,66.94303,5.163605,0.0,0.0,5.163605
13507,MAD2L1,-66.466644,-5.162067,0.0,0.0,5.162067
12966,TWF2,-66.31899,-5.161079,0.0,0.0,5.161079
1417,LINC02615,66.85077,5.1603775,0.0,0.0,5.1603775
10580,TMEM35B,-53.286453,-5.1595755,0.0,0.0,5.1595755
1824,IDO1,66.763435,5.1593065,0.0,0.0,5.1593065
2695,TP53TG5,66.48931,5.158903,0.0,0.0,5.158903
1480,CDKL4,66.835365,5.158686,0.0,0.0,5.158686
2617,CPNE5,66.52898,5.158567,0.0,0.0,5.158567
13272,GAS1,-66.40705,-5.158019,0.0,0.0,5.158019
11947,GALNT4,-65.07567,-5.157577,0.0,0.0,5.157577
407,TMPRSS6,67.040695,5.1562424,0.0,0.0,5.1562424
14530,YWHAH,-66.764046,-5.1532145,0.0,0.0,5.1532145
1636,TTPA,66.80346,5.1511927,0.0,0.0,5.1511927
14045,RPL21,-66.596085,-5.1473756,0.0,0.0,5.1473756
60,SUMF1,67.12381,5.1429987,0.0,0.0,5.1429987
2731,CDK15,66.4707,5.142544,0.0,0.0,5.142544
1452,IL18,66.8426,5.1422925,0.0,0.0,5.1422925
13955,RND2,-66.576935,-5.1404004,0.0,0.0,5.1404004
10175,CCNA2,-46.143463,-5.1400723,0.0,0.0,5.1400723
2466,P2RY2,66.582,5.1362042,0.0,0.0,5.1362042
13121,STIMATE,-66.36869,-5.135745,0.0,0.0,5.135745
1403,PKIA-AS1,66.85367,5.135578,0.0,0.0,5.135578
13031,MEX3A,-66.34423,-5.135432,0.0,0.0,5.135432
14486,HNRNPAB,-66.73963,-5.1338406,0.0,0.0,5.1338406
997,PLD5,66.92719,5.132635,0.0,0.0,5.132635
2044,CARD11,66.717354,5.131771,0.0,0.0,5.131771
13670,HAS2-AS1,-66.50573,-5.1308174,0.0,0.0,5.1308174
12603,TMSB4X,-66.17401,-5.12985,0.0,0.0,5.12985
1171,FRMPD3,66.89525,5.1278696,0.0,0.0,5.1278696
11875,C11orf52,-64.84231,-5.127659,0.0,0.0,5.127659
309,PTPRG,67.06042,5.1226482,0.0,0.0,5.1226482
556,NMUR1,67.0127,5.119982,0.0,0.0,5.119982
464,ADGRL2,67.028175,5.1146774,0.0,0.0,5.1146774
485,TDRD12,67.02509,5.1128373,0.0,0.0,5.1128373
13764,HOXB3,-66.52897,-5.112082,0.0,0.0,5.112082
65,CPA2,67.1219,5.1111984,0.0,0.0,5.1111984
13079,RAB13,-66.3576,-5.109903,0.0,0.0,5.109903
13637,LINC00526,-66.49628,-5.1085577,0.0,0.0,5.1085577
14147,TAF10,-66.62223,-5.107825,0.0,0.0,5.107825
1079,ALS2CL,66.91155,5.107622,0.0,0.0,5.107622
1794,PLD1,66.77283,5.10672,0.0,0.0,5.10672
12925,ZNF285,-66.30672,-5.105686,0.0,0.0,5.105686
11926,RAD51AP1,-65.02516,-5.104112,0.0,0.0,5.104112
12913,TPM4,-66.304115,-5.1031747,0.0,0.0,5.1031747
13291,PCDHGC3,-66.412636,-5.0993876,0.0,0.0,5.0993876
13269,STXBP2,-66.40646,-5.0993347,0.0,0.0,5.0993347
610,SNHG22,67.002464,5.0982823,0.0,0.0,5.0982823
2680,C4BPB,66.4967,5.0981994,0.0,0.0,5.0981994
14173,LINC00562,-66.63033,-5.0926394,0.0,0.0,5.0926394
823,FERMT3,66.95963,5.0923204,0.0,0.0,5.0923204
13715,NAT14,-66.515236,-5.0914845,0.0,0.0,5.0914845
1236,LPAR5,66.88488,5.0907955,0.0,0.0,5.0907955
12714,ERV3-1,-66.23539,-5.0902047,0.0,0.0,5.0902047
13426,ZNF695,-66.44566,-5.0899425,0.0,0.0,5.0899425
13343,NGFR,-66.42279,-5.0892143,0.0,0.0,5.0892143
1274,TP73,66.878944,5.085304,0.0,0.0,5.085304
1186,SPI1,66.89361,5.082577,0.0,0.0,5.082577
709,RGPD8,66.9846,5.080815,0.0,0.0,5.080815
1892,LPAR6,66.75021,5.080676,0.0,0.0,5.080676
13021,GPR37,-66.34088,-5.0792317,0.0,0.0,5.0792317
14503,LRRN4,-66.74866,-5.075549,0.0,0.0,5.075549
1515,SYNDIG1,66.827995,5.0743804,0.0,0.0,5.0743804
1412,ZNF680,66.85183,5.0730233,0.0,0.0,5.0730233
1828,WDPCP,66.76301,5.0723796,0.0,0.0,5.0723796
633,EWSAT1,66.99892,5.0676723,0.0,0.0,5.0676723
1383,ARHGAP25,66.85743,5.0671453,0.0,0.0,5.0671453
14726,SC5D,-66.89546,-5.0660577,0.0,0.0,5.0660577
14143,SOHLH2,-66.62141,-5.0652337,0.0,0.0,5.0652337
654,ARHGEF28,66.99503,5.06504,0.0,0.0,5.06504
1604,DNAJC9-AS1,66.80975,5.0646367,0.0,0.0,5.0646367
14393,AIF1L,-66.70104,-5.0645876,0.0,0.0,5.0645876
1364,RASEF,66.86067,5.0622425,0.0,0.0,5.0622425
1967,C19orf38,66.73346,5.059365,0.0,0.0,5.059365
11742,TROAP,-64.38801,-5.0593233,0.0,0.0,5.0593233
1394,HECW2-AS1,66.855644,5.058407,0.0,0.0,5.058407
2763,ESRRB,66.44891,5.057483,0.0,0.0,5.057483
792,LINC00640,66.966774,5.055878,0.0,0.0,5.055878
821,LINC00598,66.96006,5.055069,0.0,0.0,5.055069
1537,DLGAP1-AS4,66.82483,5.054218,0.0,0.0,5.054218
12981,PURG,-66.32342,-5.054037,0.0,0.0,5.054037
218,ENKUR,67.08119,5.0510745,0.0,0.0,5.0510745
13088,MRC2,-66.35937,-5.0503983,0.0,0.0,5.0503983
983,KCTD19,66.92931,5.049598,0.0,0.0,5.049598
1773,MTCP1,66.77664,5.049212,0.0,0.0,5.049212
53,APBB2,67.12747,5.048659,0.0,0.0,5.048659
285,NTNG2,67.06507,5.048615,0.0,0.0,5.048615
12978,SPRY1,-66.32311,-5.047989,0.0,0.0,5.047989
13038,IGFBP4,-66.34741,-5.0459576,0.0,0.0,5.0459576
10047,MEG8,-43.323597,-5.045526,0.0,0.0,5.045526
1425,METTL24,66.84836,5.0445266,0.0,0.0,5.0445266
899,AQP4,66.94385,5.042857,0.0,0.0,5.042857
1340,LINC00858,66.867165,5.042372,0.0,0.0,5.042372
13981,CTSC,-66.58141,-5.04178,0.0,0.0,5.04178
13313,C11orf96,-66.41587,-5.040992,0.0,0.0,5.040992
1476,TRAPPC12-AS1,66.836365,5.037547,0.0,0.0,5.037547
526,RORA-AS1,67.01771,5.0369444,0.0,0.0,5.0369444
12704,SDF2L1,-66.2306,-5.036808,0.0,0.0,5.036808
28,IL34,67.13447,5.036162,0.0,0.0,5.036162
13990,BTF3,-66.583435,-5.031919,0.0,0.0,5.031919
341,DAZL,67.05218,5.027383,0.0,0.0,5.027383
2101,PKN2-AS1,66.70418,5.02708,0.0,0.0,5.02708
962,LBP,66.93323,5.0268016,0.0,0.0,5.0268016
13006,FSBP,-66.33306,-5.0257993,0.0,0.0,5.0257993
826,TMEM213,66.95922,5.0245376,0.0,0.0,5.0245376
410,SAMMSON,67.040115,5.023827,0.0,0.0,5.023827
12619,CLU,-66.18563,-5.0238028,0.0,0.0,5.0238028
958,SLC9C2,66.934074,5.0229077,0.0,0.0,5.0229077
659,TRPC4,66.993164,5.0224195,0.0,0.0,5.0224195
14207,ATP2A1-AS1,-66.638016,-5.0222507,0.0,0.0,5.0222507
2961,RYR2,66.33737,5.0220065,0.0,0.0,5.0220065
1554,CPNE4,66.82112,5.0209475,0.0,0.0,5.0209475
338,FAT2,67.05278,5.0206237,0.0,0.0,5.0206237
587,DGUOK-AS1,67.00681,5.0203657,0.0,0.0,5.0203657
2523,ASPG,66.56539,5.018264,0.0,0.0,5.018264
1715,PLA2G7,66.78768,5.0154266,0.0,0.0,5.0154266
13062,PLEKHO2,-66.35227,-5.013751,0.0,0.0,5.013751
13948,RPL10,-66.57611,-5.012682,0.0,0.0,5.012682
13295,CALML4,-66.41285,-5.011155,0.0,0.0,5.011155
993,EYA2,66.927986,5.0108137,0.0,0.0,5.0108137
558,CFAP69,67.01259,5.010689,0.0,0.0,5.010689
692,ANKMY1,66.98723,5.009085,0.0,0.0,5.009085
340,TULP2,67.0525,5.0087,0.0,0.0,5.0087
161,CDH23,67.09551,5.008497,0.0,0.0,5.008497
1830,LYG1,66.76285,5.001356,0.0,0.0,5.001356
1681,IL1R1,66.795944,4.99907,0.0,0.0,4.99907
11209,BANCR,-61.062275,-4.9988704,0.0,0.0,4.9988704
933,GRM8,66.93989,4.99784,0.0,0.0,4.99784
12857,EEF1AKMT2,-66.2889,-4.996952,0.0,0.0,4.996952
786,PILRA,66.96845,4.996711,0.0,0.0,4.996711
1910,PTPRB,66.745094,4.9925175,0.0,0.0,4.9925175
11932,PURPL,-65.041985,-4.99043,0.0,0.0,4.99043
1358,ATCAY,66.86174,4.990367,0.0,0.0,4.990367
11494,CDC6,-63.214687,-4.99015,0.0,0.0,4.99015
189,CEACAM1,67.088165,4.9900947,0.0,0.0,4.9900947
2332,KCNMA1-AS1,66.62638,4.9898396,0.0,0.0,4.9898396
13930,SLC4A5,-66.5713,-4.9873486,0.0,0.0,4.9873486
379,ANKAR,67.0454,4.9866643,0.0,0.0,4.9866643
1730,ZDHHC19,66.7848,4.9866233,0.0,0.0,4.9866233
284,INVS,67.06522,4.985738,0.0,0.0,4.985738
14622,ATP5F1E,-66.81589,-4.984802,0.0,0.0,4.984802
622,CFAP57,67.00086,4.9844637,0.0,0.0,4.9844637
13634,ZNF764,-66.49548,-4.984237,0.0,0.0,4.984237
12303,CENPM,-65.83058,-4.983583,0.0,0.0,4.983583
1093,NME9,66.90962,4.9795,0.0,0.0,4.9795
14724,NPC2,-66.893326,-4.9786205,0.0,0.0,4.9786205
736,CCDC144NL,66.9789,4.978525,0.0,0.0,4.978525
194,ANGPT2,67.08738,4.9771795,0.0,0.0,4.9771795
471,GRHL1,67.02706,4.976575,0.0,0.0,4.976575
1488,ETNPPL,66.83345,4.9715633,0.0,0.0,4.9715633
2711,LPL,66.482,4.9697356,0.0,0.0,4.9697356
728,MLXIPL,66.980354,4.9696307,0.0,0.0,4.9696307
1225,IRAK2,66.886284,4.968579,0.0,0.0,4.968579
13598,LRRC8C,-66.487015,-4.9681063,0.0,0.0,4.9681063
14032,MUC1,-66.5941,-4.9661975,0.0,0.0,4.9661975
1566,GLS2,66.81797,4.9661093,0.0,0.0,4.9661093
286,TEKT3,67.06485,4.965859,0.0,0.0,4.965859
14630,YBX1,-66.820724,-4.961519,0.0,0.0,4.961519
14265,TSC22D3,-66.65512,-4.960551,0.0,0.0,4.960551
752,MIR7-3HG,66.9759,4.9598117,0.0,0.0,4.9598117
3234,LINC00964,66.050354,4.958117,0.0,0.0,4.958117
369,ATP6V0A4,67.046326,4.957221,0.0,0.0,4.957221
14046,MARVELD1,-66.596344,-4.9570556,0.0,0.0,4.9570556
819,SLC7A11,66.9603,4.955353,0.0,0.0,4.955353
199,SLC22A1,67.08625,4.9541297,0.0,0.0,4.9541297
1465,GABRB3,66.83843,4.953063,0.0,0.0,4.953063
1831,GRID2,66.76283,4.952705,0.0,0.0,4.952705
14260,RHOC,-66.6546,-4.948631,0.0,0.0,4.948631
12860,MINDY4,-66.28921,-4.9474726,0.0,0.0,4.9474726
10530,ABCB6,-52.448723,-4.947386,0.0,0.0,4.947386
14463,SLC26A1,-66.730515,-4.94718,0.0,0.0,4.94718
13838,RPL27A,-66.54567,-4.947028,0.0,0.0,4.947028
101,BMP8B,67.11021,4.945715,0.0,0.0,4.945715
1161,VWA8-AS1,66.897194,4.9437637,0.0,0.0,4.9437637
404,FRY-AS1,67.04112,4.942789,0.0,0.0,4.942789
740,VSTM5,66.97874,4.942324,0.0,0.0,4.942324
14821,ENDOG,-67.0563,-4.9390087,0.0,0.0,4.9390087
234,IMMP2L,67.07821,4.938703,0.0,0.0,4.938703
2742,DMD,66.46398,4.938455,0.0,0.0,4.938455
3082,GRHL2,66.23985,4.938449,0.0,0.0,4.938449
13329,PHOSPHO2,-66.41941,-4.937407,0.0,0.0,4.937407
13266,C6orf163,-66.40616,-4.9372005,0.0,0.0,4.9372005
2730,LINC00348,66.470955,4.9361835,0.0,0.0,4.9361835
1499,FAM157C,66.83165,4.9330287,0.0,0.0,4.9330287
12838,LINC00294,-66.283035,-4.93243,0.0,0.0,4.93243
12771,PCDHGB7,-66.25408,-4.93223,0.0,0.0,4.93223
466,B3GLCT,67.028,4.931049,0.0,0.0,4.931049
905,BHLHE40-AS1,66.94318,4.9308324,0.0,0.0,4.9308324
12877,TRIM6,-66.29294,-4.9298353,0.0,0.0,4.9298353
12855,SHISA2,-66.288605,-4.9292364,0.0,0.0,4.9292364
12578,TMEM200B,-66.15644,-4.9274125,0.0,0.0,4.9274125
13174,ZNF888,-66.3819,-4.9249735,0.0,0.0,4.9249735
1602,ADCY10,66.80989,4.9241257,0.0,0.0,4.9241257
13750,LIX1L-AS1,-66.522545,-4.9216228,0.0,0.0,4.9216228
2965,ART3,66.335785,4.9203005,0.0,0.0,4.9203005
13520,NPM1,-66.468666,-4.9192467,0.0,0.0,4.9192467
2830,PAX7,66.41482,4.9165244,0.0,0.0,4.9165244
13868,CFL1,-66.55562,-4.916298,0.0,0.0,4.916298
1740,KLHDC1,66.78262,4.9152594,0.0,0.0,4.9152594
2716,CRLF1,66.47999,4.9140587,0.0,0.0,4.9140587
1048,CYP51A1-AS1,66.91863,4.913748,0.0,0.0,4.913748
14562,EDC4,-66.781555,-4.91338,0.0,0.0,4.91338
1091,TMPRSS4,66.91027,4.913371,0.0,0.0,4.913371
1991,EYA1,66.7295,4.9130135,0.0,0.0,4.9130135
1123,BEST2,66.9034,4.912227,0.0,0.0,4.912227
13461,PCDHGA5,-66.45492,-4.911934,0.0,0.0,4.911934
13922,SLC2A1,-66.56797,-4.91189,0.0,0.0,4.91189
14020,PRELID1,-66.59052,-4.9093204,0.0,0.0,4.9093204
13604,FUT4,-66.48869,-4.90762,0.0,0.0,4.90762
195,LRRC43,67.08727,4.9075227,0.0,0.0,4.9075227
3330,COL8A1,65.901344,4.906668,0.0,0.0,4.906668
1491,STXBP6,66.8332,4.906636,0.0,0.0,4.906636
528,CERNA1,67.01759,4.90578,0.0,0.0,4.90578
9879,RAD51,-39.418728,-4.905163,0.0,0.0,4.905163
14537,DMWD,-66.76993,-4.9045115,0.0,0.0,4.9045115
2234,CPLX2,66.66067,4.9044046,0.0,0.0,4.9044046
12897,EMC10,-66.298775,-4.9006,0.0,0.0,4.9006
18,BATF2,67.140495,4.900574,0.0,0.0,4.900574
352,NPL,67.049934,4.8949366,0.0,0.0,4.8949366
13474,KRTCAP2,-66.45891,-4.893996,0.0,0.0,4.893996
2788,KY,66.43859,4.8922305,0.0,0.0,4.8922305
1309,NRF1,66.87329,4.8912673,0.0,0.0,4.8912673
356,AR,67.04824,4.8892283,0.0,0.0,4.8892283
1492,NCMAP,66.83274,4.889194,0.0,0.0,4.889194
171,CABP4,67.09277,4.8890963,0.0,0.0,4.8890963
13566,ANKRD13B,-66.47892,-4.887898,0.0,0.0,4.887898
12796,ZNF443,-66.2646,-4.887038,0.0,0.0,4.887038
12680,EGFL7,-66.21597,-4.8863516,0.0,0.0,4.8863516
12048,GAS2L3,-65.358,-4.88617,0.0,0.0,4.88617
12690,LIMD2,-66.222626,-4.885497,0.0,0.0,4.885497
14186,RPL31,-66.63279,-4.883267,0.0,0.0,4.883267
9811,ADORA2A,-37.81669,-4.881976,0.0,0.0,4.881976
2250,ELAVL4,66.657936,4.8814707,0.0,0.0,4.8814707
14133,KRT8,-66.61948,-4.8808007,0.0,0.0,4.8808007
12952,HSP90B1,-66.31445,-4.8807693,0.0,0.0,4.8807693
13297,AKR1C1,-66.41316,-4.8806357,0.0,0.0,4.8806357
2319,TPK1,66.633995,4.876737,0.0,0.0,4.876737
13801,LTV1,-66.538574,-4.8748183,0.0,0.0,4.8748183
14581,HTRA1,-66.79341,-4.8746877,0.0,0.0,4.8746877
14580,PCDHGA3,-66.79258,-4.8729687,0.0,0.0,4.8729687
639,NHS,66.998215,4.872326,0.0,0.0,4.872326
14640,TGFB2-AS1,-66.82681,-4.8717012,0.0,0.0,4.8717012
1175,ANKRD30BL,66.89492,4.8707886,0.0,0.0,4.8707886
133,DMTN,67.10165,4.870136,0.0,0.0,4.870136
394,STXBP5-AS1,67.042755,4.8695483,0.0,0.0,4.8695483
14268,CKS1B,-66.656395,-4.869036,0.0,0.0,4.869036
269,SCGN,67.069275,4.8687615,0.0,0.0,4.8687615
1611,DNHD1,66.8083,4.8675165,0.0,0.0,4.8675165
10486,ZNF37A,-51.79676,-4.866487,0.0,0.0,4.866487
11784,HAS2,-64.52704,-4.865783,0.0,0.0,4.865783
12118,CENPW,-65.50224,-4.8654075,0.0,0.0,4.8654075
1928,PITPNM2,66.74102,4.8640804,0.0,0.0,4.8640804
912,LINC01562,66.9426,4.863362,0.0,0.0,4.863362
14551,ATF5,-66.77485,-4.8623443,0.0,0.0,4.8623443
14139,MTHFD2,-66.62114,-4.861547,0.0,0.0,4.861547
2010,SGMS2,66.72617,4.861095,0.0,0.0,4.861095
1109,LIMCH1,66.90765,4.860969,0.0,0.0,4.860969
3375,GPNMB,65.836685,4.8605084,0.0,0.0,4.8605084
1040,DNAJB13,66.91969,4.860504,0.0,0.0,4.860504
642,C5AR1,66.99748,4.8596025,0.0,0.0,4.8596025
11420,SNX15,-62.73411,-4.8522716,0.0,0.0,4.8522716
785,CAMKMT,66.96857,4.849766,0.0,0.0,4.849766
1680,ALDH1L1,66.79632,4.848756,0.0,0.0,4.848756
604,ACRV1,67.00313,4.8476787,0.0,0.0,4.8476787
14552,N4BP3,-66.77495,-4.8462763,0.0,0.0,4.8462763
2062,NAV3,66.71366,4.8462396,0.0,0.0,4.8462396
1844,BTC,66.75954,4.8461328,0.0,0.0,4.8461328
12701,MFAP2,-66.22956,-4.845939,0.0,0.0,4.845939
12890,NCCRP1,-66.29715,-4.845414,0.0,0.0,4.845414
508,PTAFR,67.02096,4.843971,0.0,0.0,4.843971
296,STXBP5L,67.06254,4.842269,0.0,0.0,4.842269
122,SLC2A13,67.105865,4.8420615,0.0,0.0,4.8420615
1707,ARHGEF6,66.79027,4.841459,0.0,0.0,4.841459
159,LTBR,67.096115,4.839167,0.0,0.0,4.839167
2187,DCXR-DT,66.67838,4.838383,0.0,0.0,4.838383
13028,CRISPLD1,-66.34348,-4.835412,0.0,0.0,4.835412
1804,TRIM7,66.76932,4.8349776,0.0,0.0,4.8349776
406,GPR78,67.04073,4.834141,0.0,0.0,4.834141
14228,RAN,-66.64263,-4.8335514,0.0,0.0,4.8335514
2102,EGF,66.70413,4.8328776,0.0,0.0,4.8328776
818,ACOXL,66.96064,4.831272,0.0,0.0,4.831272
918,HDAC4,66.9419,4.8300366,0.0,0.0,4.8300366
1632,LINC00882,66.80417,4.829322,0.0,0.0,4.829322
371,ZNF157,67.04629,4.827792,0.0,0.0,4.827792
5,SLC8B1,67.148186,4.826411,0.0,0.0,4.826411
359,ANKRD7,67.04779,4.824315,0.0,0.0,4.824315
2098,CD34,66.704475,4.8222227,0.0,0.0,4.8222227
14518,SAC3D1,-66.75626,-4.8200707,0.0,0.0,4.8200707
2604,SH3TC2,66.53349,4.815924,0.0,0.0,4.815924
767,SLC18A2,66.97209,4.814906,0.0,0.0,4.814906
2065,RHOH,66.71277,4.809444,0.0,0.0,4.809444
715,PPM1L,66.98421,4.802924,0.0,0.0,4.802924
7,BASP1-AS1,67.146965,4.8028708,0.0,0.0,4.8028708
11915,MYL3,-64.99189,-4.8015766,0.0,0.0,4.8015766
755,GALNT18,66.97534,4.8005123,0.0,0.0,4.8005123
2029,GNAO1,66.72061,4.800313,0.0,0.0,4.800313
810,SLC6A1,66.962715,4.7989964,0.0,0.0,4.7989964
12829,ANG,-66.27787,-4.798664,0.0,0.0,4.798664
14116,HNMT,-66.61316,-4.7985854,0.0,0.0,4.7985854
2783,GPD1L,66.43953,4.7979774,0.0,0.0,4.7979774
324,ADGRE2,67.05665,4.795665,0.0,0.0,4.795665
14472,PA2G4,-66.73534,-4.7934866,0.0,0.0,4.7934866
1273,PRUNE2,66.87913,4.791715,0.0,0.0,4.791715
13251,ARHGAP45,-66.40167,-4.790497,0.0,0.0,4.790497
12967,EID3,-66.31941,-4.789366,0.0,0.0,4.789366
11877,SAA4,-64.85872,-4.789255,0.0,0.0,4.789255
1270,CSTF3-DT,66.87955,4.7890477,0.0,0.0,4.7890477
10294,RSPO3,-48.488174,-4.7878304,0.0,0.0,4.7878304
14666,PRDM8,-66.8438,-4.787518,0.0,0.0,4.787518
2762,CPEB3,66.44902,4.787091,0.0,0.0,4.787091
12804,FTL,-66.26785,-4.7868166,0.0,0.0,4.7868166
13529,SUMO2,-66.47155,-4.78544,0.0,0.0,4.78544
13734,ZNHIT1,-66.51875,-4.7848587,0.0,0.0,4.7848587
2007,CYP2E1,66.726585,4.783966,0.0,0.0,4.783966
13920,HSP90AB1,-66.566734,-4.7837787,0.0,0.0,4.7837787
13112,NYNRIN,-66.36697,-4.780256,0.0,0.0,4.780256
991,PDE7A,66.92844,4.7752776,0.0,0.0,4.7752776
14459,RRAS,-66.729485,-4.774532,0.0,0.0,4.774532
2283,SLC27A2,66.6447,4.773306,0.0,0.0,4.773306
364,STXBP5,67.046814,4.7729044,0.0,0.0,4.7729044
124,CYP3A5,67.10515,4.772545,0.0,0.0,4.772545
14262,MYCBP,-66.65492,-4.770899,0.0,0.0,4.770899
13261,HEY1,-66.40388,-4.770342,0.0,0.0,4.770342
1301,TNIP3,66.874306,4.7700524,0.0,0.0,4.7700524
12893,MEST,-66.29762,-4.763488,0.0,0.0,4.763488
12911,BISPR,-66.3029,-4.762413,0.0,0.0,4.762413
12441,PCDHGA2,-66.00426,-4.7608843,0.0,0.0,4.7608843
13194,PHGDH,-66.38838,-4.759629,0.0,0.0,4.759629
447,MOB3B,67.03214,4.7578115,0.0,0.0,4.7578115
1055,AK5,66.917175,4.757582,0.0,0.0,4.757582
12406,MTFP1,-65.946266,-4.7574606,0.0,0.0,4.7574606
13276,CD24,-66.40819,-4.7572727,0.0,0.0,4.7572727
14315,TRAPPC1,-66.66874,-4.757178,0.0,0.0,4.757178
877,CHRNB4,66.94851,4.756763,0.0,0.0,4.756763
14072,NACA,-66.60268,-4.7564073,0.0,0.0,4.7564073
2200,ZFPM2,66.67494,4.753127,0.0,0.0,4.753127
1000,SHANK1,66.92674,4.74912,0.0,0.0,4.74912
13093,YY2,-66.35976,-4.748881,0.0,0.0,4.748881
13666,SEC61G,-66.504166,-4.7485805,0.0,0.0,4.7485805
12688,F2R,-66.221634,-4.7481904,0.0,0.0,4.7481904
13491,CDO1,-66.46258,-4.746624,0.0,0.0,4.746624
995,CLMAT3,66.92747,4.7437224,0.0,0.0,4.7437224
14589,COMMD6,-66.79639,-4.7431726,0.0,0.0,4.7431726
13259,POU5F2,-66.40372,-4.7426977,0.0,0.0,4.7426977
14411,ALKBH7,-66.71011,-4.7411804,0.0,0.0,4.7411804
1718,GABRR2,66.787346,4.741006,0.0,0.0,4.741006
12935,TUBB2B,-66.308716,-4.740042,0.0,0.0,4.740042
1096,GFRA2,66.90945,4.737261,0.0,0.0,4.737261
316,COL8A2,67.05848,4.737076,0.0,0.0,4.737076
1741,LINC00222,66.78227,4.735873,0.0,0.0,4.735873
14001,COL5A1,-66.585686,-4.729971,0.0,0.0,4.729971
13593,SLC1A5,-66.486046,-4.7290034,0.0,0.0,4.7290034
13363,LMO3,-66.42772,-4.727221,0.0,0.0,4.727221
12756,CACNG6,-66.24922,-4.7267385,0.0,0.0,4.7267385
1445,KALRN,66.84361,4.7265615,0.0,0.0,4.7265615
2095,GAB3,66.70614,4.724945,0.0,0.0,4.724945
13516,ZNF417,-66.46809,-4.7247186,0.0,0.0,4.7247186
342,PSMD6-AS2,67.051895,4.7242193,0.0,0.0,4.7242193
1905,BIRC3,66.74582,4.723116,0.0,0.0,4.723116
814,LINC00504,66.96236,4.7206235,0.0,0.0,4.7206235
339,DGKK,67.052536,4.7201586,0.0,0.0,4.7201586
14699,STARD4,-66.86305,-4.7187495,0.0,0.0,4.7187495
13090,PTMA,-66.35943,-4.7159014,0.0,0.0,4.7159014
13993,NPY1R,-66.584,-4.7156353,0.0,0.0,4.7156353
13039,ZNF618,-66.34755,-4.7154636,0.0,0.0,4.7154636
1944,TTLL11,66.73804,4.7154026,0.0,0.0,4.7154026
387,DEPTOR,67.04353,4.713773,0.0,0.0,4.713773
2791,GLP1R,66.438156,4.7137356,0.0,0.0,4.7137356
2663,MAST4,66.50372,4.7130756,0.0,0.0,4.7130756
2247,NFASC,66.65824,4.7119794,0.0,0.0,4.7119794
14671,CHMP4C,-66.848274,-4.7108517,0.0,0.0,4.7108517
14022,HAUS7,-66.591774,-4.7096043,0.0,0.0,4.7096043
14364,RPS4Y1,-66.686386,-4.7086725,0.0,0.0,4.7086725
764,FXYD3,66.97252,4.708503,0.0,0.0,4.708503
950,C16orf89,66.93578,4.706511,0.0,0.0,4.706511
1992,EGFL6,66.72942,4.706219,0.0,0.0,4.706219
2077,LEMD1,66.71051,4.7054877,0.0,0.0,4.7054877
13307,MMP19,-66.41461,-4.7046905,0.0,0.0,4.7046905
13281,CHKB,-66.410255,-4.704644,0.0,0.0,4.704644
13067,ARPC1B,-66.354,-4.7043633,0.0,0.0,4.7043633
10236,LINC02245,-47.22107,-4.7026286,0.0,0.0,4.7026286
13246,NPDC1,-66.40037,-4.701848,0.0,0.0,4.701848
14493,HSPD1,-66.74294,-4.7016816,0.0,0.0,4.7016816
1555,HVCN1,66.82091,4.7015452,0.0,0.0,4.7015452
992,GPHN,66.92804,4.70047,0.0,0.0,4.70047
13169,CALY,-66.380936,-4.700238,0.0,0.0,4.700238
2226,DAPP1,66.66469,4.699633,0.0,0.0,4.699633
1918,MAGI1,66.74331,4.6993318,0.0,0.0,4.6993318
2750,PLSCR2,66.45989,4.6985693,0.0,0.0,4.6985693
1634,ZNF541,66.80368,4.696169,0.0,0.0,4.696169
14004,RASA4B,-66.58609,-4.6945763,0.0,0.0,4.6945763
768,C10orf67,66.97173,4.6939178,0.0,0.0,4.6939178
4149,ANGPTL4,63.817196,4.690505,0.0,0.0,4.690505
14122,RBFADN,-66.61529,-4.6892824,0.0,0.0,4.6892824
11343,CENPE,-62.218697,-4.688854,0.0,0.0,4.688854
1668,LINC01900,66.798256,4.6885133,0.0,0.0,4.6885133
13482,TMEM98,-66.46125,-4.6880946,0.0,0.0,4.6880946
14532,TOMM22,-66.76592,-4.687298,0.0,0.0,4.687298
2612,CACNG3,66.532196,4.685678,0.0,0.0,4.685678
761,SLC6A7,66.97272,4.6841693,0.0,0.0,4.6841693
13907,ETV2,-66.563416,-4.6840796,0.0,0.0,4.6840796
12772,ZNF670,-66.25429,-4.6813645,0.0,0.0,4.6813645
2849,FGF1,66.402245,4.6793814,0.0,0.0,4.6793814
1150,DOK5,66.899734,4.677858,0.0,0.0,4.677858
3061,RIPOR3,66.262344,4.6771026,0.0,0.0,4.6771026
12051,NRGN,-65.35976,-4.6767817,0.0,0.0,4.6767817
1229,KANK1,66.88599,4.6758833,0.0,0.0,4.6758833
14153,ADRA2B,-66.62342,-4.6757154,0.0,0.0,4.6757154
1060,RARRES1,66.91571,4.675614,0.0,0.0,4.675614
11177,COLEC12,-60.607635,-4.675087,0.0,0.0,4.675087
3045,CTNNA3,66.27977,4.6744294,0.0,0.0,4.6744294
12350,ARHGAP8,-65.887764,-4.672126,0.0,0.0,4.672126
564,ATG7,67.0114,4.671403,0.0,0.0,4.671403
12780,MAB21L2,-66.257744,-4.6706953,0.0,0.0,4.6706953
14421,PRRG1,-66.71353,-4.6691213,0.0,0.0,4.6691213
2813,ACTL6B,66.4274,4.666918,0.0,0.0,4.666918
197,PAK5,67.08676,4.6654167,0.0,0.0,4.6654167
14167,TIMM10,-66.62843,-4.6650815,0.0,0.0,4.6650815
13365,RAC3,-66.42823,-4.6650586,0.0,0.0,4.6650586
1760,LYPLAL1-DT,66.78022,4.664541,0.0,0.0,4.664541
1419,ARMH3,66.850334,4.66373,0.0,0.0,4.66373
2543,LINC02397,66.55691,4.663453,0.0,0.0,4.663453
1190,SLC49A4,66.89309,4.663349,0.0,0.0,4.663349
13100,ZBED6,-66.361496,-4.6620064,0.0,0.0,4.6620064
1378,PABPC4-AS1,66.858315,4.6617365,0.0,0.0,4.6617365
2682,RHBG,66.49434,4.661149,0.0,0.0,4.661149
1256,TRPA1,66.88174,4.6607614,0.0,0.0,4.6607614
10433,WNT2,-51.03128,-4.6588063,0.0,0.0,4.6588063
1134,NOMO2,66.90189,4.658542,0.0,0.0,4.658542
582,OR7A17,67.008644,4.657791,0.0,0.0,4.657791
1589,C9orf153,66.81379,4.6566653,0.0,0.0,4.6566653
13956,SPECC1L,-66.576965,-4.6559634,0.0,0.0,4.6559634
132,SLC13A3,67.10188,4.653304,0.0,0.0,4.653304
1551,SP140,66.82199,4.6522975,0.0,0.0,4.6522975
1560,PATJ,66.81991,4.652079,0.0,0.0,4.652079
1588,TENT5C,66.81384,4.652075,0.0,0.0,4.652075
14042,ZMYM6,-66.59589,-4.650987,0.0,0.0,4.650987
1208,DAND5,66.88889,4.6507406,0.0,0.0,4.6507406
2248,MAMLD1,66.658226,4.650485,0.0,0.0,4.650485
1369,FRMPD1,66.85981,4.6498046,0.0,0.0,4.6498046
10700,MYH7,-55.100933,-4.6479297,0.0,0.0,4.6479297
3174,LINC02712,66.120285,4.647562,0.0,0.0,4.647562
14109,DCTN1,-66.611374,-4.6475086,0.0,0.0,4.6475086
12719,EVA1B,-66.23718,-4.6454353,0.0,0.0,4.6454353
12924,RASA4,-66.30653,-4.6440706,0.0,0.0,4.6440706
14435,RBM34,-66.71844,-4.6435976,0.0,0.0,4.6435976
12914,SESN3,-66.30452,-4.6434503,0.0,0.0,4.6434503
602,LRGUK,67.00395,4.64264,0.0,0.0,4.64264
12447,TNNC1,-66.00943,-4.6419873,0.0,0.0,4.6419873
12097,MRGPRF,-65.46254,-4.641794,0.0,0.0,4.641794
1856,SIK2,66.757256,4.638561,0.0,0.0,4.638561
14616,CYB5A,-66.81446,-4.637082,0.0,0.0,4.637082
1074,PDE8A,66.9126,4.636382,0.0,0.0,4.636382
851,TLDC2,66.95402,4.6343513,0.0,0.0,4.6343513
134,EBI3,67.10142,4.6338844,0.0,0.0,4.6338844
1996,SLC25A30-AS1,66.72893,4.633498,0.0,0.0,4.633498
1310,LAT2,66.87319,4.632251,0.0,0.0,4.632251
13707,ATP7A,-66.513214,-4.6306915,0.0,0.0,4.6306915
780,MBNL3,66.969345,4.627896,0.0,0.0,4.627896
986,TGFBR3,66.92892,4.627865,0.0,0.0,4.627865
1511,LINC01252,66.828476,4.627655,0.0,0.0,4.627655
9083,HSPA6,-19.96332,-4.6254196,1.148237812313981e-88,1.2842771489011052e-88,4.6254196
13215,SV2A,-66.3932,-4.6228194,0.0,0.0,4.6228194
1768,COL5A3,66.77893,4.620016,0.0,0.0,4.620016
10998,NEIL3,-58.812668,-4.619914,0.0,0.0,4.619914
14703,LAGE3,-66.866776,-4.6195083,0.0,0.0,4.6195083
1188,MAGI2,66.89347,4.6193743,0.0,0.0,4.6193743
2415,ERBB4,66.60004,4.618306,0.0,0.0,4.618306
1881,RBM15-AS1,66.753395,4.6176715,0.0,0.0,4.6176715
11743,TMEM72,-64.39502,-4.6155224,0.0,0.0,4.6155224
2125,FSTL4,66.69482,4.6140537,0.0,0.0,4.6140537
2092,TMEM164,66.70691,4.613513,0.0,0.0,4.613513
2979,BTBD17,66.327225,4.612913,0.0,0.0,4.612913
12576,S100A11,-66.15552,-4.612825,0.0,0.0,4.612825
14369,RNASEH1,-66.689476,-4.611355,0.0,0.0,4.611355
14721,GNG5,-66.892204,-4.6093597,0.0,0.0,4.6093597
13684,PNMA2,-66.50808,-4.607805,0.0,0.0,4.607805
1268,MAOA,66.88011,4.607275,0.0,0.0,4.607275
1324,NEAT1,66.87023,4.603911,0.0,0.0,4.603911
1352,LINC00652,66.864334,4.600348,0.0,0.0,4.600348
13704,PFN2,-66.51172,-4.600317,0.0,0.0,4.600317
12786,RAMP2,-66.25999,-4.599605,0.0,0.0,4.599605
1731,CD38,66.7842,4.5988226,0.0,0.0,4.5988226
13626,FDXACB1,-66.49437,-4.5988116,0.0,0.0,4.5988116
1253,LRRD1,66.8821,4.5966897,0.0,0.0,4.5966897
1380,ZNF460-AS1,66.85776,4.5964947,0.0,0.0,4.5964947
985,SCART1,66.92911,4.594901,0.0,0.0,4.594901
859,KIAA0825,66.952,4.591854,0.0,0.0,4.591854
1735,PDIA2,66.78376,4.5898037,0.0,0.0,4.5898037
1823,ADORA2A-AS1,66.76427,4.5885134,0.0,0.0,4.5885134
3065,CBLC,66.25904,4.5876665,0.0,0.0,4.5876665
14355,SELENON,-66.6826,-4.5852137,0.0,0.0,4.5852137
12788,TNFSF12,-66.26161,-4.585146,0.0,0.0,4.585146
13059,CBX2,-66.35165,-4.578964,0.0,0.0,4.578964
12733,PCDHGA8,-66.24106,-4.575872,0.0,0.0,4.575872
956,CD226,66.93456,4.574569,0.0,0.0,4.574569
48,CACNB4,67.12825,4.574095,0.0,0.0,4.574095
14246,UCP2,-66.6482,-4.572461,0.0,0.0,4.572461
1305,ADH4,66.87412,4.5724134,0.0,0.0,4.5724134
1674,FBP2,66.79745,4.571752,0.0,0.0,4.571752
1404,LINC00310,66.85354,4.5717325,0.0,0.0,4.5717325
13642,ELOB,-66.498024,-4.5711646,0.0,0.0,4.5711646
14181,NTHL1,-66.63189,-4.5704823,0.0,0.0,4.5704823
1345,CHGB,66.865585,4.5693135,0.0,0.0,4.5693135
13049,WFIKKN1,-66.35017,-4.5692725,0.0,0.0,4.5692725
13789,ROMO1,-66.53649,-4.5675135,0.0,0.0,4.5675135
650,DOCK8,66.99644,4.566464,0.0,0.0,4.566464
1194,AGAP4,66.89239,4.5656376,0.0,0.0,4.5656376
836,PDE5A,66.95703,4.565084,0.0,0.0,4.565084
645,LEKR1,66.99731,4.5637927,0.0,0.0,4.5637927
1431,TMPRSS5,66.84709,4.5633893,0.0,0.0,4.5633893
2586,HS3ST2,66.53907,4.5591745,0.0,0.0,4.5591745
1216,RNLS,66.88759,4.557648,0.0,0.0,4.557648
1573,SOAT2,66.81641,4.557624,0.0,0.0,4.557624
1720,CALN1,66.787,4.556601,0.0,0.0,4.556601
13041,ZWINT,-66.34829,-4.5559177,0.0,0.0,4.5559177
14376,C19orf53,-66.693565,-4.555618,0.0,0.0,4.555618
14298,TSR3,-66.665146,-4.555447,0.0,0.0,4.555447
1725,ST6GALNAC5,66.786415,4.554179,0.0,0.0,4.554179
10545,TTK,-52.722782,-4.552982,0.0,0.0,4.552982
873,MOV10L1,66.94938,4.5522723,0.0,0.0,4.5522723
509,DEUP1,67.02086,4.551639,0.0,0.0,4.551639
1201,MTTP,66.89153,4.5513334,0.0,0.0,4.5513334
12552,PTGES,-66.123856,-4.5512033,0.0,0.0,4.5512033
1691,PLBD1-AS1,66.79394,4.5504203,0.0,0.0,4.5504203
773,ANO1,66.970825,4.5500407,0.0,0.0,4.5500407
362,DOCK4,67.04702,4.5499024,0.0,0.0,4.5499024
10101,EXOSC10-AS1,-44.513584,-4.549556,0.0,0.0,4.549556
1454,NKAPL,66.84218,4.548763,0.0,0.0,4.548763
2227,SLC6A13,66.66441,4.54851,0.0,0.0,4.54851
2206,PRKCE,66.67359,4.5477734,0.0,0.0,4.5477734
2165,NOXA1,66.68412,4.547491,0.0,0.0,4.547491
2388,CHRM2,66.61139,4.54545,0.0,0.0,4.54545
510,PRLR,67.02057,4.5418496,0.0,0.0,4.5418496
14121,ZDHHC12,-66.61436,-4.541741,0.0,0.0,4.541741
1776,HNF4A,66.77577,4.539146,0.0,0.0,4.539146
1292,BMPR1B,66.87597,4.538899,0.0,0.0,4.538899
2213,FRK,66.67171,4.538843,0.0,0.0,4.538843
967,SYT12,66.93237,4.538785,0.0,0.0,4.538785
1237,TMEM74,66.88473,4.5385885,0.0,0.0,4.5385885
13646,ZNF547,-66.49858,-4.5375395,0.0,0.0,4.5375395
12251,AKAP12,-65.749115,-4.5369387,0.0,0.0,4.5369387
3142,NR1H4,66.169525,4.535887,0.0,0.0,4.535887
14599,SF3B5,-66.80033,-4.532037,0.0,0.0,4.532037
203,BCAR3,67.08507,4.531176,0.0,0.0,4.531176
973,SCN4A,66.931435,4.5302663,0.0,0.0,4.5302663
13745,BNIP3,-66.520996,-4.5293565,0.0,0.0,4.5293565
13620,MATR3,-66.49303,-4.5247912,0.0,0.0,4.5247912
333,LINC00470,67.05391,4.5239296,0.0,0.0,4.5239296
13660,NME4,-66.503296,-4.523037,0.0,0.0,4.523037
13201,TRMT112,-66.389725,-4.5221663,0.0,0.0,4.5221663
14247,MEA1,-66.64824,-4.5214376,0.0,0.0,4.5214376
10681,BCKDHA,-54.85352,-4.520986,0.0,0.0,4.520986
13334,TUBB2A,-66.42077,-4.5209813,0.0,0.0,4.5209813
629,JAM2,66.99912,4.5200853,0.0,0.0,4.5200853
12664,TMEM54,-66.20602,-4.519609,0.0,0.0,4.519609
13217,CSRP1,-66.39375,-4.5196037,0.0,0.0,4.5196037
1710,CCDC154,66.78954,4.5190363,0.0,0.0,4.5190363
4107,C1QL3,64.01182,4.518845,0.0,0.0,4.518845
12833,NRARP,-66.280235,-4.5165334,0.0,0.0,4.5165334
13075,CCDC144A,-66.35675,-4.5131855,0.0,0.0,4.5131855
1240,IRF4,66.884254,4.512147,0.0,0.0,4.512147
789,GABRE,66.96775,4.51068,0.0,0.0,4.51068
251,HNF4G,67.07357,4.5093594,0.0,0.0,4.5093594
14200,CHD4,-66.63699,-4.5087643,0.0,0.0,4.5087643
3201,PPP1R17,66.08273,4.507641,0.0,0.0,4.507641
13490,PBDC1,-66.4622,-4.5058455,0.0,0.0,4.5058455
1621,HS3ST3A1,66.80607,4.5048,0.0,0.0,4.5048
11530,HMMR,-63.387997,-4.5034595,0.0,0.0,4.5034595
259,GYPE,67.07194,4.5028973,0.0,0.0,4.5028973
12632,AMIGO2,-66.19113,-4.502512,0.0,0.0,4.502512
530,FKBP6,67.017296,4.5014696,0.0,0.0,4.5014696
1379,TMCO4,66.857994,4.501466,0.0,0.0,4.501466
12687,PLTP,-66.22101,-4.501142,0.0,0.0,4.501142
13664,ZNF607,-66.50404,-4.500958,0.0,0.0,4.500958
2113,DM1-AS,66.69962,4.500127,0.0,0.0,4.500127
1837,DENND5B-AS1,66.761604,4.499981,0.0,0.0,4.499981
14791,POLE4,-66.96211,-4.498416,0.0,0.0,4.498416
2382,GABBR2,66.61361,4.4973016,0.0,0.0,4.4973016
3030,SRL,66.288666,4.4970613,0.0,0.0,4.4970613
1272,ILDR1,66.87925,4.494715,0.0,0.0,4.494715
14034,MATN3,-66.59444,-4.4946527,0.0,0.0,4.4946527
14150,ENO1,-66.62285,-4.494355,0.0,0.0,4.494355
2228,HPSE2,66.664314,4.493846,0.0,0.0,4.493846
2536,DPP4,66.55804,4.4935193,0.0,0.0,4.4935193
2535,ESRRG,66.55823,4.4934373,0.0,0.0,4.4934373
13557,SPN,-66.47712,-4.4919157,0.0,0.0,4.4919157
13504,MYL6B,-66.46602,-4.487525,0.0,0.0,4.487525
191,ZNF236-DT,67.08778,4.4831,0.0,0.0,4.4831
1185,SLC6A6,66.893684,4.4810433,0.0,0.0,4.4810433
1199,SLC9A9,66.89183,4.4805083,0.0,0.0,4.4805083
894,ITGA2B,66.94524,4.4781594,0.0,0.0,4.4781594
13712,HMGN2,-66.5145,-4.476041,0.0,0.0,4.476041
1736,GLT1D1,66.78354,4.4758587,0.0,0.0,4.4758587
1552,DLEU2,66.82186,4.474845,0.0,0.0,4.474845
2013,KCNK10,66.72593,4.4744782,0.0,0.0,4.4744782
479,SLC28A2,67.025665,4.4740934,0.0,0.0,4.4740934
2350,MGAT5B,66.620575,4.468172,0.0,0.0,4.468172
13654,JUND,-66.50121,-4.4675503,0.0,0.0,4.4675503
1841,SLC16A11,66.7604,4.4671745,0.0,0.0,4.4671745
2546,RNF144B,66.554436,4.4660892,0.0,0.0,4.4660892
14672,FOXN3-AS1,-66.84832,-4.465977,0.0,0.0,4.465977
14062,NOL12,-66.60002,-4.464655,0.0,0.0,4.464655
14426,DYNLL1,-66.714096,-4.4637394,0.0,0.0,4.4637394
2488,ODAPH,66.57503,4.463725,0.0,0.0,4.463725
13406,RTL5,-66.44083,-4.4625735,0.0,0.0,4.4625735
2599,PLGLB1,66.53711,4.4613037,0.0,0.0,4.4613037
12707,SERPING1,-66.23149,-4.4611287,0.0,0.0,4.4611287
13091,MYL12B,-66.35968,-4.458931,0.0,0.0,4.458931
1665,PTPN3,66.79875,4.4581323,0.0,0.0,4.4581323
1633,MIR181A2HG,66.80396,4.4581265,0.0,0.0,4.4581265
13083,ZNF343,-66.35838,-4.4567018,0.0,0.0,4.4567018
13002,PCDHGA12,-66.33125,-4.4550605,0.0,0.0,4.4550605
14549,ORAI1,-66.77377,-4.453978,0.0,0.0,4.453978
423,FMO5,67.03693,4.451883,0.0,0.0,4.451883
1406,IGSF22,66.85325,4.4512053,0.0,0.0,4.4512053
2655,DPPA2,66.50629,4.449058,0.0,0.0,4.449058
884,TM6SF1,66.94731,4.446621,0.0,0.0,4.446621
1293,RORA,66.87572,4.4456882,0.0,0.0,4.4456882
2370,NCEH1,66.616776,4.438373,0.0,0.0,4.438373
1908,MIR99AHG,66.74512,4.438043,0.0,0.0,4.438043
2246,ITIH2,66.65848,4.43724,0.0,0.0,4.43724
12557,SH3BGRL3,-66.129425,-4.4365587,0.0,0.0,4.4365587
12555,PPP1R1B,-66.127914,-4.4348927,0.0,0.0,4.4348927
13109,POTEF,-66.36572,-4.433555,0.0,0.0,4.433555
13368,ZNF799,-66.429886,-4.4278865,0.0,0.0,4.4278865
13668,PANX2,-66.50473,-4.427106,0.0,0.0,4.427106
14600,GFY,-66.80069,-4.426885,0.0,0.0,4.426885
1303,IGF2BP2-AS1,66.8742,4.424377,0.0,0.0,4.424377
13534,CSNK2A3,-66.47232,-4.424103,0.0,0.0,4.424103
1825,GLYATL1,66.763435,4.4212227,0.0,0.0,4.4212227
1260,CD69,66.88144,4.421199,0.0,0.0,4.421199
14295,PTRHD1,-66.66366,-4.417409,0.0,0.0,4.417409
12932,NUDT1,-66.308136,-4.416261,0.0,0.0,4.416261
1366,ATP13A4,66.86042,4.41493,0.0,0.0,4.41493
762,CHD5,66.97257,4.413789,0.0,0.0,4.413789
2676,ANK2,66.49795,4.4136505,0.0,0.0,4.4136505
1787,SCUBE2,66.77447,4.4135623,0.0,0.0,4.4135623
2311,MIP,66.63622,4.4133873,0.0,0.0,4.4133873
1355,KIF9-AS1,66.86259,4.4130282,0.0,0.0,4.4130282
1985,ATP8A1,66.73041,4.412699,0.0,0.0,4.412699
2036,GARNL3,66.71898,4.409369,0.0,0.0,4.409369
663,PIR,66.99243,4.4092274,0.0,0.0,4.4092274
2419,FBXL7,66.598816,4.4081426,0.0,0.0,4.4081426
224,CA13,67.080086,4.4080873,0.0,0.0,4.4080873
13338,HYAL2,-66.42125,-4.40758,0.0,0.0,4.40758
849,LCP2,66.954445,4.4073186,0.0,0.0,4.4073186
2038,PTPRM,66.71846,4.4061933,0.0,0.0,4.4061933
1316,HSD17B2,66.87142,4.405373,0.0,0.0,4.405373
10135,MYH4,-45.38826,-4.404186,0.0,0.0,4.404186
13854,TCF15,-66.55146,-4.40315,0.0,0.0,4.40315
3490,LUCAT1,65.60744,4.4030905,0.0,0.0,4.4030905
1016,GPR68,66.92385,4.402775,0.0,0.0,4.402775
210,MCUB,67.0827,4.402427,0.0,0.0,4.402427
14467,GAPDH,-66.732925,-4.401592,0.0,0.0,4.401592
13779,MYRF,-66.53362,-4.4004784,0.0,0.0,4.4004784
771,KCNB2,66.971176,4.3998337,0.0,0.0,4.3998337
12287,RNASE4,-65.81258,-4.3994966,0.0,0.0,4.3994966
2549,SLC7A6,66.554146,4.399023,0.0,0.0,4.399023
2571,ACSM1,66.5476,4.3989177,0.0,0.0,4.3989177
1990,ARL15,66.72951,4.397514,0.0,0.0,4.397514
1626,CRYBB3,66.80506,4.396845,0.0,0.0,4.396845
2520,LRRN2,66.566055,4.395955,0.0,0.0,4.395955
12716,EFNB2,-66.23558,-4.3928022,0.0,0.0,4.3928022
9284,MIR1915HG,-24.832962,-4.3920145,3.951112900903456e-136,4.560229994809273e-136,4.3920145
2426,EXOC6B,66.59556,4.391913,0.0,0.0,4.391913
889,EVA1A,66.945885,4.391334,0.0,0.0,4.391334
12785,TCIRG1,-66.2598,-4.3896985,0.0,0.0,4.3896985
2468,LMO7-AS1,66.580765,4.3894267,0.0,0.0,4.3894267
11438,ACY1,-62.84667,-4.3893437,0.0,0.0,4.3893437
2461,CGAS,66.58257,4.3870907,0.0,0.0,4.3870907
2696,UNC13C,66.488655,4.3868937,0.0,0.0,4.3868937
13797,PPP1R1A,-66.53761,-4.383863,0.0,0.0,4.383863
862,ACSS3,66.951675,4.3829484,0.0,0.0,4.3829484
12592,FXYD5,-66.16531,-4.3811574,0.0,0.0,4.3811574
169,SULT2B1,67.09293,4.37895,0.0,0.0,4.37895
628,USP54,66.99968,4.3778796,0.0,0.0,4.3778796
1243,IQCH,66.883965,4.377501,0.0,0.0,4.377501
11753,S100A6,-64.42292,-4.3766603,0.0,0.0,4.3766603
2681,ACACB,66.494484,4.376386,0.0,0.0,4.376386
14823,C12orf75,-67.05783,-4.376354,0.0,0.0,4.376354
11660,CENPU,-64.04682,-4.3760204,0.0,0.0,4.3760204
13547,SCARF2,-66.47543,-4.375345,0.0,0.0,4.375345
1646,SRRM3,66.80179,4.3746705,0.0,0.0,4.3746705
12974,DNAJC14,-66.32132,-4.373431,0.0,0.0,4.373431
643,DCDC1,66.997444,4.3720975,0.0,0.0,4.3720975
1574,TCERG1L,66.81626,4.3715653,0.0,0.0,4.3715653
1027,DLGAP1-AS5,66.92218,4.371035,0.0,0.0,4.371035
14676,TNNC2,-66.85022,-4.3698106,0.0,0.0,4.3698106
1912,PRAM1,66.744835,4.3696704,0.0,0.0,4.3696704
12699,ARL4D,-66.22742,-4.3678513,0.0,0.0,4.3678513
13014,USP27X,-66.33704,-4.367393,0.0,0.0,4.367393
846,CBLB,66.95484,4.3672037,0.0,0.0,4.3672037
12905,TAS2R4,-66.301445,-4.3652334,0.0,0.0,4.3652334
2739,PGBD5,66.46506,4.3642273,0.0,0.0,4.3642273
13337,TXN,-66.42109,-4.3638325,0.0,0.0,4.3638325
2600,GAREM1,66.53693,4.362668,0.0,0.0,4.362668
12435,ARHGDIB,-65.99652,-4.3618364,0.0,0.0,4.3618364
13969,NHP2,-66.579346,-4.3606606,0.0,0.0,4.3606606
14209,ANAPC11,-66.638435,-4.360518,0.0,0.0,4.360518
1275,ENTPD1-AS1,66.878914,4.3590736,0.0,0.0,4.3590736
14584,ZNF853,-66.79424,-4.3586917,0.0,0.0,4.3586917
14437,HINT1,-66.719154,-4.3573165,0.0,0.0,4.3573165
2337,ISM1,66.62446,4.3547792,0.0,0.0,4.3547792
1061,TDRD6,66.91523,4.3542447,0.0,0.0,4.3542447
2542,OLFM3,66.55727,4.353592,0.0,0.0,4.353592
12011,FOXC2,-65.232445,-4.3533697,0.0,0.0,4.3533697
1541,DOCK5,66.82414,4.3510017,0.0,0.0,4.3510017
13146,VAT1,-66.37627,-4.350839,0.0,0.0,4.350839
13658,SET,-66.50268,-4.3472285,0.0,0.0,4.3472285
13800,COL1A1,-66.53856,-4.3449073,0.0,0.0,4.3449073
11540,ENO2,-63.418846,-4.3444896,0.0,0.0,4.3444896
13007,GGH,-66.333595,-4.344275,0.0,0.0,4.344275
12741,PRRT2,-66.2446,-4.3428965,0.0,0.0,4.3428965
13151,ZC3H11A,-66.37712,-4.3402915,0.0,0.0,4.3402915
2943,HSD11B1-AS1,66.34711,4.3384686,0.0,0.0,4.3384686
2564,CLDN14,66.550385,4.3377285,0.0,0.0,4.3377285
3079,ST14,66.24096,4.3376064,0.0,0.0,4.3376064
3798,PID1,64.937874,4.3375664,0.0,0.0,4.3375664
13653,PRR19,-66.501175,-4.336739,0.0,0.0,4.336739
12850,FJX1,-66.287445,-4.336342,0.0,0.0,4.336342
2840,KCNJ6,66.40674,4.335016,0.0,0.0,4.335016
257,KIAA1328,67.07204,4.3347898,0.0,0.0,4.3347898
2633,CRPPA,66.52004,4.3339458,0.0,0.0,4.3339458
3549,NTRK2,65.46428,4.3337307,0.0,0.0,4.3337307
13449,IMPDH2,-66.4522,-4.333411,0.0,0.0,4.333411
13237,PDCD4-AS1,-66.39843,-4.332718,0.0,0.0,4.332718
12746,CAMK1G,-66.2458,-4.332303,0.0,0.0,4.332303
14313,UFSP1,-66.66745,-4.331976,0.0,0.0,4.331976
190,UMAD1,67.088165,4.3318458,0.0,0.0,4.3318458
3285,WNT3A,65.978806,4.3316054,0.0,0.0,4.3316054
668,ZNF596,66.991745,4.328947,0.0,0.0,4.328947
13862,NOP53,-66.5548,-4.3285832,0.0,0.0,4.3285832
517,FMN2,67.019516,4.326205,0.0,0.0,4.326205
13203,FAM171A2,-66.3901,-4.3252034,0.0,0.0,4.3252034
1613,TGFBR2,66.80819,4.324724,0.0,0.0,4.324724
11353,ADAMTS5,-62.29261,-4.3228636,0.0,0.0,4.3228636
581,AK8,67.00888,4.322825,0.0,0.0,4.322825
1463,CX3CR1,66.838905,4.3226666,0.0,0.0,4.3226666
1180,RAP2C-AS1,66.89467,4.322479,0.0,0.0,4.322479
711,SRGAP3,66.984535,4.322189,0.0,0.0,4.322189
854,SYNE3,66.95348,4.321005,0.0,0.0,4.321005
14704,BOK,-66.86734,-4.320129,0.0,0.0,4.320129
14582,CDV3,-66.79349,-4.32009,0.0,0.0,4.32009
14391,GMNN,-66.7005,-4.3197904,0.0,0.0,4.3197904
1529,A1CF,66.8261,4.3196306,0.0,0.0,4.3196306
12759,CACNB3,-66.251015,-4.318991,0.0,0.0,4.318991
12125,TCEAL7,-65.513084,-4.3180737,0.0,0.0,4.3180737
14631,ALDH1B1,-66.82077,-4.317156,0.0,0.0,4.317156
14550,METTL1,-66.774796,-4.3169575,0.0,0.0,4.3169575
14214,HSBP1,-66.63966,-4.316601,0.0,0.0,4.316601
3275,GRAP2,65.99065,4.316537,0.0,0.0,4.316537
14818,TPM1,-67.03672,-4.3159328,0.0,0.0,4.3159328
2459,ADAM12,66.58396,4.31501,0.0,0.0,4.31501
14105,EIF3G,-66.6099,-4.3143497,0.0,0.0,4.3143497
1812,SLC5A12,66.76792,4.313677,0.0,0.0,4.313677
14073,TTC4,-66.60271,-4.3135285,0.0,0.0,4.3135285
1065,ADCY8,66.91396,4.312894,0.0,0.0,4.312894
3006,GYPB,66.30492,4.311715,0.0,0.0,4.311715
1438,HYAL1,66.845215,4.3115926,0.0,0.0,4.3115926
13080,TSPAN6,-66.358154,-4.3103995,0.0,0.0,4.3103995
11506,TNC,-63.28539,-4.309642,0.0,0.0,4.309642
555,ERAP2,67.012726,4.3087435,0.0,0.0,4.3087435
14735,MRFAP1,-66.90228,-4.307361,0.0,0.0,4.307361
2582,SLC8A1-AS1,66.54155,4.3071394,0.0,0.0,4.3071394
2266,OSBPL10,66.65199,4.305516,0.0,0.0,4.305516
667,PHEX,66.991875,4.3053946,0.0,0.0,4.3053946
14565,SLC1A4,-66.78592,-4.303339,0.0,0.0,4.303339
7150,OTULINL,28.522982,4.3021555,6.0785518146209834e-179,7.180486018529972e-179,4.3021555
14769,SLC25A5,-66.9366,-4.30123,0.0,0.0,4.30123
480,ABCC2,67.025604,4.3009257,0.0,0.0,4.3009257
3484,NINJ2,65.622574,4.2998176,0.0,0.0,4.2998176
13278,ZNF467,-66.40891,-4.2989616,0.0,0.0,4.2989616
23,PRKCD,67.136826,4.298597,0.0,0.0,4.298597
14602,RPL39L,-66.80171,-4.2971554,0.0,0.0,4.2971554
830,AKR1E2,66.958336,4.2967596,0.0,0.0,4.2967596
596,ITGB7,67.00434,4.2960114,0.0,0.0,4.2960114
1017,RNF180,66.923485,4.2954526,0.0,0.0,4.2954526
2066,LINC01134,66.71269,4.2953777,0.0,0.0,4.2953777
904,CFLAR,66.94346,4.2944455,0.0,0.0,4.2944455
1519,PLAC8L1,66.82749,4.2901893,0.0,0.0,4.2901893
14213,CGNL1,-66.63942,-4.28882,0.0,0.0,4.28882
1645,SYNPO,66.80193,4.2879524,0.0,0.0,4.2879524
1581,ENPP2,66.8149,4.2862706,0.0,0.0,4.2862706
1819,MOBP,66.766464,4.2846375,0.0,0.0,4.2846375
12673,MARCKS,-66.213295,-4.2818074,0.0,0.0,4.2818074
2400,ABCB4,66.60647,4.2813945,0.0,0.0,4.2813945
1151,SPATA9,66.89905,4.2803326,0.0,0.0,4.2803326
1532,SPDYA,66.825584,4.2800426,0.0,0.0,4.2800426
3094,LINC00702,66.22357,4.279959,0.0,0.0,4.279959
1964,SCN1B,66.73395,4.279832,0.0,0.0,4.279832
1936,PCDHGA1,66.739655,4.2791166,0.0,0.0,4.2791166
3028,LINC01954,66.29053,4.2786117,0.0,0.0,4.2786117
14749,DMKN,-66.91232,-4.2781315,0.0,0.0,4.2781315
11079,FREM2,-59.7929,-4.277437,0.0,0.0,4.277437
2186,TANGO2,66.678444,4.2774034,0.0,0.0,4.2774034
13247,MOB3C,-66.40038,-4.276633,0.0,0.0,4.276633
807,AGBL3,66.96321,4.275775,0.0,0.0,4.275775
12575,EMP3,-66.154854,-4.2755036,0.0,0.0,4.2755036
14628,COA3,-66.82052,-4.2752557,0.0,0.0,4.2752557
12678,RLN2,-66.21555,-4.2739735,0.0,0.0,4.2739735
2150,HS3ST1,66.6886,4.273481,0.0,0.0,4.273481
12751,FBLN1,-66.24703,-4.271281,0.0,0.0,4.271281
938,AVIL,66.93857,4.2708454,0.0,0.0,4.2708454
90,TASP1,67.11305,4.268483,0.0,0.0,4.268483
1136,EFCAB6,66.90159,4.2684717,0.0,0.0,4.2684717
12599,SPATA18,-66.173325,-4.268166,0.0,0.0,4.268166
12677,CORT,-66.21486,-4.2662387,0.0,0.0,4.2662387
14444,PRDX5,-66.72288,-4.2660894,0.0,0.0,4.2660894
733,AMDHD1,66.97934,4.265706,0.0,0.0,4.265706
11383,NPAS4,-62.512123,-4.265608,0.0,0.0,4.265608
12339,RAB43,-65.877495,-4.2653227,0.0,0.0,4.2653227
1738,MYBPC2,66.78327,4.2649865,0.0,0.0,4.2649865
135,KLHL6,67.1012,4.264482,0.0,0.0,4.264482
13816,MCM6,-66.5407,-4.264032,0.0,0.0,4.264032
3225,ABCA9-AS1,66.0599,4.263296,0.0,0.0,4.263296
14623,NREP,-66.81621,-4.2626853,0.0,0.0,4.2626853
14398,TP53I3,-66.7039,-4.262494,0.0,0.0,4.262494
1196,FSHR,66.8923,4.261959,0.0,0.0,4.261959
544,ADGRF3,67.01524,4.259423,0.0,0.0,4.259423
13867,OST4,-66.55548,-4.25918,0.0,0.0,4.25918
2298,PDZRN3,66.64022,4.257464,0.0,0.0,4.257464
14069,SQLE,-66.60166,-4.2558913,0.0,0.0,4.2558913
430,ZMIZ1-AS1,67.03601,4.25463,0.0,0.0,4.25463
241,EFCAB10,67.075714,4.254573,0.0,0.0,4.254573
13499,SHMT2,-66.465,-4.253216,0.0,0.0,4.253216
80,DLGAP1,67.11667,4.252886,0.0,0.0,4.252886
1595,RDH12,66.81279,4.2503324,0.0,0.0,4.2503324
14038,SMG8,-66.59523,-4.2502136,0.0,0.0,4.2502136
1021,TAFA2,66.92314,4.2483945,0.0,0.0,4.2483945
13617,REEP6,-66.49259,-4.245862,0.0,0.0,4.245862
10492,ZSWIM8-AS1,-51.89051,-4.244908,0.0,0.0,4.244908
12659,GLIPR2,-66.203804,-4.24484,0.0,0.0,4.24484
465,SPSB1,67.02802,4.2444806,0.0,0.0,4.2444806
13033,CALR,-66.34516,-4.2429514,0.0,0.0,4.2429514
12835,S100A13,-66.2818,-4.242599,0.0,0.0,4.242599
1294,ZYG11A,66.8754,4.2420125,0.0,0.0,4.2420125
1914,EPHA10,66.74405,4.241188,0.0,0.0,4.241188
14305,HSP90AA1,-66.66621,-4.2406216,0.0,0.0,4.2406216
500,SLC23A1,67.02243,4.240433,0.0,0.0,4.240433
2326,LMOD3,66.63016,4.2401857,0.0,0.0,4.2401857
298,LACTB2-AS1,67.062355,4.237846,0.0,0.0,4.237846
2100,PPP3CC,66.70426,4.237707,0.0,0.0,4.237707
13086,CDRT4,-66.359085,-4.237435,0.0,0.0,4.237435
3105,LGR5,66.213646,4.2364144,0.0,0.0,4.2364144
14423,BRK1,-66.71364,-4.2361054,0.0,0.0,4.2361054
763,SLC30A8,66.97254,4.235694,0.0,0.0,4.235694
696,NCF2,66.9869,4.233696,0.0,0.0,4.233696
896,CUBN,66.944824,4.2306843,0.0,0.0,4.2306843
14689,FKBP4,-66.86024,-4.230568,0.0,0.0,4.230568
12385,TWIST1,-65.92054,-4.2304897,0.0,0.0,4.2304897
13974,CKMT1B,-66.5805,-4.2295346,0.0,0.0,4.2295346
13756,MLLT11,-66.52386,-4.229208,0.0,0.0,4.229208
12906,TRAF5,-66.30158,-4.227692,0.0,0.0,4.227692
1054,CASC18,66.917816,4.227655,0.0,0.0,4.227655
1498,CCDC62,66.83169,4.2270136,0.0,0.0,4.2270136
12830,SAMD11,-66.27806,-4.225829,0.0,0.0,4.225829
1662,MX1,66.79946,4.223242,0.0,0.0,4.223242
13733,SNRPE,-66.518745,-4.222958,0.0,0.0,4.222958
1076,XAF1,66.91208,4.2219586,0.0,0.0,4.2219586
2444,ANO5,66.58914,4.221159,0.0,0.0,4.221159
1158,DENND4A,66.897644,4.2199345,0.0,0.0,4.2199345
3228,FBXO40,66.05799,4.2188554,0.0,0.0,4.2188554
13384,C1QTNF3,-66.43488,-4.218626,0.0,0.0,4.218626
486,CRTAC1,67.024864,4.2184076,0.0,0.0,4.2184076
1586,MEF2C-AS1,66.8139,4.21774,0.0,0.0,4.21774
3035,SLC17A6,66.28616,4.2177114,0.0,0.0,4.2177114
1346,ZNF586,66.865585,4.2176795,0.0,0.0,4.2176795
13980,CHMP2A,-66.58139,-4.2152963,0.0,0.0,4.2152963
2421,CADPS,66.598366,4.2146864,0.0,0.0,4.2146864
2508,FBXL17,66.56991,4.214121,0.0,0.0,4.214121
13480,PAFAH1B3,-66.46096,-4.2133713,0.0,0.0,4.2133713
1864,ALOX5AP,66.75606,4.2129717,0.0,0.0,4.2129717
12608,C12orf57,-66.17697,-4.2124724,0.0,0.0,4.2124724
10631,LIME1,-54.18879,-4.2113967,0.0,0.0,4.2113967
3657,MYBPHL,65.26802,4.211278,0.0,0.0,4.211278
14595,NXPH3,-66.79812,-4.2106204,0.0,0.0,4.2106204
12124,GNG11,-65.51277,-4.2105,0.0,0.0,4.2105
14099,UBL5,-66.60848,-4.2103744,0.0,0.0,4.2103744
2856,COLQ,66.39695,4.210109,0.0,0.0,4.210109
3686,ACSM3,65.18927,4.209237,0.0,0.0,4.209237
14648,CD59,-66.829025,-4.2044954,0.0,0.0,4.2044954
537,GCC2-AS1,67.01675,4.203984,0.0,0.0,4.203984
13631,LAMTOR4,-66.49534,-4.2039247,0.0,0.0,4.2039247
588,SH3RF1,67.00677,4.2029305,0.0,0.0,4.2029305
14358,JMJD1C-AS1,-66.68373,-4.2023315,0.0,0.0,4.2023315
705,KCNN3,66.98525,4.19877,0.0,0.0,4.19877
14197,TOMM20,-66.63642,-4.1984644,0.0,0.0,4.1984644
11208,MAT1A,-61.059418,-4.195305,0.0,0.0,4.195305
14019,HAUS4,-66.58977,-4.1942477,0.0,0.0,4.1942477
13509,SSR4,-66.466774,-4.1937118,0.0,0.0,4.1937118
3070,PDE1A,66.25317,4.19128,0.0,0.0,4.19128
1995,RUBCNL,66.72905,4.1909904,0.0,0.0,4.1909904
1238,BCL2,66.8846,4.19029,0.0,0.0,4.19029
1039,TMEM131L,66.919754,4.189742,0.0,0.0,4.189742
2510,RABGAP1L-DT,66.569115,4.189313,0.0,0.0,4.189313
935,ACER2,66.93931,4.189273,0.0,0.0,4.189273
14017,COPS9,-66.589165,-4.1890974,0.0,0.0,4.1890974
13705,AP2S1,-66.51188,-4.1881547,0.0,0.0,4.1881547
1067,MEGF9,66.913666,4.186338,0.0,0.0,4.186338
1638,GLYATL2,66.80317,4.185696,0.0,0.0,4.185696
12297,ZNF878,-65.82313,-4.1854277,0.0,0.0,4.1854277
1420,DMGDH,66.84988,4.1853046,0.0,0.0,4.1853046
2925,TRDN-AS1,66.357475,4.1846566,0.0,0.0,4.1846566
1716,ADGRG2,66.78767,4.1830463,0.0,0.0,4.1830463
1062,BCAS3,66.91434,4.1823025,0.0,0.0,4.1823025
14396,FIS1,-66.70242,-4.181932,0.0,0.0,4.181932
12735,SNAI2,-66.24157,-4.1813755,0.0,0.0,4.1813755
1203,CYP39A1,66.89102,4.181355,0.0,0.0,4.181355
13456,SUPT4H1,-66.4539,-4.180373,0.0,0.0,4.180373
14475,SDC3,-66.73676,-4.1800413,0.0,0.0,4.1800413
1839,ROR1-AS1,66.760765,4.1789436,0.0,0.0,4.1789436
3047,TMEM71,66.27849,4.1783986,0.0,0.0,4.1783986
2824,MCOLN3,66.42214,4.177759,0.0,0.0,4.177759
2091,OR2L2,66.70697,4.177752,0.0,0.0,4.177752
13625,SNRPB,-66.49432,-4.1761885,0.0,0.0,4.1761885
13001,LINC01465,-66.33118,-4.175382,0.0,0.0,4.175382
2453,HDAC9,66.58669,4.1731863,0.0,0.0,4.1731863
751,SHE,66.9761,4.170943,0.0,0.0,4.170943
3323,SEPTIN4,65.90808,4.170619,0.0,0.0,4.170619
3281,PAX2,65.98453,4.170235,0.0,0.0,4.170235
14615,MRPL17,-66.81288,-4.1701217,0.0,0.0,4.1701217
856,LRP2BP,66.952545,4.168242,0.0,0.0,4.168242
13144,LINC00311,-66.37576,-4.1670375,0.0,0.0,4.1670375
2308,ANKRD35,66.63653,4.1662107,0.0,0.0,4.1662107
441,CRYGS,67.03354,4.1661487,0.0,0.0,4.1661487
921,FAAH2,66.94109,4.1655054,0.0,0.0,4.1655054
13558,HEBP2,-66.47723,-4.1652412,0.0,0.0,4.1652412
170,LINC00265,67.09283,4.1651015,0.0,0.0,4.1651015
13219,LGALSL,-66.394745,-4.164851,0.0,0.0,4.164851
2765,KIF26B-AS1,66.448715,4.1647105,0.0,0.0,4.1647105
13791,FASN,-66.53671,-4.164297,0.0,0.0,4.164297
2369,GTF2IRD2B,66.61715,4.1632714,0.0,0.0,4.1632714
363,CCDC148,67.046844,4.160768,0.0,0.0,4.160768
842,AGAP9,66.956314,4.1603637,0.0,0.0,4.1603637
14061,CDCA4,-66.59963,-4.158903,0.0,0.0,4.158903
2342,TRG-AS1,66.62257,4.156973,0.0,0.0,4.156973
13465,NSA2,-66.45631,-4.155913,0.0,0.0,4.155913
12565,ADA,-66.14392,-4.155852,0.0,0.0,4.155852
2428,SLC30A10,66.59443,4.1556144,0.0,0.0,4.1556144
897,HSD17B13,66.94423,4.153197,0.0,0.0,4.153197
759,ADAMTS20,66.97427,4.1525383,0.0,0.0,4.1525383
1483,GMDS-DT,66.83506,4.1511245,0.0,0.0,4.1511245
12231,PTGDS,-65.71433,-4.1506133,0.0,0.0,4.1506133
13543,TMEM92,-66.47442,-4.1494546,0.0,0.0,4.1494546
13113,ANXA5,-66.367,-4.14726,0.0,0.0,4.14726
13589,LAMTOR1,-66.48509,-4.146628,0.0,0.0,4.146628
1140,ZNF235,66.90074,4.145962,0.0,0.0,4.145962
3269,ZNF385D,66.00173,4.145837,0.0,0.0,4.145837
3302,KCND2,65.94138,4.145303,0.0,0.0,4.145303
14239,TMEM200C,-66.64572,-4.144448,0.0,0.0,4.144448
1218,GDAP1L1,66.887245,4.142688,0.0,0.0,4.142688
2265,SCN3A,66.65252,4.140037,0.0,0.0,4.140037
518,MDGA1,67.019394,4.13937,0.0,0.0,4.13937
14152,LINC01118,-66.623146,-4.138954,0.0,0.0,4.138954
14402,TPI1,-66.70631,-4.1388326,0.0,0.0,4.1388326
13000,HCRT,-66.331024,-4.137849,0.0,0.0,4.137849
14571,UBE2M,-66.78947,-4.137614,0.0,0.0,4.137614
1495,RASGEF1C,66.832146,4.1349683,0.0,0.0,4.1349683
878,DRC7,66.948425,4.1348357,0.0,0.0,4.1348357
1603,RNF213-AS1,66.80976,4.134478,0.0,0.0,4.134478
2602,ISM2,66.53392,4.134092,0.0,0.0,4.134092
3156,GABRA1,66.14465,4.1328163,0.0,0.0,4.1328163
2833,TPRG1-AS1,66.41209,4.1318917,0.0,0.0,4.1318917
12639,MAF,-66.19386,-4.1311116,0.0,0.0,4.1311116
1019,DENND4C,66.92316,4.1307063,0.0,0.0,4.1307063
12773,C2orf81,-66.25487,-4.1305223,0.0,0.0,4.1305223
1534,TSNARE1,66.82495,4.130056,0.0,0.0,4.130056
9170,CRHBP,-22.112082,-4.129991,2.4185566686494924e-108,2.7408584054971057e-108,4.129991
13095,NPB,-66.36047,-4.1289883,0.0,0.0,4.1289883
245,PKNOX2,67.07449,4.128017,0.0,0.0,4.128017
307,INPP5B,67.060616,4.127885,0.0,0.0,4.127885
1408,SBF2,66.85243,4.1260242,0.0,0.0,4.1260242
175,NRG1,67.09137,4.1242356,0.0,0.0,4.1242356
13477,EIF4A1,-66.45939,-4.1237297,0.0,0.0,4.1237297
1321,IL2RB,66.87075,4.123521,0.0,0.0,4.123521
494,ITGB2,67.02346,4.1234446,0.0,0.0,4.1234446
2425,LRRC2,66.59598,4.1230335,0.0,0.0,4.1230335
2820,ANK1,66.42476,4.122577,0.0,0.0,4.122577
13966,SERBP1,-66.57892,-4.121957,0.0,0.0,4.121957
713,CDKL1,66.98428,4.1205883,0.0,0.0,4.1205883
474,SNX29,67.02658,4.119097,0.0,0.0,4.119097
13876,PET117,-66.55761,-4.1183085,0.0,0.0,4.1183085
12507,FBLN2,-66.075485,-4.1180897,0.0,0.0,4.1180897
12908,LANCL3,-66.30266,-4.1138296,0.0,0.0,4.1138296
2707,RASGRP3,66.48243,4.111913,0.0,0.0,4.111913
12845,ATF7,-66.28561,-4.111789,0.0,0.0,4.111789
14206,GUK1,-66.63782,-4.111698,0.0,0.0,4.111698
2146,TRABD2B,66.689476,4.11127,0.0,0.0,4.11127
1392,CPEB2-DT,66.85586,4.110219,0.0,0.0,4.110219
3232,NOVA2,66.0523,4.109254,0.0,0.0,4.109254
416,SPIDR,67.038376,4.108357,0.0,0.0,4.108357
841,SLC9A5,66.95633,4.105883,0.0,0.0,4.105883
14319,C18orf32,-66.670006,-4.1043463,0.0,0.0,4.1043463
13979,COPE,-66.58136,-4.103409,0.0,0.0,4.103409
3548,EFCC1,65.46887,4.1030126,0.0,0.0,4.1030126
2720,PRRG4,66.47882,4.1028056,0.0,0.0,4.1028056
12872,ABRACL,-66.29182,-4.1026354,0.0,0.0,4.1026354
1189,RAI2,66.8933,4.102443,0.0,0.0,4.102443
11724,FOXL1,-64.29242,-4.1004596,0.0,0.0,4.1004596
14256,C19orf73,-66.6531,-4.100223,0.0,0.0,4.100223
2561,TTC39A-AS1,66.55151,4.0989017,0.0,0.0,4.0989017
10935,ZNF177,-58.128075,-4.0988264,0.0,0.0,4.0988264
14009,ZNF593,-66.58758,-4.0984097,0.0,0.0,4.0984097
1373,AKR1D1,66.85899,4.093523,0.0,0.0,4.093523
13051,NOVA1,-66.350586,-4.091843,0.0,0.0,4.091843
12375,EME1,-65.90862,-4.0904617,0.0,0.0,4.0904617
567,DNAH7,67.01115,4.0898204,0.0,0.0,4.0898204
11881,TJP2,-64.87457,-4.086881,0.0,0.0,4.086881
14711,PHPT1,-66.87756,-4.0863433,0.0,0.0,4.0863433
2180,CFAP299,66.68006,4.0855913,0.0,0.0,4.0855913
14829,PFKP,-67.10666,-4.084583,0.0,0.0,4.084583
12940,C18orf54,-66.30949,-4.084261,0.0,0.0,4.084261
13412,KIRREL1,-66.44222,-4.0831604,0.0,0.0,4.0831604
1894,ENOX1,66.74894,4.0830045,0.0,0.0,4.0830045
14193,KPNA2,-66.63539,-4.08163,0.0,0.0,4.08163
2924,AKAP6,66.35812,4.077987,0.0,0.0,4.077987
1116,FBXL13,66.905334,4.077095,0.0,0.0,4.077095
378,ZDHHC11,67.04568,4.076168,0.0,0.0,4.076168
1518,SLC49A3,66.82757,4.0729966,0.0,0.0,4.0729966
2445,TOM1L2,66.589096,4.0729914,0.0,0.0,4.0729914
14737,EPB41L3,-66.902824,-4.070477,0.0,0.0,4.070477
2041,PART1,66.71792,4.07034,0.0,0.0,4.07034
335,FRMD4A,67.053406,4.069526,0.0,0.0,4.069526
624,AUTS2,67.00071,4.0693355,0.0,0.0,4.0693355
1752,FRRS1L,66.78092,4.069139,0.0,0.0,4.069139
14748,SSR3,-66.91222,-4.0680475,0.0,0.0,4.0680475
959,IL6R,66.93407,4.0673575,0.0,0.0,4.0673575
13400,SNRPF,-66.438805,-4.067308,0.0,0.0,4.067308
4242,TTTY14,63.45515,4.0665574,0.0,0.0,4.0665574
2229,TIMM23B,66.66391,4.0659547,0.0,0.0,4.0659547
226,CFAP54,67.08,4.065943,0.0,0.0,4.065943
1982,NIM1K,66.73121,4.065414,0.0,0.0,4.065414
365,LRP5L,67.04677,4.064185,0.0,0.0,4.064185
1496,ABHD1,66.832,4.0622077,0.0,0.0,4.0622077
895,NYX,66.94518,4.0621505,0.0,0.0,4.0621505
13757,DACT1,-66.52509,-4.061937,0.0,0.0,4.061937
3149,DUOXA1,66.15351,4.061403,0.0,0.0,4.061403
934,ROPN1L,66.93931,4.0613046,0.0,0.0,4.0613046
3246,HHIP,66.04357,4.061128,0.0,0.0,4.061128
817,STAG3,66.960884,4.059143,0.0,0.0,4.059143
228,FGD4,67.07919,4.0563374,0.0,0.0,4.0563374
13420,TMEM191C,-66.44481,-4.055591,0.0,0.0,4.055591
2136,CEACAM19,66.6915,4.054193,0.0,0.0,4.054193
2988,CEMIP,66.31717,4.0532846,0.0,0.0,4.0532846
12994,PLEKHG4,-66.328674,-4.053037,0.0,0.0,4.053037
11496,PLPPR4,-63.234253,-4.044659,0.0,0.0,4.044659
963,AP4B1-AS1,66.932945,4.0427756,0.0,0.0,4.0427756
12582,PSAT1,-66.15899,-4.0427685,0.0,0.0,4.0427685
13873,SERF2,-66.556915,-4.0427,0.0,0.0,4.0427
2281,LINC01231,66.64546,4.042668,0.0,0.0,4.042668
12765,GBGT1,-66.253044,-4.0424995,0.0,0.0,4.0424995
1748,NRG4,66.78164,4.042171,0.0,0.0,4.042171
2796,SAMD4A,66.43756,4.0404177,0.0,0.0,4.0404177
14469,ISG15,-66.73437,-4.0403748,0.0,0.0,4.0403748
3257,ADGRG3,66.02783,4.0393014,0.0,0.0,4.0393014
2596,RBFOX3,66.53733,4.03926,0.0,0.0,4.03926
14251,RPL36AL,-66.65014,-4.0378337,0.0,0.0,4.0378337
1762,CCDC7,66.77972,4.0364795,0.0,0.0,4.0364795
13514,ZMAT2,-66.46782,-4.036376,0.0,0.0,4.036376
12329,PCOLCE,-65.870865,-4.0351872,0.0,0.0,4.0351872
2361,TFCP2L1,66.61835,4.0350285,0.0,0.0,4.0350285
12510,ALAS2,-66.07808,-4.0334415,0.0,0.0,4.0334415
13374,HTATSF1,-66.4323,-4.0330563,0.0,0.0,4.0330563
14165,BUD31,-66.62785,-4.031819,0.0,0.0,4.031819
2305,NAV2-AS3,66.637794,4.0312467,0.0,0.0,4.0312467
12550,CAVIN3,-66.11777,-4.0309386,0.0,0.0,4.0309386
2926,LAMA2,66.35712,4.030098,0.0,0.0,4.030098
13401,SARNP,-66.438866,-4.030066,0.0,0.0,4.030066
12776,PMAIP1,-66.25629,-4.0288043,0.0,0.0,4.0288043
2735,CAMK2B,66.4669,4.0285063,0.0,0.0,4.0285063
1077,ZNF407,66.911865,4.0282345,0.0,0.0,4.0282345
405,NRG2,67.040985,4.027139,0.0,0.0,4.027139
3072,PIEZO2,66.25195,4.026548,0.0,0.0,4.026548
13388,UXT-AS1,-66.4368,-4.02516,0.0,0.0,4.02516
13391,LSM7,-66.43754,-4.0247903,0.0,0.0,4.0247903
2438,BRWD1-AS1,66.59005,4.02468,0.0,0.0,4.02468
2135,MRTFA,66.691826,4.023288,0.0,0.0,4.023288
11127,CCNB2,-60.203724,-4.0232854,0.0,0.0,4.0232854
3007,SLC1A6,66.30441,4.022662,0.0,0.0,4.022662
12894,GPC2,-66.298355,-4.021326,0.0,0.0,4.021326
2455,HCN1,66.58466,4.02052,0.0,0.0,4.02052
989,KIAA2012,66.92868,4.020186,0.0,0.0,4.020186
599,MYO15B,67.00411,4.0201116,0.0,0.0,4.0201116
11293,LMO2,-61.809612,-4.0197887,0.0,0.0,4.0197887
585,LPXN,67.007324,4.0197654,0.0,0.0,4.0197654
927,ELMO1,66.940575,4.01876,0.0,0.0,4.01876
880,CCDC146,66.94837,4.017879,0.0,0.0,4.017879
13484,GLIPR1,-66.46163,-4.017546,0.0,0.0,4.017546
343,PLCB1,67.05177,4.017322,0.0,0.0,4.017322
1356,ADRA1B,66.86212,4.0151753,0.0,0.0,4.0151753
2160,VIPR2,66.685394,4.0140634,0.0,0.0,4.0140634
14809,FANCE,-67.00433,-4.0137153,0.0,0.0,4.0137153
14592,FIBP,-66.79778,-4.012536,0.0,0.0,4.012536
1711,RUNX2,66.78837,4.0124874,0.0,0.0,4.0124874
572,CDR2,67.01088,4.00999,0.0,0.0,4.00999
12694,NOTCH3,-66.22337,-4.0075684,0.0,0.0,4.0075684
14539,TIGD2,-66.77,-4.0066,0.0,0.0,4.0066
3338,UBASH3B,65.89255,4.003201,0.0,0.0,4.003201
12536,BCAT1,-66.1079,-4.0025616,0.0,0.0,4.0025616
974,CDK18,66.93102,4.000903,0.0,0.0,4.000903
2208,GAPLINC,66.673195,3.99859,0.0,0.0,3.99859
12958,CACNA1H,-66.31652,-3.9985812,0.0,0.0,3.9985812
12053,CXCL14,-65.363106,-3.998358,0.0,0.0,3.998358
384,LHFPL4,67.0442,3.9954762,0.0,0.0,3.9954762
2285,LINC02268,66.64461,3.995433,0.0,0.0,3.995433
227,SEMA3F-AS1,67.07985,3.994321,0.0,0.0,3.994321
10824,RTEL1,-56.625587,-3.9932287,0.0,0.0,3.9932287
1398,IFIT2,66.85507,3.992827,0.0,0.0,3.992827
626,SNTN,66.99991,3.9926047,0.0,0.0,3.9926047
12770,GPR52,-66.25384,-3.9913378,0.0,0.0,3.9913378
9096,CKAP2L,-20.277277,-3.990834,2.0412603635714126e-91,2.2872417990425823e-91,3.990834
1183,PCBP3,66.89412,3.986238,0.0,0.0,3.986238
3031,GABRA5,66.28862,3.983963,0.0,0.0,3.983963
12907,APOC1,-66.302414,-3.9831247,0.0,0.0,3.9831247
1801,SPATA1,66.770676,3.9831111,0.0,0.0,3.9831111
281,PAN3,67.06574,3.9829383,0.0,0.0,3.9829383
12426,IGFBP2,-65.98395,-3.982298,0.0,0.0,3.982298
2137,SLC24A3,66.691124,3.9817176,0.0,0.0,3.9817176
2241,TRIM72,66.659584,3.9815736,0.0,0.0,3.9815736
1399,SLC15A2,66.8548,3.9809864,0.0,0.0,3.9809864
12569,ITM2A,-66.14785,-3.9807515,0.0,0.0,3.9807515
13575,STARD10,-66.48135,-3.980348,0.0,0.0,3.980348
13050,TSKU,-66.35033,-3.9793105,0.0,0.0,3.9793105
11162,PRRT4,-60.49055,-3.9791977,0.0,0.0,3.9791977
2751,LINC01337,66.4598,3.9783442,0.0,0.0,3.9783442
13101,PPDPF,-66.3618,-3.977051,0.0,0.0,3.977051
12333,THY1,-65.8741,-3.9769168,0.0,0.0,3.9769168
857,DPH6,66.95248,3.975569,0.0,0.0,3.975569
915,IKZF3,66.94219,3.9742932,0.0,0.0,3.9742932
13359,TOMM7,-66.42681,-3.9740152,0.0,0.0,3.9740152
3398,NELL1,65.79873,3.9737449,0.0,0.0,3.9737449
3267,INSRR,66.002106,3.9732516,0.0,0.0,3.9732516
3404,GOLGA6L7,65.792015,3.9729252,0.0,0.0,3.9729252
2579,AMY2B,66.543686,3.972763,0.0,0.0,3.972763
1975,DYNC1I1,66.73239,3.9722583,0.0,0.0,3.9722583
12918,PLXND1,-66.30518,-3.9712791,0.0,0.0,3.9712791
10637,TK1,-54.21132,-3.9701586,0.0,0.0,3.9701586
14728,PDCD5,-66.89597,-3.9690275,0.0,0.0,3.9690275
138,SAT1,67.10066,3.9673786,0.0,0.0,3.9673786
393,USP39,67.0428,3.9664352,0.0,0.0,3.9664352
10405,SRXN1,-50.55659,-3.9654315,0.0,0.0,3.9654315
2449,VWA8,66.58831,3.9637394,0.0,0.0,3.9637394
1006,SLC13A4,66.92589,3.9631128,0.0,0.0,3.9631128
14787,MRPL36,-66.95443,-3.9622602,0.0,0.0,3.9622602
12220,SPINT1-AS1,-65.70382,-3.9620225,0.0,0.0,3.9620225
4485,LINC00299,62.309647,3.9610646,0.0,0.0,3.9610646
3158,CST6,66.14414,3.9588692,0.0,0.0,3.9588692
2628,AMZ1,66.52111,3.9556434,0.0,0.0,3.9556434
2908,CARNS1,66.36595,3.9554641,0.0,0.0,3.9554641
14065,POLR2I,-66.60092,-3.9544368,0.0,0.0,3.9544368
14797,EID2,-66.96985,-3.9537747,0.0,0.0,3.9537747
2349,RGPD1,66.6206,3.9537327,0.0,0.0,3.9537327
2302,EMC1-AS1,66.638275,3.9536092,0.0,0.0,3.9536092
1283,SLC27A1,66.87718,3.9529495,0.0,0.0,3.9529495
13994,GSN,-66.584175,-3.952808,0.0,0.0,3.952808
1144,DBX2,66.900505,3.952164,0.0,0.0,3.952164
12965,SNRPD2,-66.318985,-3.9519591,0.0,0.0,3.9519591
13358,ZC3HAV1,-66.42665,-3.9518964,0.0,0.0,3.9518964
12458,FTH1,-66.02561,-3.9515576,0.0,0.0,3.9515576
3025,KCNG3,66.29278,3.9515133,0.0,0.0,3.9515133
706,NSUN7,66.98513,3.9513445,0.0,0.0,3.9513445
2157,ARHGAP31-AS1,66.68643,3.9507458,0.0,0.0,3.9507458
2557,EPCAM-DT,66.55274,3.9490612,0.0,0.0,3.9490612
14627,COA4,-66.818596,-3.948133,0.0,0.0,3.948133
11071,PGA5,-59.729015,-3.947954,0.0,0.0,3.947954
13240,HMGA2,-66.39855,-3.9477043,0.0,0.0,3.9477043
2747,VAT1L,66.460655,3.9476082,0.0,0.0,3.9476082
553,AHI1,67.01314,3.9459698,0.0,0.0,3.9459698
12708,MDFI,-66.231514,-3.9434514,0.0,0.0,3.9434514
1213,LINC00240,66.887886,3.9432664,0.0,0.0,3.9432664
3188,SPTLC3,66.10185,3.94317,0.0,0.0,3.94317
14523,MRPS28,-66.75787,-3.9427953,0.0,0.0,3.9427953
14546,TYMS,-66.77284,-3.942202,0.0,0.0,3.942202
14107,GPX4,-66.610214,-3.9403243,0.0,0.0,3.9403243
13234,SVBP,-66.39828,-3.940111,0.0,0.0,3.940111
568,PLCD4,67.01112,3.938771,0.0,0.0,3.938771
1386,STYK1,66.85715,3.9374702,0.0,0.0,3.9374702
152,ERO1B,67.09795,3.937266,0.0,0.0,3.937266
1966,CFAP58,66.73375,3.9368627,0.0,0.0,3.9368627
2140,SP2-AS1,66.6905,3.936564,0.0,0.0,3.936564
11678,BIK,-64.09285,-3.9350252,0.0,0.0,3.9350252
337,ENTPD1,67.05295,3.9340646,0.0,0.0,3.9340646
3388,RIIAD1,65.8165,3.932988,0.0,0.0,3.932988
3625,COL6A6,65.32954,3.9316,0.0,0.0,3.9316
12072,SP6,-65.40286,-3.9313116,0.0,0.0,3.9313116
2828,RBM20,66.41777,3.9283612,0.0,0.0,3.9283612
14806,S1PR1,-66.99581,-3.9282594,0.0,0.0,3.9282594
3224,NPM2,66.06021,3.9278593,0.0,0.0,3.9278593
616,FSIP1,67.00175,3.9277532,0.0,0.0,3.9277532
883,DNAH6,66.94756,3.9277048,0.0,0.0,3.9277048
12432,BMP5,-65.99313,-3.926116,0.0,0.0,3.926116
13815,RNF7,-66.54049,-3.9260378,0.0,0.0,3.9260378
2674,RPS6KL1,66.49878,3.9233181,0.0,0.0,3.9233181
2551,GPT,66.55339,3.9224458,0.0,0.0,3.9224458
14668,PCBD1,-66.844406,-3.9219306,0.0,0.0,3.9219306
12863,DDX19B,-66.289566,-3.9215086,0.0,0.0,3.9215086
12651,PCDHGA11,-66.1998,-3.921268,0.0,0.0,3.921268
1207,SKAP1,66.889244,3.9202988,0.0,0.0,3.9202988
14794,NES,-66.966866,-3.9192235,0.0,0.0,3.9192235
12910,PGGHG,-66.30287,-3.9190273,0.0,0.0,3.9190273
13414,SNRNP27,-66.44305,-3.9189308,0.0,0.0,3.9189308
12679,HENMT1,-66.21582,-3.9184227,0.0,0.0,3.9184227
11405,ACOXL-AS1,-62.66144,-3.9173603,0.0,0.0,3.9173603
14078,SPIN4,-66.60329,-3.914657,0.0,0.0,3.914657
14370,CHCHD1,-66.68976,-3.9138844,0.0,0.0,3.9138844
1306,RAD21L1,66.87389,3.9127703,0.0,0.0,3.9127703
12503,LRRC32,-66.07247,-3.9112375,0.0,0.0,3.9112375
860,PDGFC,66.95176,3.9112215,0.0,0.0,3.9112215
12760,CDH24,-66.25113,-3.909909,0.0,0.0,3.909909
14506,SF3B6,-66.7496,-3.9091547,0.0,0.0,3.9091547
13957,NDNF,-66.57726,-3.908767,0.0,0.0,3.908767
13667,SPECC1,-66.504265,-3.9078538,0.0,0.0,3.9078538
2578,LINC01909,66.544106,3.9078157,0.0,0.0,3.9078157
11498,ALOX15B,-63.23808,-3.9069514,0.0,0.0,3.9069514
13635,CDK5,-66.496025,-3.906485,0.0,0.0,3.906485
2983,HTR1E,66.32083,3.9063153,0.0,0.0,3.9063153
12972,EFNA3,-66.32083,-3.9057379,0.0,0.0,3.9057379
3463,SPTSSB,65.67273,3.9053736,0.0,0.0,3.9053736
15,DOCK6,67.141754,3.9046333,0.0,0.0,3.9046333
1280,NIBAN3,66.87737,3.9040701,0.0,0.0,3.9040701
901,ELL2,66.94377,3.9037917,0.0,0.0,3.9037917
2483,DNAH2,66.576324,3.9033267,0.0,0.0,3.9033267
1104,KANSL1L,66.90828,3.9022496,0.0,0.0,3.9022496
1705,TMEM72-AS1,66.790375,3.9018662,0.0,0.0,3.9018662
1867,CYP4V2,66.75553,3.9005983,0.0,0.0,3.9005983
14334,LRRC24,-66.67495,-3.8990138,0.0,0.0,3.8990138
14158,DBNDD1,-66.62466,-3.898123,0.0,0.0,3.898123
14392,CCT5,-66.70052,-3.8974316,0.0,0.0,3.8974316
1643,ECHDC2,66.80245,3.8969345,0.0,0.0,3.8969345
707,INTS9,66.98467,3.8963845,0.0,0.0,3.8963845
13074,FKBP10,-66.356445,-3.895755,0.0,0.0,3.895755
14485,ZFP36L1,-66.73947,-3.8955684,0.0,0.0,3.8955684
2917,DNAI1,66.36139,3.8952632,0.0,0.0,3.8952632
2280,AMBRA1,66.64623,3.895178,0.0,0.0,3.895178
922,KCNIP3,66.94107,3.8944216,0.0,0.0,3.8944216
2303,RHCE,66.63792,3.8944159,0.0,0.0,3.8944159
1767,FAM185A,66.779,3.8930929,0.0,0.0,3.8930929
1377,MS4A15,66.858665,3.8903632,0.0,0.0,3.8903632
12283,PCDHGA6,-65.807526,-3.8890028,0.0,0.0,3.8890028
14383,PTH1R,-66.69642,-3.8876522,0.0,0.0,3.8876522
12806,RNASEH2A,-66.26845,-3.8846855,0.0,0.0,3.8846855
2331,SFRP4,66.626526,3.8842807,0.0,0.0,3.8842807
1160,EML5,66.89741,3.8842537,0.0,0.0,3.8842537
3396,CD40,65.80193,3.884248,0.0,0.0,3.884248
1478,CAMTA1-DT,66.835945,3.8828013,0.0,0.0,3.8828013
11727,FOXD3-AS1,-64.30127,-3.8826632,0.0,0.0,3.8826632
1591,FAM13B,66.813286,3.881656,0.0,0.0,3.881656
2121,PCAT1,66.69773,3.8814692,0.0,0.0,3.8814692
2540,SPINK2,66.55773,3.8798802,0.0,0.0,3.8798802
3660,KCNMA1,65.259796,3.879528,0.0,0.0,3.879528
13998,IRX3,-66.58537,-3.8788197,0.0,0.0,3.8788197
11245,MRPL38,-61.42061,-3.8772218,0.0,0.0,3.8772218
435,NEK11,67.03482,3.8767412,0.0,0.0,3.8767412
1497,LINC01273,66.83169,3.8766525,0.0,0.0,3.8766525
12721,NUDT10,-66.23784,-3.874846,0.0,0.0,3.874846
620,MTMR3,67.001076,3.8743598,0.0,0.0,3.8743598
13283,DAD1,-66.41112,-3.8733058,0.0,0.0,3.8733058
1783,SDK1,66.77487,3.873123,0.0,0.0,3.873123
12057,LGI2,-65.36853,-3.8730886,0.0,0.0,3.8730886
13379,PGAM4,-66.43418,-3.8728857,0.0,0.0,3.8728857
14026,ORAI3,-66.59271,-3.8728743,0.0,0.0,3.8728743
420,PRKG1-AS1,67.03765,3.8723128,0.0,0.0,3.8723128
1739,CTNND2,66.78304,3.8707407,0.0,0.0,3.8707407
2129,RARB,66.69339,3.8690598,0.0,0.0,3.8690598
453,TTC7A,67.03035,3.8679805,0.0,0.0,3.8679805
2242,MBOAT1,66.659454,3.8678102,0.0,0.0,3.8678102
12878,GSTP1,-66.29341,-3.8671973,0.0,0.0,3.8671973
2686,PDE4D,66.492714,3.8671803,0.0,0.0,3.8671803
14237,WNT11,-66.6454,-3.866846,0.0,0.0,3.866846
12504,CDC42EP2,-66.07376,-3.8660603,0.0,0.0,3.8660603
14103,PPM1J,-66.60956,-3.8638961,0.0,0.0,3.8638961
10529,GJA9,-52.439507,-3.8633325,0.0,0.0,3.8633325
14786,PAF1,-66.954056,-3.8621073,0.0,0.0,3.8621073
2647,CCDC175,66.51345,3.8617983,0.0,0.0,3.8617983
13962,VPS25,-66.57834,-3.8606286,0.0,0.0,3.8606286
2815,NPHS1,66.427155,3.8599513,0.0,0.0,3.8599513
10702,MFAP4,-55.13374,-3.8595853,0.0,0.0,3.8595853
12840,ZNF841,-66.283516,-3.8595767,0.0,0.0,3.8595767
14225,RTRAF,-66.64196,-3.858146,0.0,0.0,3.858146
12831,COL6A2,-66.27854,-3.857999,0.0,0.0,3.857999
730,KCNK4,66.98002,3.8574274,0.0,0.0,3.8574274
11696,CMTM1,-64.1609,-3.854758,0.0,0.0,3.854758
3395,SEC14L5,65.80258,3.854639,0.0,0.0,3.854639
12465,SIPA1,-66.03084,-3.8545985,0.0,0.0,3.8545985
1312,DPP10,66.87258,3.853553,0.0,0.0,3.853553
1686,GTF2IRD1,66.795334,3.8530717,0.0,0.0,3.8530717
2919,MIR1-1HG,66.36062,3.853046,0.0,0.0,3.853046
3034,TRABD2A,66.28621,3.8520992,0.0,0.0,3.8520992
2355,ST7,66.619484,3.8493295,0.0,0.0,3.8493295
970,ZNF718,66.931755,3.8489892,0.0,0.0,3.8489892
13403,ST13,-66.43967,-3.8471527,0.0,0.0,3.8471527
2693,RETREG1,66.48977,3.8460674,0.0,0.0,3.8460674
898,PARVB,66.94386,3.8458858,0.0,0.0,3.8458858
12754,RAP2B,-66.24843,-3.8454661,0.0,0.0,3.8454661
14768,BYSL,-66.93499,-3.8439987,0.0,0.0,3.8439987
12881,KCNV1,-66.29465,-3.8432412,0.0,0.0,3.8432412
1327,TIAM2,66.869484,3.8420823,0.0,0.0,3.8420823
1501,MEI1,66.8313,3.8418698,0.0,0.0,3.8418698
14645,LBH,-66.82812,-3.84093,0.0,0.0,3.84093
1422,DIP2C,66.849236,3.8400755,0.0,0.0,3.8400755
1706,FAM151B,66.79028,3.8375058,0.0,0.0,3.8375058
3103,CCDC88C,66.21506,3.8354487,0.0,0.0,3.8354487
14367,ORMDL2,-66.68883,-3.8350358,0.0,0.0,3.8350358
11613,AKR1C3,-63.825424,-3.8326933,0.0,0.0,3.8326933
1115,LINC01426,66.90552,3.8326147,0.0,0.0,3.8326147
2613,GFOD1,66.53211,3.832336,0.0,0.0,3.832336
14068,RHPN1-AS1,-66.60159,-3.8322546,0.0,0.0,3.8322546
10,CROCC,67.1455,3.8318262,0.0,0.0,3.8318262
11856,ACKR2,-64.78449,-3.8315606,0.0,0.0,3.8315606
2383,PLIN5,66.61316,3.8303566,0.0,0.0,3.8303566
11841,ADAM20,-64.73182,-3.8296773,0.0,0.0,3.8296773
2598,DLL4,66.53712,3.8277378,0.0,0.0,3.8277378
1210,TOX2,66.88865,3.8274693,0.0,0.0,3.8274693
2017,LRRC36,66.725006,3.8270993,0.0,0.0,3.8270993
1460,SESN1,66.83979,3.8267345,0.0,0.0,3.8267345
13342,CDKN2D,-66.422676,-3.8265846,0.0,0.0,3.8265846
3296,TLL1,65.95595,3.8255484,0.0,0.0,3.8255484
14218,MRPL52,-66.6405,-3.8252728,0.0,0.0,3.8252728
1952,ZBTB44-DT,66.73576,3.8246686,0.0,0.0,3.8246686
2734,IL1R2,66.46772,3.8241522,0.0,0.0,3.8241522
2348,CHODL,66.62144,3.8241003,0.0,0.0,3.8241003
2656,MPP7-DT,66.50558,3.8226097,0.0,0.0,3.8226097
2528,TRAPPC9,66.562614,3.8218377,0.0,0.0,3.8218377
1750,RNASEH2B-AS1,66.78126,3.82154,0.0,0.0,3.82154
2032,SLC26A4,66.71951,3.8203273,0.0,0.0,3.8203273
13615,AGRN,-66.4916,-3.820203,0.0,0.0,3.820203
811,MYH15,66.96258,3.8194575,0.0,0.0,3.8194575
5014,TNFRSF11B,58.72196,3.8192554,0.0,0.0,3.8192554
13852,LRRC59,-66.55122,-3.8190148,0.0,0.0,3.8190148
1630,ARSG,66.80461,3.8188148,0.0,0.0,3.8188148
3391,HPSE,65.80974,3.8169885,0.0,0.0,3.8169885
12307,B3GNT4,-65.836914,-3.8165917,0.0,0.0,3.8165917
12999,SMIM15,-66.33001,-3.815167,0.0,0.0,3.815167
1553,LONRF2,66.821266,3.8149898,0.0,0.0,3.8149898
13773,JPT1,-66.53183,-3.8146155,0.0,0.0,3.8146155
2078,DIPK1A,66.710236,3.8145838,0.0,0.0,3.8145838
1285,VPS13B,66.87678,3.8144677,0.0,0.0,3.8144677
14681,NDUFA2,-66.85398,-3.8139834,0.0,0.0,3.8139834
14531,HSPH1,-66.764595,-3.813405,0.0,0.0,3.813405
11129,C7,-60.230434,-3.8117855,0.0,0.0,3.8117855
3078,CCDC42,66.24154,3.810679,0.0,0.0,3.810679
13046,NXT2,-66.34907,-3.8103254,0.0,0.0,3.8103254
2015,SCFD2,66.725365,3.8099854,0.0,0.0,3.8099854
2683,PLCXD3,66.494316,3.8079448,0.0,0.0,3.8079448
13903,GABARAPL2,-66.56236,-3.8045914,0.0,0.0,3.8045914
10628,BMP4,-54.1072,-3.8045905,0.0,0.0,3.8045905
4902,FOSL1,59.566296,3.803305,0.0,0.0,3.803305
799,PPFIBP2,66.96549,3.8027174,0.0,0.0,3.8027174
855,TTYH2,66.9529,3.8024604,0.0,0.0,3.8024604
10008,RGS4,-42.417427,-3.8014054,0.0,0.0,3.8014054
13787,NDUFB11,-66.535416,-3.8013163,0.0,0.0,3.8013163
12650,HSPA8,-66.19954,-3.8010972,0.0,0.0,3.8010972
14634,MTHFS,-66.82199,-3.800951,0.0,0.0,3.800951
12460,PCDHGB4,-66.0278,-3.800762,0.0,0.0,3.800762
1981,SEMA4B,66.73128,3.8002555,0.0,0.0,3.8002555
1948,TSGA13,66.73695,3.799636,0.0,0.0,3.799636
1597,ELMOD1,66.81197,3.7993112,0.0,0.0,3.7993112
4020,HBA1,64.32281,3.798567,0.0,0.0,3.798567
458,EIF2AK3,67.02928,3.798146,0.0,0.0,3.798146
2235,ADGRD1,66.660416,3.7972405,0.0,0.0,3.7972405
929,CHST11,66.94028,3.7965946,0.0,0.0,3.7965946
10559,FLT1,-52.995224,-3.7958841,0.0,0.0,3.7958841
13532,COX6C,-66.47217,-3.793983,0.0,0.0,3.793983
3769,RGS7BP,65.01508,3.7939758,0.0,0.0,3.7939758
12288,SH3BGR,-65.81341,-3.7918146,0.0,0.0,3.7918146
10270,S100A10,-47.892845,-3.7917006,0.0,0.0,3.7917006
14500,CENPX,-66.74802,-3.7915013,0.0,0.0,3.7915013
2394,KDM2B-DT,66.60938,3.7912984,0.0,0.0,3.7912984
690,SPAAR,66.987465,3.791219,0.0,0.0,3.791219
14188,GPR27,-66.634155,-3.788888,0.0,0.0,3.788888
947,UNC13D,66.93653,3.787509,0.0,0.0,3.787509
136,CNIH3,67.10104,3.7872846,0.0,0.0,3.7872846
12168,TRPC3,-65.59416,-3.7870452,0.0,0.0,3.7870452
1099,MBD5,66.90893,3.7868578,0.0,0.0,3.7868578
320,FAM53A,67.05729,3.786685,0.0,0.0,3.786685
8696,LINC02656,-9.306549,-3.7862487,1.320535428618286e-20,1.3861462907380423e-20,3.7862487
2781,ASB16,66.44016,3.7835193,0.0,0.0,3.7835193
2650,ADCY9,66.50773,3.7829542,0.0,0.0,3.7829542
12810,CHD3,-66.27068,-3.7829475,0.0,0.0,3.7829475
12464,PGF,-66.030205,-3.7828023,0.0,0.0,3.7828023
13828,ZFP36L2,-66.54329,-3.7827516,0.0,0.0,3.7827516
13254,FGF13-AS1,-66.40245,-3.7823641,0.0,0.0,3.7823641
10730,EGR1,-55.56077,-3.78166,0.0,0.0,3.78166
14160,SAP30,-66.62554,-3.7800844,0.0,0.0,3.7800844
2479,ADHFE1,66.57755,3.7799973,0.0,0.0,3.7799973
2089,GABRG1,66.7079,3.779576,0.0,0.0,3.779576
2616,ACYP2,66.52935,3.77925,0.0,0.0,3.77925
2432,UNC13A,66.593285,3.7790658,0.0,0.0,3.7790658
2661,ITPRIP,66.50444,3.7788157,0.0,0.0,3.7788157
1085,EDARADD,66.91105,3.77873,0.0,0.0,3.77873
1069,F3,66.91329,3.7786098,0.0,0.0,3.7786098
9891,GDF10,-39.79724,-3.7782228,0.0,0.0,3.7782228
1788,MISP,66.77434,3.7776375,0.0,0.0,3.7776375
1389,SERPINB8,66.85655,3.777289,0.0,0.0,3.777289
13303,RSL24D1,-66.41396,-3.775042,0.0,0.0,3.775042
3452,PRRX1,65.70301,3.7746377,0.0,0.0,3.7746377
14607,TMEM203,-66.807945,-3.7705467,0.0,0.0,3.7705467
3160,EPHA4,66.143555,3.770168,0.0,0.0,3.770168
13508,ZNF468,-66.46667,-3.7700832,0.0,0.0,3.7700832
13804,NUDT15,-66.53883,-3.7686305,0.0,0.0,3.7686305
3097,RGMA,66.2204,3.7676423,0.0,0.0,3.7676423
12749,PDIA4,-66.24666,-3.7675896,0.0,0.0,3.7675896
14804,NDUFS6,-66.98381,-3.7666519,0.0,0.0,3.7666519
12915,PHF19,-66.30454,-3.766496,0.0,0.0,3.766496
1726,SHISAL2A,66.785736,3.765288,0.0,0.0,3.765288
1980,CLEC16A,66.73144,3.7650945,0.0,0.0,3.7650945
14514,B3GALT6,-66.75306,-3.761644,0.0,0.0,3.761644
1625,SIPA1L3,66.8051,3.7616372,0.0,0.0,3.7616372
12799,SNAI1,-66.2653,-3.760499,0.0,0.0,3.760499
13512,RNF181,-66.46742,-3.7600048,0.0,0.0,3.7600048
714,GJB7,66.984276,3.7594838,0.0,0.0,3.7594838
848,CDKAL1,66.95466,3.7578456,0.0,0.0,3.7578456
422,FTX,67.03709,3.7552798,0.0,0.0,3.7552798
2645,DCDC2,66.51483,3.7545893,0.0,0.0,3.7545893
14702,PYGL,-66.86665,-3.751245,0.0,0.0,3.751245
13078,KDELR1,-66.35732,-3.7506664,0.0,0.0,3.7506664
3447,CA7,65.72025,3.7495759,0.0,0.0,3.7495759
3244,CFAP45,66.043915,3.748496,0.0,0.0,3.748496
1576,FARS2,66.81619,3.74786,0.0,0.0,3.74786
583,DND1,67.00821,3.7475295,0.0,0.0,3.7475295
1112,CYYR1-AS1,66.90726,3.7473242,0.0,0.0,3.7473242
2910,PSD4,66.364075,3.7457595,0.0,0.0,3.7457595
13470,VIM-AS1,-66.45717,-3.7449746,0.0,0.0,3.7449746
14649,PCBP1,-66.83014,-3.7447531,0.0,0.0,3.7447531
3559,RSPO2,65.44742,3.7429025,0.0,0.0,3.7429025
13610,GADD45A,-66.49103,-3.7428536,0.0,0.0,3.7428536
12232,STAR,-65.71448,-3.7427237,0.0,0.0,3.7427237
14585,MGAT2,-66.79459,-3.742328,0.0,0.0,3.742328
664,CYS1,66.99226,3.7417774,0.0,0.0,3.7417774
11641,IGF2-AS,-63.963352,-3.7396176,0.0,0.0,3.7396176
3143,RIMS1,66.1647,3.7395937,0.0,0.0,3.7395937
955,TBXA2R,66.93456,3.7390587,0.0,0.0,3.7390587
1131,OVCH1-AS1,66.90229,3.7388983,0.0,0.0,3.7388983
14570,EIF4EBP1,-66.78918,-3.738208,0.0,0.0,3.738208
13150,ATOX1,-66.37702,-3.7366917,0.0,0.0,3.7366917
1350,ADGRE5,66.8646,3.7344096,0.0,0.0,3.7344096
1426,CLIP4,66.848114,3.7338789,0.0,0.0,3.7338789
3473,FUT9,65.651085,3.7338688,0.0,0.0,3.7338688
2112,IMPG2,66.69977,3.7335665,0.0,0.0,3.7335665
3530,ADAM19,65.496254,3.7310371,0.0,0.0,3.7310371
1178,EOGT,66.89471,3.730292,0.0,0.0,3.730292
1413,LINC01572,66.851685,3.7286541,0.0,0.0,3.7286541
12363,CDH11,-65.9,-3.728541,0.0,0.0,3.728541
3735,FOSL2,65.09292,3.727341,0.0,0.0,3.727341
14714,LAP3,-66.8826,-3.7272465,0.0,0.0,3.7272465
1832,MSANTD1,66.76272,3.726445,0.0,0.0,3.726445
1102,KLHL29,66.908585,3.7249866,0.0,0.0,3.7249866
12140,SPP1,-65.54355,-3.7248716,0.0,0.0,3.7248716
1286,NRIP2,66.87675,3.7244217,0.0,0.0,3.7244217
1732,TNS2,66.784164,3.7243829,0.0,0.0,3.7243829
3866,SLC5A1,64.79532,3.7239532,0.0,0.0,3.7239532
2154,PTPRR,66.68737,3.7237835,0.0,0.0,3.7237835
11958,GHET1,-65.09586,-3.723149,0.0,0.0,3.723149
13387,PALM,-66.4362,-3.72285,0.0,0.0,3.72285
12495,PRR7,-66.06551,-3.7215915,0.0,0.0,3.7215915
516,MFSD2B,67.01963,3.7201993,0.0,0.0,3.7201993
3405,EDN2,65.78882,3.7190413,0.0,0.0,3.7190413
2565,MIR378D2HG,66.55027,3.7183933,0.0,0.0,3.7183933
2842,PHACTR1,66.40604,3.718292,0.0,0.0,3.718292
13111,BZW1,-66.36685,-3.7180557,0.0,0.0,3.7180557
1903,KCNQ4,66.74642,3.7170966,0.0,0.0,3.7170966
6227,CRYBB2,45.202198,3.7169147,0.0,0.0,3.7169147
10434,HEY2,-51.03474,-3.7162852,0.0,0.0,3.7162852
1754,FCHSD2,66.78085,3.7143571,0.0,0.0,3.7143571
12693,EPHB4,-66.22322,-3.713683,0.0,0.0,3.713683
14124,COX7C,-66.61642,-3.7120378,0.0,0.0,3.7120378
1915,GIPR,66.74366,3.7118793,0.0,0.0,3.7118793
2590,LINC00880,66.538086,3.711853,0.0,0.0,3.711853
732,RAD52,66.979385,3.7109268,0.0,0.0,3.7109268
14361,ERVK3-1,-66.685425,-3.7105765,0.0,0.0,3.7105765
726,RAPGEFL1,66.981064,3.7099233,0.0,0.0,3.7099233
14320,RPS19BP1,-66.67052,-3.7095566,0.0,0.0,3.7095566
3385,KLK5,65.81981,3.709126,0.0,0.0,3.709126
12665,MEIS3,-66.20963,-3.7080905,0.0,0.0,3.7080905
13271,ZFAS1,-66.40704,-3.7080634,0.0,0.0,3.7080634
910,PDZD7,66.94278,3.7074757,0.0,0.0,3.7074757
2657,GHR,66.50547,3.7070718,0.0,0.0,3.7070718
1900,ARID5B,66.747765,3.706797,0.0,0.0,3.706797
2972,PPARGC1B,66.332985,3.706418,0.0,0.0,3.706418
2888,EMX2OS,66.37689,3.7063308,0.0,0.0,3.7063308
2989,ALPL,66.316345,3.7060742,0.0,0.0,3.7060742
1370,ROR2,66.85947,3.7048135,0.0,0.0,3.7048135
14174,LSM4,-66.63084,-3.704699,0.0,0.0,3.704699
3800,NPR3,64.93524,3.703461,0.0,0.0,3.703461
3556,GALP,65.45389,3.7029471,0.0,0.0,3.7029471
1080,GNG7,66.91142,3.7028239,0.0,0.0,3.7028239
832,RNF217-AS1,66.95795,3.7020853,0.0,0.0,3.7020853
1679,ZBTB7C,66.79662,3.7005138,0.0,0.0,3.7005138
11993,CNN1,-65.1996,-3.6986046,0.0,0.0,3.6986046
13909,BEX2,-66.56358,-3.6982334,0.0,0.0,3.6982334
8048,NDC80,7.8820977,-3.6979036,3.2193046573970497e-15,3.35338582482481e-15,3.6979036
2941,MIR4435-2HG,66.34785,3.696878,0.0,0.0,3.696878
1470,TMEM202-AS1,66.83712,3.6961782,0.0,0.0,3.6961782
2427,TTN-AS1,66.59501,3.6955996,0.0,0.0,3.6955996
2018,FALEC,66.72491,3.695443,0.0,0.0,3.695443
10307,EDN1,-48.709618,-3.6953175,0.0,0.0,3.6953175
812,FBXL20,66.96249,3.695106,0.0,0.0,3.695106
13737,MRPL51,-66.51945,-3.6944387,0.0,0.0,3.6944387
2021,P4HA3,66.7242,3.694172,0.0,0.0,3.694172
12666,TMEM258,-66.20975,-3.6938717,0.0,0.0,3.6938717
699,DENND1A,66.98641,3.6933744,0.0,0.0,3.6933744
13822,UQCR10,-66.542,-3.6918504,0.0,0.0,3.6918504
3148,CKMT2,66.15438,3.6904764,0.0,0.0,3.6904764
3874,NR2F1,64.77462,3.6903157,0.0,0.0,3.6903157
13827,MORN2,-66.54281,-3.6879988,0.0,0.0,3.6879988
2254,RALGPS1,66.65665,3.6877725,0.0,0.0,3.6877725
12282,BTN3A1,-65.8066,-3.686314,0.0,0.0,3.686314
13451,SRSF1,-66.45284,-3.6859252,0.0,0.0,3.6859252
2071,PLCE1-AS2,66.711876,3.6855617,0.0,0.0,3.6855617
367,PIGB,67.04649,3.685279,0.0,0.0,3.685279
4262,PDZRN4,63.371777,3.6847994,0.0,0.0,3.6847994
2158,FTCDNL1,66.685776,3.6843956,0.0,0.0,3.6843956
14127,KHK,-66.61731,-3.6837513,0.0,0.0,3.6837513
12233,B3GALT1,-65.7165,-3.683042,0.0,0.0,3.683042
1395,DPH1,66.85535,3.682673,0.0,0.0,3.682673
14680,PCYT2,-66.85163,-3.6821973,0.0,0.0,3.6821973
12722,PLSCR1,-66.23806,-3.6815615,0.0,0.0,3.6815615
8,GMDS,67.14696,3.6810968,0.0,0.0,3.6810968
2436,ARHGAP26,66.59134,3.6807563,0.0,0.0,3.6807563
1827,COBL,66.76302,3.6805942,0.0,0.0,3.6805942
2452,ABHD2,66.58704,3.6805468,0.0,0.0,3.6805468
744,MPZL3,66.97828,3.678797,0.0,0.0,3.678797
14775,PPIC,-66.944016,-3.6766276,0.0,0.0,3.6766276
2784,KCNJ2-AS1,66.43941,3.6762447,0.0,0.0,3.6762447
9746,FGF5,-36.029507,-3.675948,2.8879159226104884e-284,3.6168452160307515e-284,3.675948
1835,KCTD1,66.76189,3.6744254,0.0,0.0,3.6744254
12268,ZNF23,-65.78654,-3.6726758,0.0,0.0,3.6726758
13874,QPRT,-66.55708,-3.6719813,0.0,0.0,3.6719813
1872,BABAM2,66.75474,3.6713164,0.0,0.0,3.6713164
3277,RNF175,65.98875,3.6711724,0.0,0.0,3.6711724
769,TYW1B,66.97162,3.6707997,0.0,0.0,3.6707997
1549,TMCC1,66.822426,3.6702745,0.0,0.0,3.6702745
10089,CD2BP2-DT,-44.23845,-3.6700447,0.0,0.0,3.6700447
1717,SHLD1,66.78737,3.6695027,0.0,0.0,3.6695027
14093,C1QL1,-66.60729,-3.6691792,0.0,0.0,3.6691792
11948,PREX2,-65.07736,-3.6688654,0.0,0.0,3.6688654
12909,ODC1,-66.30282,-3.6687984,0.0,0.0,3.6687984
1961,LINC01829,66.73447,3.6686363,0.0,0.0,3.6686363
1405,PCSK6,66.85334,3.66853,0.0,0.0,3.66853
12219,UBB,-65.703606,-3.6682842,0.0,0.0,3.6682842
760,LIPH,66.972946,3.6677084,0.0,0.0,3.6677084
14448,NUTF2,-66.725204,-3.6659293,0.0,0.0,3.6659293
14606,LINC01816,-66.8067,-3.6653066,0.0,0.0,3.6653066
2646,LRRC3B,66.5144,3.6642258,0.0,0.0,3.6642258
3291,PLPP7,65.96926,3.6609719,0.0,0.0,3.6609719
1298,CAGE1,66.87477,3.660577,0.0,0.0,3.660577
12649,SOX4,-66.198685,-3.6587636,0.0,0.0,3.6587636
924,NBPF12,66.94083,3.6584125,0.0,0.0,3.6584125
13353,PRR13,-66.42406,-3.6583211,0.0,0.0,3.6583211
2668,ME1,66.501236,3.6580927,0.0,0.0,3.6580927
651,PCLO,66.996216,3.6571212,0.0,0.0,3.6571212
3123,PRR15L,66.189575,3.6557248,0.0,0.0,3.6557248
2080,BEAN1,66.70958,3.655655,0.0,0.0,3.655655
14179,STOML2,-66.63156,-3.6548433,0.0,0.0,3.6548433
14573,SNRNP25,-66.790474,-3.6537771,0.0,0.0,3.6537771
13366,APRT,-66.42919,-3.6532123,0.0,0.0,3.6532123
5192,RAPGEF3,57.287045,3.653014,0.0,0.0,3.653014
13817,GPX8,-66.54088,-3.650847,0.0,0.0,3.650847
539,TRIM4,67.016685,3.6503296,0.0,0.0,3.6503296
3306,TMEM130,65.93804,3.6494431,0.0,0.0,3.6494431
1018,POU6F1,66.92326,3.6493435,0.0,0.0,3.6493435
1524,ZSWIM5,66.826614,3.6493196,0.0,0.0,3.6493196
2057,PIWIL4,66.714134,3.6492114,0.0,0.0,3.6492114
13954,YWHAB,-66.5767,-3.6490028,0.0,0.0,3.6490028
12757,TRAF4,-66.25002,-3.6487875,0.0,0.0,3.6487875
631,SLC45A4,66.99897,3.6475081,0.0,0.0,3.6475081
502,GHRL,67.02214,3.6467094,0.0,0.0,3.6467094
14259,SSBP4,-66.65396,-3.645173,0.0,0.0,3.645173
2359,CIDEA,66.6188,3.6449494,0.0,0.0,3.6449494
1204,EFHC2,66.89091,3.6443527,0.0,0.0,3.6443527
130,SLC10A7,67.10246,3.6437678,0.0,0.0,3.6437678
1876,KCNH8,66.75432,3.6433325,0.0,0.0,3.6433325
13830,EIF3I,-66.54368,-3.6427975,0.0,0.0,3.6427975
13398,MSANTD3,-66.438675,-3.6401482,0.0,0.0,3.6401482
4186,KYNU,63.66534,3.639328,0.0,0.0,3.639328
12755,LRRC4,-66.24915,-3.6392508,0.0,0.0,3.6392508
12630,LINC01140,-66.189705,-3.6389353,0.0,0.0,3.6389353
2637,ZDHHC14,66.517914,3.6385758,0.0,0.0,3.6385758
12077,HELLS,-65.41263,-3.6380315,0.0,0.0,3.6380315
2356,XKRX,66.61913,3.6363616,0.0,0.0,3.6363616
2067,USP31,66.71268,3.6359754,0.0,0.0,3.6359754
12902,SHC1,-66.30026,-3.6356914,0.0,0.0,3.6356914
9796,RBP7,-37.570324,-3.635286,6.56352833074042e-309,8.29798727075366e-309,3.635286
12420,NBL1,-65.97438,-3.6346424,0.0,0.0,3.6346424
12340,ADGRB2,-65.87776,-3.6345894,0.0,0.0,3.6345894
1879,BICRAL,66.75409,3.634355,0.0,0.0,3.634355
13076,OCIAD2,-66.356926,-3.631809,0.0,0.0,3.631809
11899,PRDX1,-64.93627,-3.6310055,0.0,0.0,3.6310055
12564,CD63,-66.14345,-3.6306963,0.0,0.0,3.6306963
1709,SFTPD,66.78966,3.630592,0.0,0.0,3.630592
1729,TMCO1-AS1,66.78507,3.6283722,0.0,0.0,3.6283722
4160,DOCK4-AS1,63.767418,3.6283295,0.0,0.0,3.6283295
1895,SLC22A5,66.74882,3.6268907,0.0,0.0,3.6268907
3716,CYTIP,65.14142,3.6258202,0.0,0.0,3.6258202
13785,TRIAP1,-66.535034,-3.6250455,0.0,0.0,3.6250455
3178,CNGA1,66.10966,3.6245823,0.0,0.0,3.6245823
1001,FNDC1,66.926735,3.623989,0.0,0.0,3.623989
2977,LINC02454,66.33153,3.6239223,0.0,0.0,3.6239223
4231,TFF3,63.488834,3.623922,0.0,0.0,3.623922
13812,TRAPPC6A,-66.539986,-3.623417,0.0,0.0,3.623417
2297,ACOT1,66.64134,3.6227531,0.0,0.0,3.6227531
3350,MME,65.87442,3.6226134,0.0,0.0,3.6226134
3223,INHBB,66.0634,3.6225467,0.0,0.0,3.6225467
147,SLC9B1,67.098976,3.6221025,0.0,0.0,3.6221025
13429,CCDC167,-66.44738,-3.6193075,0.0,0.0,3.6193075
14590,CCT2,-66.7968,-3.6180227,0.0,0.0,3.6180227
1328,CLEC2D,66.86927,3.6175663,0.0,0.0,3.6175663
1690,ERAP1,66.79395,3.6170907,0.0,0.0,3.6170907
2802,SCN5A,66.43163,3.6165304,0.0,0.0,3.6165304
11039,DDIT4,-59.27491,-3.616027,0.0,0.0,3.616027
2353,MIR193BHG,66.62023,3.615174,0.0,0.0,3.615174
1999,SLC12A8,66.72796,3.6148052,0.0,0.0,3.6148052
12438,FLT3LG,-65.99965,-3.614467,0.0,0.0,3.614467
12344,POLR2L,-65.883865,-3.6139224,0.0,0.0,3.6139224
505,C11orf65,67.021645,3.6134005,0.0,0.0,3.6134005
2237,KCNA2,66.660065,3.6123111,0.0,0.0,3.6123111
1546,MFSD6,66.8235,3.6105049,0.0,0.0,3.6105049
13296,DCTN3,-66.413025,-3.6103308,0.0,0.0,3.6103308
1888,TEX22,66.75164,3.6099496,0.0,0.0,3.6099496
4496,NGF,62.246033,3.6088283,0.0,0.0,3.6088283
3221,CACNG4,66.0647,3.6085672,0.0,0.0,3.6085672
14436,C1QBP,-66.71854,-3.6079402,0.0,0.0,3.6079402
14509,NPM3,-66.751076,-3.607911,0.0,0.0,3.607911
1997,EML6,66.72876,3.6072655,0.0,0.0,3.6072655
14410,MCM3,-66.709564,-3.607141,0.0,0.0,3.607141
2082,EXOC3L2,66.70889,3.604725,0.0,0.0,3.604725
1742,SPAG1,66.78224,3.6044533,0.0,0.0,3.6044533
1774,MAP2K5,66.77629,3.6021035,0.0,0.0,3.6021035
11278,RXRG,-61.68655,-3.6017575,0.0,0.0,3.6017575
12386,SEC11C,-65.92127,-3.6005602,0.0,0.0,3.6005602
3181,RASL11A,66.10586,3.6000404,0.0,0.0,3.6000404
2864,SMIM5,66.3922,3.5999172,0.0,0.0,3.5999172
14328,ECHS1,-66.67363,-3.5997002,0.0,0.0,3.5997002
4042,EFCAB12,64.24588,3.5984478,0.0,0.0,3.5984478
14377,TMEM18,-66.693665,-3.598364,0.0,0.0,3.598364
3773,DES,65.0063,3.5981932,0.0,0.0,3.5981932
2020,NHSL1,66.72443,3.597327,0.0,0.0,3.597327
2870,LINC01088,66.389824,3.5955226,0.0,0.0,3.5955226
5061,KCP,58.403122,3.5954208,0.0,0.0,3.5954208
282,APC2,67.06573,3.5931337,0.0,0.0,3.5931337
11709,MCM5,-64.21679,-3.5927668,0.0,0.0,3.5927668
1962,DDX60L,66.73443,3.5923357,0.0,0.0,3.5923357
10875,LYPD1,-57.345238,-3.591888,0.0,0.0,3.591888
14255,DCTPP1,-66.652374,-3.591861,0.0,0.0,3.591861
470,NFAM1,67.027306,3.5902896,0.0,0.0,3.5902896
2456,ARHGEF10L,66.584656,3.5901282,0.0,0.0,3.5901282
1921,CD109,66.7428,3.5877798,0.0,0.0,3.5877798
512,ZNF385C,67.02036,3.5869496,0.0,0.0,3.5869496
2792,PLXNC1,66.437874,3.586035,0.0,0.0,3.586035
824,GACAT2,66.9595,3.5858414,0.0,0.0,3.5858414
11914,CLIC3,-64.9874,-3.5856798,0.0,0.0,3.5856798
2692,JAZF1,66.490074,3.5846899,0.0,0.0,3.5846899
13440,LEF1,-66.449814,-3.582279,0.0,0.0,3.582279
1437,HSD17B6,66.84526,3.5814426,0.0,0.0,3.5814426
12834,WFDC2,-66.28075,-3.5810869,0.0,0.0,3.5810869
3278,SLC6A12,65.98789,3.5810575,0.0,0.0,3.5810575
13025,PWP2,-66.34159,-3.580958,0.0,0.0,3.580958
11998,SRCAP,-65.210724,-3.5805507,0.0,0.0,3.5805507
372,SLC38A9,67.04624,3.580331,0.0,0.0,3.580331
3135,CLDN2,66.17631,3.5799544,0.0,0.0,3.5799544
1911,RYR3,66.74499,3.5792532,0.0,0.0,3.5792532
11447,PDGFD,-62.88915,-3.5780656,0.0,0.0,3.5780656
12134,PAPSS2,-65.535866,-3.577096,0.0,0.0,3.577096
936,TANGO6,66.93906,3.577033,0.0,0.0,3.577033
14497,CCT7,-66.74475,-3.5768502,0.0,0.0,3.5768502
2396,CECR3,66.60863,3.5737667,0.0,0.0,3.5737667
13675,LINC00867,-66.5065,-3.5733337,0.0,0.0,3.5733337
12828,TRIM21,-66.27655,-3.5726812,0.0,0.0,3.5726812
3250,SLC44A5,66.03795,3.572254,0.0,0.0,3.572254
4521,CA8,62.165577,3.5719466,0.0,0.0,3.5719466
2775,SMTN,66.4439,3.570967,0.0,0.0,3.570967
2756,MAP3K5,66.45306,3.5693407,0.0,0.0,3.5693407
263,BDNF-AS,67.07079,3.5678623,0.0,0.0,3.5678623
2898,SLC16A4,66.37336,3.567554,0.0,0.0,3.567554
12750,CD81,-66.24691,-3.5675304,0.0,0.0,3.5675304
13232,IK,-66.398155,-3.567109,0.0,0.0,3.567109
3104,TPCN1,66.21406,3.5659513,0.0,0.0,3.5659513
2448,NEXN-AS1,66.58857,3.565629,0.0,0.0,3.565629
2935,ADCY2,66.35131,3.5655625,0.0,0.0,3.5655625
656,ARMH1,66.99415,3.5654786,0.0,0.0,3.5654786
1163,LINC01504,66.897,3.5652568,0.0,0.0,3.5652568
2258,GPR135,66.655655,3.564744,0.0,0.0,3.564744
13814,DHCR7,-66.54029,-3.564485,0.0,0.0,3.564485
13799,GNAQ,-66.53821,-3.5631297,0.0,0.0,3.5631297
1942,SLC8A2,66.73824,3.5629177,0.0,0.0,3.5629177
3730,CHST8,65.11482,3.5628748,0.0,0.0,3.5628748
9411,MT3,-27.9889,-3.5624075,2.2177931796865912e-172,2.610897812980777e-172,3.5624075
2581,AFF3,66.54258,3.5609508,0.0,0.0,3.5609508
2167,ENPEP,66.683655,3.5607772,0.0,0.0,3.5607772
13347,ATP5MC2,-66.423454,-3.560523,0.0,0.0,3.560523
14063,CDC25A,-66.60091,-3.5602462,0.0,0.0,3.5602462
1487,C16orf96,66.83347,3.55873,0.0,0.0,3.55873
12663,HIC1,-66.205345,-3.558467,0.0,0.0,3.558467
13805,CENPB,-66.53904,-3.557335,0.0,0.0,3.557335
2854,TDRD1,66.397995,3.5565002,0.0,0.0,3.5565002
1475,CACNA2D1,66.83668,3.555559,0.0,0.0,3.555559
3307,WNK2,65.93761,3.5554652,0.0,0.0,3.5554652
2800,CCDC27,66.432335,3.5551665,0.0,0.0,3.5551665
11804,ENC1,-64.62906,-3.5548115,0.0,0.0,3.5548115
14415,FZD8,-66.71204,-3.5538766,0.0,0.0,3.5538766
12954,GGN,-66.315315,-3.553475,0.0,0.0,3.553475
3741,ARSJ,65.07831,3.5526261,0.0,0.0,3.5526261
798,TRIM45,66.96569,3.5520473,0.0,0.0,3.5520473
833,SYT17,66.957726,3.5512319,0.0,0.0,3.5512319
14620,PARP1,-66.815674,-3.549723,0.0,0.0,3.549723
2611,DNM1P35,66.53234,3.5496075,0.0,0.0,3.5496075
12724,EPS8L1,-66.238205,-3.5487893,0.0,0.0,3.5487893
3416,CTNNA2,65.77076,3.5483243,0.0,0.0,3.5483243
3021,NCALD,66.29502,3.5468855,0.0,0.0,3.5468855
344,C12orf60,67.05144,3.5466118,0.0,0.0,3.5466118
13233,BDH2,-66.3982,-3.5430727,0.0,0.0,3.5430727
10704,CT66,-55.17516,-3.541081,0.0,0.0,3.541081
613,SLC44A3,67.00194,3.54084,0.0,0.0,3.54084
12803,ST3GAL5,-66.267494,-3.5405326,0.0,0.0,3.5405326
1563,AK9,66.81887,3.5405302,0.0,0.0,3.5405302
2050,SERHL2,66.716064,3.5403,0.0,0.0,3.5403
1299,PLCE1,66.87472,3.539944,0.0,0.0,3.539944
2672,MAST2,66.499535,3.539677,0.0,0.0,3.539677
14029,EEF2,-66.59325,-3.5393903,0.0,0.0,3.5393903
148,EXOC4,67.09894,3.538172,0.0,0.0,3.538172
14274,WNT5A,-66.65814,-3.5381331,0.0,0.0,3.5381331
2439,PAXIP1-AS2,66.59003,3.5375197,0.0,0.0,3.5375197
3173,P2RY6,66.123436,3.5374017,0.0,0.0,3.5374017
1688,ABCB9,66.794624,3.5364501,0.0,0.0,3.5364501
13682,IGF2BP3,-66.50769,-3.5349927,0.0,0.0,3.5349927
13783,PJA1,-66.53462,-3.534477,0.0,0.0,3.534477
1037,PTPDC1,66.9199,3.5320532,0.0,0.0,3.5320532
595,SLC2A14,67.00452,3.531367,0.0,0.0,3.531367
13502,RBM15B,-66.46534,-3.5305347,0.0,0.0,3.5305347
1698,RPTOR,66.79246,3.529913,0.0,0.0,3.529913
336,ZNF563,67.053215,3.5288422,0.0,0.0,3.5288422
14541,DNAJA1,-66.77018,-3.527441,0.0,0.0,3.527441
1771,WDR37,66.77822,3.526181,0.0,0.0,3.526181
2608,CYP7B1,66.53262,3.5258179,0.0,0.0,3.5258179
14300,SUMO3,-66.66557,-3.5251944,0.0,0.0,3.5251944
2704,GLRB,66.484,3.5249753,0.0,0.0,3.5249753
14449,TAF6,-66.72598,-3.5219412,0.0,0.0,3.5219412
14162,NCS1,-66.627,-3.5217497,0.0,0.0,3.5217497
3327,FAP,65.90556,3.5217102,0.0,0.0,3.5217102
1792,ABCA5,66.7733,3.5206516,0.0,0.0,3.5206516
2279,HGD,66.6468,3.520435,0.0,0.0,3.520435
14002,CALM3,-66.58575,-3.5204215,0.0,0.0,3.5204215
14457,ISOC2,-66.72873,-3.5192354,0.0,0.0,3.5192354
13976,GNB2,-66.581055,-3.5189428,0.0,0.0,3.5189428
1195,NDOR1,66.89233,3.5187955,0.0,0.0,3.5187955
70,SEC22A,67.11948,3.5182524,0.0,0.0,3.5182524
14163,PPA1,-66.627495,-3.5181322,0.0,0.0,3.5181322
2478,OPRD1,66.577576,3.5171635,0.0,0.0,3.5171635
13649,SAP18,-66.499535,-3.5165057,0.0,0.0,3.5165057
14394,GGCT,-66.701164,-3.5157745,0.0,0.0,3.5157745
621,SLC16A5,67.00093,3.5149784,0.0,0.0,3.5149784
12205,DHCR24,-65.671646,-3.5148509,0.0,0.0,3.5148509
12262,UCHL1,-65.774765,-3.5147047,0.0,0.0,3.5147047
11974,KIF18A,-65.157295,-3.5145445,0.0,0.0,3.5145445
3478,MOGAT3,65.63849,3.5143654,0.0,0.0,3.5143654
3264,IGSF9B,66.01081,3.5132802,0.0,0.0,3.5132802
12482,FAM89A,-66.04557,-3.5131886,0.0,0.0,3.5131886
1890,RUBCN,66.751114,3.5127423,0.0,0.0,3.5127423
2619,RFLNA,66.52847,3.5123858,0.0,0.0,3.5123858
11692,EDA2R,-64.155975,-3.511416,0.0,0.0,3.511416
2726,FA2H,66.47417,3.5111036,0.0,0.0,3.5111036
11728,LINC01116,-64.312195,-3.50876,0.0,0.0,3.50876
14569,B3GNT8,-66.78816,-3.5067735,0.0,0.0,3.5067735
1464,DHX35,66.83844,3.506533,0.0,0.0,3.506533
2694,RFPL2,66.48959,3.5053425,0.0,0.0,3.5053425
1923,SORCS2,66.742546,3.504959,0.0,0.0,3.504959
12499,FOXC1,-66.070496,-3.5034955,0.0,0.0,3.5034955
14282,PDCL3,-66.66106,-3.501088,0.0,0.0,3.501088
2094,LINC02235,66.706184,3.5005836,0.0,0.0,3.5005836
11701,FOLR1,-64.18079,-3.500166,0.0,0.0,3.500166
2930,NOL4,66.35521,3.4997466,0.0,0.0,3.4997466
11138,UNC5B-AS1,-60.31132,-3.4984467,0.0,0.0,3.4984467
14655,GHITM,-66.83706,-3.4976566,0.0,0.0,3.4976566
321,TYW1,67.057274,3.4959965,0.0,0.0,3.4959965
446,FAM110B,67.03248,3.4949796,0.0,0.0,3.4949796
2533,LINC01270,66.55877,3.4923706,0.0,0.0,3.4923706
1385,SH2B3,66.857185,3.491841,0.0,0.0,3.491841
3120,SIGLEC15,66.191185,3.4899027,0.0,0.0,3.4899027
3019,CLIC5,66.29534,3.489757,0.0,0.0,3.489757
13019,CBS,-66.340065,-3.4888918,0.0,0.0,3.4888918
3012,CCM2L,66.29983,3.4885747,0.0,0.0,3.4885747
11811,PCDHGB5,-64.64345,-3.4880853,0.0,0.0,3.4880853
1743,PIGZ,66.782074,3.4877422,0.0,0.0,3.4877422
12710,IFITM1,-66.23299,-3.487275,0.0,0.0,3.487275
13314,PSMB6,-66.416336,-3.4869342,0.0,0.0,3.4869342
88,TSNAXIP1,67.11393,3.486251,0.0,0.0,3.486251
12342,GSTO1,-65.881096,-3.4858067,0.0,0.0,3.4858067
960,GPLD1,66.93343,3.4853497,0.0,0.0,3.4853497
2640,BCO2,66.51663,3.485222,0.0,0.0,3.485222
2552,RFX4,66.55331,3.4851441,0.0,0.0,3.4851441
3001,LINC01460,66.30736,3.4848812,0.0,0.0,3.4848812
2949,TBX5,66.34426,3.483957,0.0,0.0,3.483957
2501,CRYBB1,66.57177,3.4836197,0.0,0.0,3.4836197
14688,RNF208,-66.859726,-3.4836106,0.0,0.0,3.4836106
11302,LINC01209,-61.856564,-3.483398,0.0,0.0,3.483398
3169,ITIH5,66.12843,3.4805923,0.0,0.0,3.4805923
9630,GJD2,-33.34617,-3.4802935,8.278069308277432e-244,1.0133887404957704e-243,3.4802935
2651,MPP4,66.50751,3.478887,0.0,0.0,3.478887
13537,ANP32B,-66.47303,-3.4778948,0.0,0.0,3.4778948
660,CBR4,66.993004,3.4777248,0.0,0.0,3.4777248
14693,ATP5ME,-66.86144,-3.4764366,0.0,0.0,3.4764366
2485,PPP2R2B,66.57544,3.4759324,0.0,0.0,3.4759324
14344,POLE3,-66.67901,-3.475656,0.0,0.0,3.475656
2785,ATP6V0E2-AS1,66.43902,3.4745631,0.0,0.0,3.4745631
1038,RAB40A,66.91983,3.4744937,0.0,0.0,3.4744937
1276,NFIA,66.87862,3.4738798,0.0,0.0,3.4738798
14474,TIMM13,-66.73649,-3.4736857,0.0,0.0,3.4736857
2055,LRRFIP2,66.71463,3.473227,0.0,0.0,3.473227
14231,CCDC124,-66.64352,-3.4725764,0.0,0.0,3.4725764
4481,ZFP36,62.316914,3.471791,0.0,0.0,3.471791
2956,BTBD18,66.34114,3.4711869,0.0,0.0,3.4711869
14270,SELENOK,-66.65679,-3.469491,0.0,0.0,3.469491
2009,PDE3B,66.72622,3.4668517,0.0,0.0,3.4668517
12926,GAS5-AS1,-66.30693,-3.4667826,0.0,0.0,3.4667826
13411,LAMTOR2,-66.44201,-3.46511,0.0,0.0,3.46511
13901,FAM72A,-66.56217,-3.4645529,0.0,0.0,3.4645529
1119,TMEM62,66.90392,3.464045,0.0,0.0,3.464045
13840,EIF4G2,-66.54593,-3.4630146,0.0,0.0,3.4630146
2068,TENT5A,66.712654,3.4628942,0.0,0.0,3.4628942
867,WDR17,66.950836,3.462497,0.0,0.0,3.462497
12705,FLRT3,-66.23068,-3.4611344,0.0,0.0,3.4611344
12063,SYCE1L,-65.37952,-3.4590356,0.0,0.0,3.4590356
13548,ZNF358,-66.47551,-3.458416,0.0,0.0,3.458416
1155,HSPA12A,66.898254,3.4577737,0.0,0.0,3.4577737
10864,LINC02381,-57.218666,-3.4571552,0.0,0.0,3.4571552
14114,VTI1B,-66.61288,-3.4569113,0.0,0.0,3.4569113
12425,LINC01315,-65.97788,-3.4565787,0.0,0.0,3.4565787
2156,IFNLR1,66.68706,3.4551888,0.0,0.0,3.4551888
2896,LINC00670,66.37408,3.4550252,0.0,0.0,3.4550252
540,AFG1L,67.016426,3.4538736,0.0,0.0,3.4538736
13714,DPCD,-66.51501,-3.4532082,0.0,0.0,3.4532082
2659,FAF1,66.50489,3.453193,0.0,0.0,3.453193
2709,TRHDE,66.48221,3.4530654,0.0,0.0,3.4530654
11790,CYGB,-64.56914,-3.4525468,0.0,0.0,3.4525468
14583,GLRX5,-66.79415,-3.4513996,0.0,0.0,3.4513996
3613,EREG,65.36298,3.4512205,0.0,0.0,3.4512205
13959,BCL2L2,-66.57738,-3.4512064,0.0,0.0,3.4512064
12998,KIAA1614-AS1,-66.32998,-3.4506764,0.0,0.0,3.4506764
9451,ZNF687-AS1,-29.089653,-3.4503415,4.8526052406578324e-186,5.756598010254064e-186,3.4503415
4368,UTY,62.91998,3.4493387,0.0,0.0,3.4493387
11961,NFE2,-65.11622,-3.4492834,0.0,0.0,3.4492834
1916,KLB,66.74359,3.4489226,0.0,0.0,3.4489226
14039,NDUFS5,-66.59525,-3.44859,0.0,0.0,3.44859
2075,MPRIP-AS1,66.71127,3.4483945,0.0,0.0,3.4483945
795,EFR3B,66.96655,3.44801,0.0,0.0,3.44801
216,QSOX1,67.081505,3.447332,0.0,0.0,3.447332
1169,CDC42BPA,66.89609,3.4471884,0.0,0.0,3.4471884
1766,FSIP2-AS1,66.77906,3.4451075,0.0,0.0,3.4451075
139,GNPTAB,67.10056,3.444413,0.0,0.0,3.444413
14663,SMIM3,-66.84225,-3.4443333,0.0,0.0,3.4443333
13286,HNRNPA1,-66.411896,-3.4426959,0.0,0.0,3.4426959
10842,ACAD11,-56.83981,-3.4419177,0.0,0.0,3.4419177
14557,EID1,-66.77669,-3.4404776,0.0,0.0,3.4404776
11964,ANXA2,-65.12248,-3.4398553,0.0,0.0,3.4398553
1659,SHROOM4,66.79977,3.4395266,0.0,0.0,3.4395266
2132,WDR7,66.69213,3.4393094,0.0,0.0,3.4393094
11519,AGT,-63.34897,-3.4369893,0.0,0.0,3.4369893
4458,NR4A3,62.437817,3.4363275,0.0,0.0,3.4363275
2124,CHPT1,66.69549,3.4362385,0.0,0.0,3.4362385
495,HSPBAP1,67.02344,3.4361851,0.0,0.0,3.4361851
2871,GPD1,66.3897,3.435906,0.0,0.0,3.435906
11867,KITLG,-64.82554,-3.435405,0.0,0.0,3.435405
12390,ATP6V1F,-65.92748,-3.434539,0.0,0.0,3.434539
91,FMNL2,67.112144,3.4340792,0.0,0.0,3.4340792
2945,B4GALNT3,66.346725,3.4325182,0.0,0.0,3.4325182
14314,TRIM28,-66.6687,-3.4320252,0.0,0.0,3.4320252
11906,NAP1L2,-64.96227,-3.431493,0.0,0.0,3.431493
1078,RBKS,66.911835,3.4309285,0.0,0.0,3.4309285
2606,RHOXF1-AS1,66.53339,3.4306653,0.0,0.0,3.4306653
12744,GUCY1B1,-66.24561,-3.4304085,0.0,0.0,3.4304085
2975,SPRY4-AS1,66.3319,3.4292424,0.0,0.0,3.4292424
977,CRLF3,66.93093,3.4284508,0.0,0.0,3.4284508
3168,HDHD5-AS1,66.12881,3.4278202,0.0,0.0,3.4278202
3091,NUTM2G,66.22768,3.4275658,0.0,0.0,3.4275658
3050,NANOG,66.27738,3.426925,0.0,0.0,3.426925
3516,F2RL2,65.54365,3.4265587,0.0,0.0,3.4265587
1913,CYP1B1-AS1,66.74475,3.4265213,0.0,0.0,3.4265213
12014,IRX5,-65.237175,-3.4241369,0.0,0.0,3.4241369
2859,SLC14A1,66.39506,3.4239163,0.0,0.0,3.4239163
13818,ZNF571-AS1,-66.54108,-3.422691,0.0,0.0,3.422691
2374,NIPAL2,66.615746,3.4224932,0.0,0.0,3.4224932
2437,PAM,66.59052,3.4220898,0.0,0.0,3.4220898
3766,GRIA1,65.02954,3.4214919,0.0,0.0,3.4214919
1763,ZNF41,66.7796,3.4213336,0.0,0.0,3.4213336
12711,TGFB1I1,-66.2337,-3.4206226,0.0,0.0,3.4206226
12295,GPBAR1,-65.82234,-3.4202297,0.0,0.0,3.4202297
14604,GNAS,-66.80264,-3.41978,0.0,0.0,3.41978
2801,CTCFL,66.43186,3.4191635,0.0,0.0,3.4191635
2381,SCTR,66.613785,3.41834,0.0,0.0,3.41834
3948,ADAMTS18,64.54995,3.4179163,0.0,0.0,3.4179163
13938,CCDC28B,-66.57317,-3.4169745,0.0,0.0,3.4169745
12934,SALL4,-66.30868,-3.4169514,0.0,0.0,3.4169514
971,UGDH-AS1,66.93164,3.4163625,0.0,0.0,3.4163625
2737,SLIT1,66.46654,3.4155567,0.0,0.0,3.4155567
9104,CLSPN,-20.502592,-3.4149985,2.04129280982889e-93,2.2903929234810314e-93,3.4149985
13373,CSTB,-66.432236,-3.414483,0.0,0.0,3.414483
1618,THSD1,66.80704,3.4133036,0.0,0.0,3.4133036
14542,KLF16,-66.771835,-3.4132445,0.0,0.0,3.4132445
649,TAT-AS1,66.996735,3.4127452,0.0,0.0,3.4127452
10319,KCNG1,-48.92136,-3.4126034,0.0,0.0,3.4126034
14058,AMACR,-66.598976,-3.412125,0.0,0.0,3.412125
10764,GINS2,-56.092102,-3.411949,0.0,0.0,3.411949
13153,FAM32A,-66.377846,-3.4110763,0.0,0.0,3.4110763
10050,APLNR,-43.33667,-3.4110706,0.0,0.0,3.4110706
13404,GSTZ1,-66.44038,-3.4107656,0.0,0.0,3.4107656
14725,PRMT6,-66.89499,-3.4099727,0.0,0.0,3.4099727
13656,TMPO,-66.50171,-3.4096978,0.0,0.0,3.4096978
14765,MMP15,-66.930855,-3.4096692,0.0,0.0,3.4096692
12293,MYCL,-65.821655,-3.4091928,0.0,0.0,3.4091928
945,STK32A,66.936775,3.4083433,0.0,0.0,3.4083433
1234,TAF4B,66.885284,3.4083037,0.0,0.0,3.4083037
3182,KCNE2,66.10583,3.406599,0.0,0.0,3.406599
1302,ZNF81,66.874214,3.4058714,0.0,0.0,3.4058714
13562,SLC25A1,-66.47809,-3.4051301,0.0,0.0,3.4051301
1469,LINC00624,66.83726,3.404439,0.0,0.0,3.404439
1509,MYO5C,66.82932,3.4043753,0.0,0.0,3.4043753
13899,MAGED2,-66.561775,-3.4031093,0.0,0.0,3.4031093
777,CCNT2-AS1,66.96967,3.402562,0.0,0.0,3.402562
1100,TBC1D19,66.90891,3.4022238,0.0,0.0,3.4022238
13860,SNRPD1,-66.55397,-3.4020681,0.0,0.0,3.4020681
12388,TYMP,-65.924355,-3.4018152,0.0,0.0,3.4018152
14644,MYL6,-66.82797,-3.4015472,0.0,0.0,3.4015472
3489,EDRF1-AS1,65.61076,3.4013011,0.0,0.0,3.4013011
3844,EBF1,64.84485,3.4011374,0.0,0.0,3.4011374
1593,EIF3CL,66.8129,3.4010499,0.0,0.0,3.4010499
2936,PGM5,66.3502,3.4008615,0.0,0.0,3.4008615
14614,SLC25A3,-66.81287,-3.4006498,0.0,0.0,3.4006498
2344,CCDC198,66.622505,3.4003685,0.0,0.0,3.4003685
1567,B3GAT2,66.81791,3.400118,0.0,0.0,3.400118
13759,LAMTOR5,-66.52687,-3.3994992,0.0,0.0,3.3994992
1493,AGAP5,66.83261,3.3971415,0.0,0.0,3.3971415
3401,PIWIL2,65.796364,3.3971179,0.0,0.0,3.3971179
2950,B3GALT2,66.344086,3.3968785,0.0,0.0,3.3968785
10812,MSX2,-56.573006,-3.3966477,0.0,0.0,3.3966477
2207,STARD9,66.673485,3.396446,0.0,0.0,3.396446
2807,LAMC2,66.429825,3.3957484,0.0,0.0,3.3957484
12986,PPM1M,-66.324524,-3.3937898,0.0,0.0,3.3937898
12583,ROBO3,-66.159004,-3.3934073,0.0,0.0,3.3934073
2195,TNS1,66.67644,3.392578,0.0,0.0,3.392578
3674,ADGRF4,65.21998,3.3923805,0.0,0.0,3.3923805
3126,CXCL11,66.1872,3.391824,0.0,0.0,3.391824
3287,GALNT15,65.97645,3.3911705,0.0,0.0,3.3911705
2179,RNFT1-DT,66.68057,3.3895764,0.0,0.0,3.3895764
11553,ADAP1,-63.475616,-3.389556,0.0,0.0,3.389556
2155,SYNGAP1-AS1,66.687225,3.389252,0.0,0.0,3.389252
638,JADE2,66.99838,3.3881013,0.0,0.0,3.3881013
10855,TUBB3,-57.03104,-3.3878381,0.0,0.0,3.3878381
10707,NRN1L,-55.21124,-3.3876514,0.0,0.0,3.3876514
2624,RASAL2,66.52538,3.387253,0.0,0.0,3.387253
12539,OXTR,-66.10945,-3.3871632,0.0,0.0,3.3871632
12814,CELSR3,-66.27171,-3.3862798,0.0,0.0,3.3862798
2974,COL26A1,66.332085,3.385856,0.0,0.0,3.385856
2117,RIC3,66.69926,3.385781,0.0,0.0,3.385781
1970,HCRTR2,66.73301,3.3852003,0.0,0.0,3.3852003
543,RAD51B,67.01607,3.3845303,0.0,0.0,3.3845303
13328,MMP23B,-66.41933,-3.38395,0.0,0.0,3.38395
2691,FOXP3,66.490425,3.3837042,0.0,0.0,3.3837042
3003,IL6R-AS1,66.30648,3.3833773,0.0,0.0,3.3833773
14224,RPL26L1,-66.641914,-3.3829691,0.0,0.0,3.3829691
1759,TBC1D2,66.78028,3.3815358,0.0,0.0,3.3815358
1264,ABHD3,66.88047,3.380918,0.0,0.0,3.380918
802,ANKRD27,66.96436,3.3805618,0.0,0.0,3.3805618
3496,C6orf118,65.600746,3.3783343,0.0,0.0,3.3783343
10467,NDRG1,-51.579994,-3.3774796,0.0,0.0,3.3774796
1458,TMEM168,66.84046,3.3774073,0.0,0.0,3.3774073
11510,NXPH2,-63.30954,-3.3772118,0.0,0.0,3.3772118
13891,AHCY,-66.56073,-3.3772113,0.0,0.0,3.3772113
10215,LIN28A,-46.72004,-3.3770273,0.0,0.0,3.3770273
1829,FBP1,66.76298,3.3765707,0.0,0.0,3.3765707
10031,MGARP,-42.951576,-3.3763132,0.0,0.0,3.3763132
2931,PHETA2,66.352745,3.3735082,0.0,0.0,3.3735082
13187,ENO3,-66.3861,-3.3734105,0.0,0.0,3.3734105
12859,PGRMC1,-66.2892,-3.373408,0.0,0.0,3.373408
12152,CGB7,-65.559746,-3.3724458,0.0,0.0,3.3724458
12013,DBH-AS1,-65.23577,-3.3722878,0.0,0.0,3.3722878
2267,PSD3,66.65168,3.3722389,0.0,0.0,3.3722389
12204,CNIH2,-65.668686,-3.3718991,0.0,0.0,3.3718991
13971,AIP,-66.57973,-3.370178,0.0,0.0,3.370178
12728,TMSB15B,-66.23932,-3.3692865,0.0,0.0,3.3692865
12480,IFI16,-66.04456,-3.36891,0.0,0.0,3.36891
14677,C19orf81,-66.850655,-3.367387,0.0,0.0,3.367387
13949,POLR2J,-66.57615,-3.3671684,0.0,0.0,3.3671684
3656,NIPAL1,65.27091,3.3664465,0.0,0.0,3.3664465
4248,JAKMIP3,63.42025,3.3663535,0.0,0.0,3.3663535
1157,KIFC3,66.89793,3.3662338,0.0,0.0,3.3662338
13892,PCYOX1L,-66.56085,-3.3648727,0.0,0.0,3.3648727
1826,CD80,66.76342,3.3645225,0.0,0.0,3.3645225
12485,COX7B,-66.048615,-3.3632178,0.0,0.0,3.3632178
12811,HMGCS1,-66.27122,-3.363152,0.0,0.0,3.363152
14635,TEDC1,-66.82348,-3.3622122,0.0,0.0,3.3622122
1500,ANKRD24,66.831474,3.3616343,0.0,0.0,3.3616343
1782,MRTFB,66.775276,3.3614442,0.0,0.0,3.3614442
11590,LOXL3,-63.663437,-3.3611202,0.0,0.0,3.3611202
3194,ADAP2,66.09518,3.3609982,0.0,0.0,3.3609982
2477,SYN2,66.57809,3.3604043,0.0,0.0,3.3604043
13186,CCKBR,-66.38493,-3.3601649,0.0,0.0,3.3601649
1600,SMCR5,66.811035,3.3590124,0.0,0.0,3.3590124
2301,MYO15A,66.63945,3.3588367,0.0,0.0,3.3588367
2746,PTPRE,66.46168,3.3578405,0.0,0.0,3.3578405
14709,PDK1,-66.87115,-3.3576248,0.0,0.0,3.3576248
11861,PCDHGA9,-64.80473,-3.3570232,0.0,0.0,3.3570232
13652,MAZ,-66.50087,-3.3569906,0.0,0.0,3.3569906
865,C6orf58,66.951195,3.3568048,0.0,0.0,3.3568048
13148,TRAPPC2L,-66.37674,-3.356289,0.0,0.0,3.356289
13846,FADD,-66.548065,-3.3557904,0.0,0.0,3.3557904
3612,SLC15A3,65.36488,3.3556597,0.0,0.0,3.3556597
3487,ASIC3,65.61626,3.3554542,0.0,0.0,3.3554542
1030,PLPP1,66.92182,3.35354,0.0,0.0,3.35354
3190,FAM186B,66.10056,3.3524837,0.0,0.0,3.3524837
13142,PSMD10,-66.374825,-3.3508685,0.0,0.0,3.3508685
10397,LINC02371,-50.40385,-3.350796,0.0,0.0,3.350796
14489,NKX3-1,-66.74135,-3.3494332,0.0,0.0,3.3494332
2631,NOD1,66.52042,3.3479505,0.0,0.0,3.3479505
14366,ERH,-66.68773,-3.3468797,0.0,0.0,3.3468797
13244,PPIB,-66.39969,-3.3456845,0.0,0.0,3.3456845
900,CEP112,66.943825,3.344927,0.0,0.0,3.344927
13478,EIF1,-66.4599,-3.3449042,0.0,0.0,3.3449042
2970,LINC02356,66.33344,3.3448076,0.0,0.0,3.3448076
488,UTS2B,67.02451,3.343513,0.0,0.0,3.343513
10116,CCN3,-44.847507,-3.3423183,0.0,0.0,3.3423183
9809,COL12A1,-37.77549,-3.3405252,0.0,0.0,3.3405252
4174,CHST9,63.70001,3.3399014,0.0,0.0,3.3399014
12622,TMEM221,-66.18616,-3.3393126,0.0,0.0,3.3393126
2984,ZNF534,66.31986,3.3385563,0.0,0.0,3.3385563
3507,CNTN2,65.58656,3.3375413,0.0,0.0,3.3375413
3604,C7orf57,65.373924,3.3373618,0.0,0.0,3.3373618
14519,CITED4,-66.75727,-3.3365452,0.0,0.0,3.3365452
270,THADA,67.068756,3.3351555,0.0,0.0,3.3351555
987,ZFAND4,66.92885,3.3346596,0.0,0.0,3.3346596
13608,NDUFAF3,-66.49004,-3.3332179,0.0,0.0,3.3332179
13214,ERP29,-66.39314,-3.332861,0.0,0.0,3.332861
303,ABCG8,67.061554,3.331872,0.0,0.0,3.331872
1368,CHRM3,66.860016,3.3313615,0.0,0.0,3.3313615
14780,COX17,-66.94751,-3.3302658,0.0,0.0,3.3302658
1870,ZBTB20-AS2,66.754875,3.3298488,0.0,0.0,3.3298488
2986,KLHL30,66.318535,3.3291836,0.0,0.0,3.3291836
592,ZNF341,67.00531,3.329149,0.0,0.0,3.329149
12454,EPB41L4A-AS1,-66.02221,-3.3286903,0.0,0.0,3.3286903
2147,ZSCAN5A,66.68945,3.3277495,0.0,0.0,3.3277495
14698,MRPL14,-66.86243,-3.3273041,0.0,0.0,3.3273041
10754,FAM72D,-55.93591,-3.3266795,0.0,0.0,3.3266795
3923,CD300E,64.63839,3.3249495,0.0,0.0,3.3249495
14346,CKAP2,-66.68031,-3.3239758,0.0,0.0,3.3239758
14354,CACYBP,-66.682434,-3.323554,0.0,0.0,3.323554
1344,FOXO1,66.86572,3.3233993,0.0,0.0,3.3233993
14166,C6orf120,-66.62836,-3.3232064,0.0,0.0,3.3232064
10034,STC1,-43.030743,-3.3216887,0.0,0.0,3.3216887
14545,BANF1,-66.772415,-3.3216388,0.0,0.0,3.3216388
13048,GADD45GIP1,-66.35003,-3.3215694,0.0,0.0,3.3215694
10890,CDKN1A,-57.518837,-3.3207364,0.0,0.0,3.3207364
2583,NAALADL1,66.5414,3.3204918,0.0,0.0,3.3204918
2620,SIK3,66.5283,3.320263,0.0,0.0,3.320263
14603,PGAM1,-66.80232,-3.320022,0.0,0.0,3.320022
3476,SLIT3,65.64231,3.3182144,0.0,0.0,3.3182144
13443,CPA1,-66.4503,-3.3174949,0.0,0.0,3.3174949
2851,ITGA7,66.40143,3.3170834,0.0,0.0,3.3170834
2810,USP2-AS1,66.42776,3.3169641,0.0,0.0,3.3169641
13453,MSMO1,-66.45303,-3.3162985,0.0,0.0,3.3162985
10943,F12,-58.229843,-3.3159227,0.0,0.0,3.3159227
12865,SERPINH1,-66.2901,-3.315651,0.0,0.0,3.315651
2992,SLC16A7,66.31437,3.3155496,0.0,0.0,3.3155496
14316,VMA21,-66.669014,-3.3141718,0.0,0.0,3.3141718
2424,ICA1,66.596214,3.3128567,0.0,0.0,3.3128567
1932,SYNJ2,66.74048,3.31123,0.0,0.0,3.31123
1661,GRIK5,66.79947,3.309694,0.0,0.0,3.309694
2732,MYO1D,66.46997,3.3096075,0.0,0.0,3.3096075
2073,RRH,66.711655,3.30724,0.0,0.0,3.30724
1622,SEZ6,66.806015,3.3058364,0.0,0.0,3.3058364
12841,CCDC71L,-66.2837,-3.3054123,0.0,0.0,3.3054123
2889,NLGN1,66.3757,3.3041363,0.0,0.0,3.3041363
9232,ACTA1,-23.544449,-3.3035994,1.4309643976860337e-122,1.6380544135598616e-122,3.3035994
493,DIAPH2,67.02359,3.302429,0.0,0.0,3.302429
4146,KCNIP2,63.829803,3.3022585,0.0,0.0,3.3022585
13760,SSRP1,-66.52716,-3.3012743,0.0,0.0,3.3012743
1046,INPP1,66.918816,3.3003554,0.0,0.0,3.3003554
724,SLC5A2,66.981445,3.3000355,0.0,0.0,3.3000355
1889,DIRAS1,66.75145,3.2996309,0.0,0.0,3.2996309
12802,KLHDC7A,-66.26708,-3.2995737,0.0,0.0,3.2995737
12349,PRTG,-65.886955,-3.2984383,0.0,0.0,3.2984383
14705,MRPL21,-66.86786,-3.2982285,0.0,0.0,3.2982285
10308,TNFRSF6B,-48.716053,-3.298014,0.0,0.0,3.298014
1811,EFCAB13,66.768005,3.2976854,0.0,0.0,3.2976854
1744,MGAT4A,66.78203,3.2971637,0.0,0.0,3.2971637
11544,GINS4,-63.43642,-3.2970622,0.0,0.0,3.2970622
10493,TMEM225B,-51.915928,-3.2963033,0.0,0.0,3.2963033
1008,KLHL7,66.925415,3.296079,0.0,0.0,3.296079
3426,CCDC163,65.74542,3.2957568,0.0,0.0,3.2957568
3435,LRRN1,65.736404,3.29521,0.0,0.0,3.29521
13786,UXT,-66.535225,-3.295095,0.0,0.0,3.295095
3611,ADAMTS16,65.3658,3.293809,0.0,0.0,3.293809
1137,RFPL3S,66.901375,3.2933311,0.0,0.0,3.2933311
1357,PLEKHA5,66.86183,3.2933307,0.0,0.0,3.2933307
2940,LINC01786,66.34804,3.292554,0.0,0.0,3.292554
3208,TTLL10,66.07269,3.2924492,0.0,0.0,3.2924492
2443,LINC01801,66.58924,3.292149,0.0,0.0,3.292149
2907,B4GALNT1,66.36777,3.2919621,0.0,0.0,3.2919621
375,ZFP2,67.04597,3.2907176,0.0,0.0,3.2907176
3059,ATP2C2-AS1,66.2674,3.2905324,0.0,0.0,3.2905324
2895,SLC3A1,66.3742,3.2888625,0.0,0.0,3.2888625
346,MCM9,67.05128,3.2885537,0.0,0.0,3.2885537
14605,PNMA8A,-66.80449,-3.2878325,0.0,0.0,3.2878325
1850,IL19,66.75829,3.2867057,0.0,0.0,3.2867057
2059,RGL1,66.71403,3.2855523,0.0,0.0,3.2855523
13197,TMA7,-66.38897,-3.28552,0.0,0.0,3.28552
2457,DCUN1D2,66.584526,3.285234,0.0,0.0,3.285234
13327,PARK7,-66.419304,-3.2851079,0.0,0.0,3.2851079
735,VIPR1,66.97916,3.284913,0.0,0.0,3.284913
3723,CPXM2,65.13043,3.2826135,0.0,0.0,3.2826135
330,IFNGR1,67.054855,3.2813013,0.0,0.0,3.2813013
10901,RFTN1,-57.73557,-3.2806082,0.0,0.0,3.2806082
3199,SDR16C5,66.0855,3.2801921,0.0,0.0,3.2801921
1278,RAPH1,66.87832,3.2796807,0.0,0.0,3.2796807
2231,FLRT1,66.66277,3.279513,0.0,0.0,3.279513
3131,GPR158,66.181145,3.2789314,0.0,0.0,3.2789314
2183,RGS3,66.67919,3.2783804,0.0,0.0,3.2783804
3910,GRIK1-AS1,64.67834,3.2774303,0.0,0.0,3.2774303
13602,EEF1A2,-66.48846,-3.2768457,0.0,0.0,3.2768457
12658,ASGR1,-66.20335,-3.2762027,0.0,0.0,3.2762027
2093,EEPD1,66.70643,3.2758977,0.0,0.0,3.2758977
13099,DNAJB11,-66.36132,-3.27577,0.0,0.0,3.27577
1081,IL4I1,66.911385,3.2751164,0.0,0.0,3.2751164
4299,NEGR1,63.21758,3.274667,0.0,0.0,3.274667
13879,TSR2,-66.55804,-3.2742589,0.0,0.0,3.2742589
3551,REN,65.463356,3.2736158,0.0,0.0,3.2736158
13421,MAD2L2,-66.44485,-3.2734334,0.0,0.0,3.2734334
409,RHBDD1,67.04036,3.2726386,0.0,0.0,3.2726386
3838,JAKMIP1,64.85319,3.2723281,0.0,0.0,3.2723281
3202,CLDN10,66.08101,3.271541,0.0,0.0,3.271541
1943,TMEM45B,66.73812,3.271233,0.0,0.0,3.271233
2948,OR51M1,66.34434,3.269332,0.0,0.0,3.269332
12481,ACTRT3,-66.044754,-3.268453,0.0,0.0,3.268453
3888,NTNG1,64.73293,3.268167,0.0,0.0,3.268167
2858,NRG3,66.39579,3.2680964,0.0,0.0,3.2680964
10931,PCDHGA4,-58.089714,-3.2680821,0.0,0.0,3.2680821
10917,BMPER,-57.930355,-3.2674701,0.0,0.0,3.2674701
13221,COX6B1,-66.39593,-3.2671878,0.0,0.0,3.2671878
11747,FBXO5,-64.40422,-3.2664511,0.0,0.0,3.2664511
2595,KCNH6,66.53749,3.265133,0.0,0.0,3.265133
4099,HPCAL4,64.03788,3.264331,0.0,0.0,3.264331
12299,TSHZ2,-65.82688,-3.264183,0.0,0.0,3.264183
389,TESK2,67.04303,3.2641146,0.0,0.0,3.2641146
1746,LHFPL6,66.781815,3.2637641,0.0,0.0,3.2637641
11916,MAPK8IP2,-64.9919,-3.2625096,0.0,0.0,3.2625096
13004,COX7A2,-66.33177,-3.2624435,0.0,0.0,3.2624435
12188,BACH1-IT2,-65.62812,-3.2624378,0.0,0.0,3.2624378
242,EHHADH,67.074936,3.2623494,0.0,0.0,3.2623494
906,NOCT,66.94307,3.2622528,0.0,0.0,3.2622528
14621,GAMT,-66.81575,-3.2618299,0.0,0.0,3.2618299
13117,SALL2,-66.36765,-3.2599957,0.0,0.0,3.2599957
12969,PDIA6,-66.31952,-3.25969,0.0,0.0,3.25969
2367,STK33,66.6175,3.2596807,0.0,0.0,3.2596807
10571,TRIM34,-53.14735,-3.2595198,0.0,0.0,3.2595198
4077,TMEM235,64.11768,3.2581065,0.0,0.0,3.2581065
1250,LINC01588,66.882324,3.2578766,0.0,0.0,3.2578766
11634,BIN1,-63.920437,-3.257561,0.0,0.0,3.257561
4203,SERPINB7,63.61427,3.2574522,0.0,0.0,3.2574522
1336,TRPM7,66.867615,3.2574208,0.0,0.0,3.2574208
2894,TRDN,66.37435,3.2571096,0.0,0.0,3.2571096
11455,UPK3BL2,-62.918808,-3.2568202,0.0,0.0,3.2568202
2740,KCNH1,66.46421,3.2567892,0.0,0.0,3.2567892
13092,GNAI2,-66.359695,-3.2565281,0.0,0.0,3.2565281
808,APLF,66.96291,3.2564836,0.0,0.0,3.2564836
2115,PLB1,66.69939,3.2564452,0.0,0.0,3.2564452
1418,MKLN1,66.850525,3.2561548,0.0,0.0,3.2561548
2105,USP43,66.70297,3.2560456,0.0,0.0,3.2560456
2103,KDM4C,66.70378,3.2557354,0.0,0.0,3.2557354
12729,NUDT14,-66.23986,-3.2543056,0.0,0.0,3.2543056
3249,LINC01234,66.04091,3.254143,0.0,0.0,3.254143
12167,ITM2B,-65.593994,-3.253863,0.0,0.0,3.253863
2804,TANC1,66.431046,3.2536783,0.0,0.0,3.2536783
2315,TSPAN1,66.63515,3.2524638,0.0,0.0,3.2524638
3444,SYCE2,65.72084,3.2522085,0.0,0.0,3.2522085
1147,MAML2,66.90021,3.2513614,0.0,0.0,3.2513614
11927,PCAT6,-65.027214,-3.2512782,0.0,0.0,3.2512782
14432,NOLC1,-66.718094,-3.2510738,0.0,0.0,3.2510738
13574,DPYSL3,-66.481285,-3.2502227,0.0,0.0,3.2502227
1940,CFTR,66.73884,3.2481813,0.0,0.0,3.2481813
3111,CAT,66.20537,3.2480602,0.0,0.0,3.2480602
10174,CDKN3,-46.13833,-3.2475514,0.0,0.0,3.2475514
1799,ARHGEF3,66.77122,3.2470443,0.0,0.0,3.2470443
13592,DNPH1,-66.485886,-3.246924,0.0,0.0,3.246924
1791,FANCC,66.7734,3.246656,0.0,0.0,3.246656
2312,CHST7,66.63579,3.2456737,0.0,0.0,3.2456737
11192,TGFB2,-60.815872,-3.2450771,0.0,0.0,3.2450771
11253,CALHM5,-61.46317,-3.2448878,0.0,0.0,3.2448878
10466,PRSS45P,-51.528175,-3.2447722,0.0,0.0,3.2447722
12794,LPAR2,-66.26412,-3.243893,0.0,0.0,3.243893
2051,COMMD10,66.715965,3.2436206,0.0,0.0,3.2436206
1191,HIPK1-AS1,66.89302,3.2419367,0.0,0.0,3.2419367
3427,DISP3,65.7447,3.2416525,0.0,0.0,3.2416525
12988,SSR2,-66.32564,-3.241409,0.0,0.0,3.241409
1335,UST,66.86777,3.2412603,0.0,0.0,3.2412603
14782,SELENOW,-66.948814,-3.24106,0.0,0.0,3.24106
12210,FBLL1,-65.67703,-3.2405574,0.0,0.0,3.2405574
13609,MAPK3,-66.49083,-3.2393212,0.0,0.0,3.2393212
11602,LINC02367,-63.759525,-3.2379143,0.0,0.0,3.2379143
2475,CCDC170,66.57826,3.2378244,0.0,0.0,3.2378244
828,RIC1,66.95855,3.2367775,0.0,0.0,3.2367775
1615,RIN3,66.807526,3.2366235,0.0,0.0,3.2366235
11846,CD9,-64.74769,-3.2361095,0.0,0.0,3.2361095
3491,FAM178B,65.60538,3.2359633,0.0,0.0,3.2359633
2729,PLCB4,66.47101,3.2355638,0.0,0.0,3.2355638
14656,ST3GAL3,-66.8373,-3.2353187,0.0,0.0,3.2353187
12380,NDUFB7,-65.91523,-3.2347186,0.0,0.0,3.2347186
3555,KCNK7,65.45577,3.2332683,0.0,0.0,3.2332683
1701,PCOLCE2,66.79194,3.2332509,0.0,0.0,3.2332509
1858,LINC02043,66.75713,3.232661,0.0,0.0,3.232661
11589,RDH10,-63.651333,-3.2325969,0.0,0.0,3.2325969
13392,PDAP1,-66.43791,-3.2322066,0.0,0.0,3.2322066
11840,WASIR2,-64.73077,-3.231866,0.0,0.0,3.231866
3783,EPAS1,64.978195,3.231823,0.0,0.0,3.231823
12166,DBI,-65.59299,-3.230805,0.0,0.0,3.230805
4031,CCN4,64.28894,3.2306213,0.0,0.0,3.2306213
12615,FHL3,-66.18287,-3.2276201,0.0,0.0,3.2276201
4106,EGFLAM,64.01504,3.2273881,0.0,0.0,3.2273881
2238,LPP,66.65989,3.2263424,0.0,0.0,3.2263424
13306,TKFC,-66.414566,-3.2259963,0.0,0.0,3.2259963
3591,DNAJA4,65.39784,3.225368,0.0,0.0,3.225368
1598,GGT7,66.81153,3.2252343,0.0,0.0,3.2252343
13522,MRPL54,-66.46881,-3.224944,0.0,0.0,3.224944
12529,FUOM,-66.10341,-3.2248225,0.0,0.0,3.2248225
12263,DUSP5,-65.779884,-3.2236843,0.0,0.0,3.2236843
14271,TSPYL4,-66.656845,-3.2234929,0.0,0.0,3.2234929
2291,LRRTM4,66.64313,3.2233558,0.0,0.0,3.2233558
2096,MEIS1,66.70524,3.2226844,0.0,0.0,3.2226844
11819,LOX,-64.67832,-3.2222958,0.0,0.0,3.2222958
580,ANKS1A,67.00905,3.2215068,0.0,0.0,3.2215068
2914,GALNT17,66.36301,3.2213404,0.0,0.0,3.2213404
2411,ASMTL-AS1,66.60208,3.2202828,0.0,0.0,3.2202828
3569,CCDC13,65.435936,3.2199914,0.0,0.0,3.2199914
10251,LINC01914,-47.55186,-3.2195249,0.0,0.0,3.2195249
3588,NCKAP1L,65.40229,3.217629,0.0,0.0,3.217629
3855,EMCN,64.82539,3.2174342,0.0,0.0,3.2174342
13742,TMEM121,-66.520325,-3.2169826,0.0,0.0,3.2169826
1391,IFT122,66.856,3.2161093,0.0,0.0,3.2161093
12836,HMGN1,-66.28189,-3.2149186,0.0,0.0,3.2149186
2550,LRP4-AS1,66.55349,3.2145789,0.0,0.0,3.2145789
1232,MCPH1-AS1,66.88546,3.213264,0.0,0.0,3.213264
14484,MRPL40,-66.739334,-3.2127128,0.0,0.0,3.2127128
1034,FER1L5,66.92114,3.2117894,0.0,0.0,3.2117894
1347,GANC,66.86533,3.2116752,0.0,0.0,3.2116752
1893,C5orf63,66.75021,3.2116318,0.0,0.0,3.2116318
4019,LINC02754,64.325745,3.2114463,0.0,0.0,3.2114463
14412,PFDN2,-66.71096,-3.2106354,0.0,0.0,3.2106354
3827,GAS6-AS1,64.87885,3.2106328,0.0,0.0,3.2106328
1384,STOX2,66.85729,3.2102816,0.0,0.0,3.2102816
11317,KLHL41,-62.011486,-3.2100875,0.0,0.0,3.2100875
14647,GRPEL1,-66.82896,-3.2097924,0.0,0.0,3.2097924
2163,LAPTM4A-DT,66.6844,3.2089815,0.0,0.0,3.2089815
14011,UBE2Q1,-66.588264,-3.2086153,0.0,0.0,3.2086153
3568,CA12,65.43925,3.208291,0.0,0.0,3.208291
13408,RABGEF1,-66.44187,-3.207314,0.0,0.0,3.207314
2721,ETFDH,66.47867,3.2072897,0.0,0.0,3.2072897
12193,LIF,-65.64468,-3.2070944,0.0,0.0,3.2070944
3584,IL17RB,65.40929,3.2065659,0.0,0.0,3.2065659
1951,SFTPD-AS1,66.73589,3.206506,0.0,0.0,3.206506
1666,POLM,66.79837,3.2056587,0.0,0.0,3.2056587
3861,LINC02541,64.80846,3.2053416,0.0,0.0,3.2053416
10384,COX4I2,-50.155956,-3.2045264,0.0,0.0,3.2045264
12807,SERTAD1,-66.26892,-3.2044966,0.0,0.0,3.2044966
1245,SLC35G2,66.88312,3.2044415,0.0,0.0,3.2044415
14308,TIMM8B,-66.6669,-3.2038815,0.0,0.0,3.2038815
2670,SYTL3,66.50052,3.2032259,0.0,0.0,3.2032259
2069,SRRM5,66.71198,3.201624,0.0,0.0,3.201624
12544,LRRC46,-66.11267,-3.201428,0.0,0.0,3.201428
3649,MYO7A,65.288025,3.2005947,0.0,0.0,3.2005947
2556,TMTC1,66.55296,3.2002401,0.0,0.0,3.2002401
1805,NEDD4L,66.769165,3.2002013,0.0,0.0,3.2002013
10340,KIF23,-49.329502,-3.199626,0.0,0.0,3.199626
10054,TNFSF13,-43.38503,-3.199062,0.0,0.0,3.199062
3230,GNB3,66.0558,3.1981585,0.0,0.0,3.1981585
10227,IL32,-47.07057,-3.1962714,0.0,0.0,3.1962714
3564,PLEKHG6,65.44191,3.1952493,0.0,0.0,3.1952493
13184,JAGN1,-66.384094,-3.1951814,0.0,0.0,3.1951814
1375,CLIP2,66.85888,3.1941206,0.0,0.0,3.1941206
1120,AHCYL2,66.90388,3.192177,0.0,0.0,3.192177
4298,FAM184B,63.217587,3.1919456,0.0,0.0,3.1919456
3921,GXYLT2,64.64132,3.1917272,0.0,0.0,3.1917272
12524,C10orf95,-66.09439,-3.1905103,0.0,0.0,3.1905103
12143,NEURL1B,-65.54632,-3.1875875,0.0,0.0,3.1875875
14190,C1orf122,-66.63468,-3.1874814,0.0,0.0,3.1874814
50,SLC25A53,67.12798,3.1871243,0.0,0.0,3.1871243
11331,VPREB3,-62.10395,-3.1863947,0.0,0.0,3.1863947
13160,ATXN7L3B,-66.37921,-3.1853275,0.0,0.0,3.1853275
2618,GK,66.528755,3.1839623,0.0,0.0,3.1839623
9362,RALY-AS1,-26.706602,-3.1830814,3.945134362786998e-157,4.608923807364629e-157,3.1830814
2373,SLC22A13,66.61582,3.1826708,0.0,0.0,3.1826708
2511,ACSBG1,66.569084,3.181282,0.0,0.0,3.181282
12153,ACTC1,-65.56107,-3.1804152,0.0,0.0,3.1804152
13539,SRM,-66.473755,-3.178798,0.0,0.0,3.178798
12927,TMED3,-66.30732,-3.1784935,0.0,0.0,3.1784935
538,PTPRS,67.01671,3.177505,0.0,0.0,3.177505
1817,SLC25A34,66.766655,3.1766553,0.0,0.0,3.1766553
12956,PRDX4,-66.31562,-3.1765618,0.0,0.0,3.1765618
2110,SCML1,66.70116,3.1755846,0.0,0.0,3.1755846
14202,GYPC,-66.6373,-3.174664,0.0,0.0,3.174664
156,PIGL,67.09692,3.1740813,0.0,0.0,3.1740813
14462,DNAJA2,-66.730415,-3.1740336,0.0,0.0,3.1740336
2942,MYO18B,66.34746,3.1736805,0.0,0.0,3.1736805
2220,GRAMD4,66.66836,3.1725287,0.0,0.0,3.1725287
1775,ANKRD31,66.77596,3.1721668,0.0,0.0,3.1721668
11227,E2F1,-61.210705,-3.1706033,0.0,0.0,3.1706033
2575,OPHN1,66.54582,3.1702363,0.0,0.0,3.1702363
888,MERTK,66.94606,3.169629,0.0,0.0,3.169629
14159,CDKN1B,-66.624916,-3.169261,0.0,0.0,3.169261
12468,STK24-AS1,-66.0346,-3.167303,0.0,0.0,3.167303
12747,POLR2G,-66.24619,-3.1667042,0.0,0.0,3.1667042
3233,CACNA1F,66.05144,3.166164,0.0,0.0,3.166164
14511,RAB5IF,-66.751656,-3.1651442,0.0,0.0,3.1651442
11896,MCM2,-64.92852,-3.1649518,0.0,0.0,3.1649518
12512,NAP1L3,-66.07843,-3.1641054,0.0,0.0,3.1641054
11427,TFPI2,-62.755863,-3.1615038,0.0,0.0,3.1615038
13485,NDUFB1,-66.461845,-3.1609168,0.0,0.0,3.1609168
1010,ELMOD3,66.925125,3.1606143,0.0,0.0,3.1606143
784,MAP7D2,66.9686,3.160494,0.0,0.0,3.160494
12402,COLEC11,-65.94444,-3.1599965,0.0,0.0,3.1599965
4086,NKPD1,64.08254,3.1597948,0.0,0.0,3.1597948
3159,NECTIN4,66.143654,3.158568,0.0,0.0,3.158568
3102,LAMB3,66.21568,3.158017,0.0,0.0,3.158017
426,RHBDF2,67.03651,3.1578767,0.0,0.0,3.1578767
1105,B4GALT1,66.90806,3.1573658,0.0,0.0,3.1573658
11893,A1BG,-64.92378,-3.1571589,0.0,0.0,3.1571589
2087,SLC25A21,66.70803,3.156404,0.0,0.0,3.156404
576,SMYD3,67.009865,3.1555772,0.0,0.0,3.1555772
395,RAD9A,67.04242,3.1553931,0.0,0.0,3.1553931
14774,BAG1,-66.940735,-3.1549852,0.0,0.0,3.1549852
2257,ARLNC1,66.6557,3.154416,0.0,0.0,3.154416
4000,BEST3,64.39177,3.1538393,0.0,0.0,3.1538393
2389,MBNL1,66.61129,3.1537774,0.0,0.0,3.1537774
2774,NPC1L1,66.44399,3.1535068,0.0,0.0,3.1535068
86,TULP3,67.114235,3.1533318,0.0,0.0,3.1533318
2263,EPS15L1,66.65276,3.1523583,0.0,0.0,3.1523583
2109,SCAPER,66.701294,3.1517975,0.0,0.0,3.1517975
13581,ATP5MC3,-66.48251,-3.1517637,0.0,0.0,3.1517637
13409,LMNB1,-66.441895,-3.150698,0.0,0.0,3.150698
11520,CST3,-63.349957,-3.1496549,0.0,0.0,3.1496549
11644,SOX8,-63.97194,-3.1495028,0.0,0.0,3.1495028
13084,CNPY3,-66.35886,-3.1492212,0.0,0.0,3.1492212
3890,FSTL5,64.73071,3.1490192,0.0,0.0,3.1490192
11392,ST7-AS1,-62.562897,-3.1489644,0.0,0.0,3.1489644
11607,SLFN12,-63.794567,-3.1484885,0.0,0.0,3.1484885
12206,BAX,-65.67387,-3.1483521,0.0,0.0,3.1483521
12322,TBC1D10C,-65.86286,-3.1475134,0.0,0.0,3.1475134
14306,VAMP3,-66.66644,-3.147086,0.0,0.0,3.147086
3412,GNG4,65.77674,3.1444082,0.0,0.0,3.1444082
2470,AMOTL1,66.580536,3.1443102,0.0,0.0,3.1443102
14250,DHRS13,-66.6499,-3.144003,0.0,0.0,3.144003
10453,NPNT,-51.320415,-3.1439443,0.0,0.0,3.1439443
11228,PIGY-DT,-61.212624,-3.1427767,0.0,0.0,3.1427767
14521,CLPP,-66.7577,-3.142323,0.0,0.0,3.142323
890,BRAF,66.945816,3.142128,0.0,0.0,3.142128
1538,NFIB,66.82441,3.141213,0.0,0.0,3.141213
3299,POLN,65.94913,3.1410155,0.0,0.0,3.1410155
3193,CDHR1,66.09617,3.1394963,0.0,0.0,3.1394963
13596,NIFK,-66.48678,-3.139151,0.0,0.0,3.139151
7357,NUSAP1,23.5304,-3.1390324,1.9929806182133638e-122,2.2812298795031563e-122,3.1390324
1978,ARHGAP44,66.73167,3.1387537,0.0,0.0,3.1387537
1050,CNNM2,66.9186,3.1381433,0.0,0.0,3.1381433
14479,LDHB,-66.73814,-3.1380672,0.0,0.0,3.1380672
919,BACE2,66.94169,3.1376927,0.0,0.0,3.1376927
3829,GOLGA8H,64.87512,3.137254,0.0,0.0,3.137254
3167,PAX5,66.138565,3.1367428,0.0,0.0,3.1367428
12577,RGS14,-66.156364,-3.1366858,0.0,0.0,3.1366858
2560,SNHG31,66.551544,3.136092,0.0,0.0,3.136092
2313,OSBPL3,66.63538,3.134946,0.0,0.0,3.134946
13399,NONO,-66.438705,-3.13436,0.0,0.0,3.13436
2287,GABRG2,66.64441,3.1337447,0.0,0.0,3.1337447
2217,FAM13A-AS1,66.66892,3.1337175,0.0,0.0,3.1337175
3647,GALNT14,65.29186,3.1334803,0.0,0.0,3.1334803
439,ZNF420,67.03418,3.1331859,0.0,0.0,3.1331859
14238,INAFM2,-66.6455,-3.1331542,0.0,0.0,3.1331542
4110,OLR1,64.00431,3.132551,0.0,0.0,3.132551
2004,IPPK,66.7268,3.131546,0.0,0.0,3.131546
14388,AURKAIP1,-66.700134,-3.1309628,0.0,0.0,3.1309628
13457,BEX3,-66.45424,-3.130911,0.0,0.0,3.130911
9718,LINC02422,-35.331753,-3.1307566,1.9115626263676786e-273,2.3791864142043506e-273,3.1307566
2145,ZNF556,66.6895,3.1294317,0.0,0.0,3.1294317
1436,STARD6,66.84555,3.1290329,0.0,0.0,3.1290329
14211,CHID1,-66.639404,-3.1290162,0.0,0.0,3.1290162
2288,DYRK3,66.644104,3.1287556,0.0,0.0,3.1287556
12121,RAB32,-65.506874,-3.128628,0.0,0.0,3.128628
2978,LIPA,66.33005,3.1271682,0.0,0.0,3.1271682
1485,MAP4K3,66.83379,3.1265974,0.0,0.0,3.1265974
14223,UQCRH,-66.64181,-3.1265314,0.0,0.0,3.1265314
3090,GALNT16,66.228195,3.12643,0.0,0.0,3.12643
3936,NRK,64.60089,3.1263878,0.0,0.0,3.1263878
12618,NALT1,-66.18526,-3.1263292,0.0,0.0,3.1263292
14329,ARMCX6,-66.67385,-3.1259918,0.0,0.0,3.1259918
3196,LRRC19,66.09358,3.1259797,0.0,0.0,3.1259797
14598,DMAC1,-66.799904,-3.1258109,0.0,0.0,3.1258109
12304,HSPA5,-65.8321,-3.1251855,0.0,0.0,3.1251855
863,NBPF11,66.95151,3.1240075,0.0,0.0,3.1240075
2648,CHADL,66.51014,3.1236203,0.0,0.0,3.1236203
3060,CDH10,66.264084,3.1224942,0.0,0.0,3.1224942
618,NSMCE2,67.00163,3.1215703,0.0,0.0,3.1215703
13719,GTF3C6,-66.5159,-3.1207564,0.0,0.0,3.1207564
14701,RAB3IP,-66.86591,-3.1205301,0.0,0.0,3.1205301
1569,ELOA-AS1,66.81726,3.1199174,0.0,0.0,3.1199174
1338,PINK1-AS,66.86746,3.1185424,0.0,0.0,3.1185424
2496,ROBO2,66.573006,3.1179829,0.0,0.0,3.1179829
13985,C9orf40,-66.58217,-3.117445,0.0,0.0,3.117445
725,SVOPL,66.98115,3.116262,0.0,0.0,3.116262
2064,TTC7B,66.71329,3.1161888,0.0,0.0,3.1161888
10995,TPM1-AS,-58.785976,-3.1158302,0.0,0.0,3.1158302
11876,YPEL4,-64.85665,-3.115764,0.0,0.0,3.115764
11514,CTHRC1,-63.325844,-3.1157377,0.0,0.0,3.1157377
14051,CCT6A,-66.59761,-3.114053,0.0,0.0,3.114053
1206,GFI1B,66.889565,3.113824,0.0,0.0,3.113824
2412,SHC4,66.60169,3.113776,0.0,0.0,3.113776
3064,TTBK1,66.260155,3.1131923,0.0,0.0,3.1131923
12950,TMED9,-66.31295,-3.1128821,0.0,0.0,3.1128821
1620,CLIC2,66.806366,3.1114843,0.0,0.0,3.1114843
3634,RNASEL,65.3106,3.110919,0.0,0.0,3.110919
3020,MEIOC,66.29511,3.1107507,0.0,0.0,3.1107507
10336,FZD1,-49.222824,-3.1104925,0.0,0.0,3.1104925
2690,DGLUCY,66.491516,3.1103203,0.0,0.0,3.1103203
244,MICU3,67.07455,3.1100605,0.0,0.0,3.1100605
2811,ADAMTS15,66.42758,3.1097882,0.0,0.0,3.1097882
12127,LINC02315,-65.521164,-3.10902,0.0,0.0,3.10902
12523,COL1A2,-66.09331,-3.1085436,0.0,0.0,3.1085436
3113,ESYT3,66.20399,3.1081567,0.0,0.0,3.1081567
13729,EIF3F,-66.51745,-3.1069386,0.0,0.0,3.1069386
12347,TMEM158,-65.884964,-3.106317,0.0,0.0,3.106317
3653,TEX26,65.28063,3.1061904,0.0,0.0,3.1061904
2196,GRK4,66.67643,3.1060317,0.0,0.0,3.1060317
9414,EIF2AK3-DT,-28.106365,-3.105389,8.189489582090726e-174,9.649505044251017e-174,3.105389
12059,CPE,-65.36929,-3.1053522,0.0,0.0,3.1053522
3924,CASP8,64.637344,3.1049254,0.0,0.0,3.1049254
10838,CYB5R2,-56.813816,-3.1048508,0.0,0.0,3.1048508
3651,RAP1GAP,65.28271,3.104226,0.0,0.0,3.104226
2033,SLC25A27,66.71951,3.1033068,0.0,0.0,3.1033068
1873,WDSUB1,66.7547,3.1028311,0.0,0.0,3.1028311
2920,TACC2,66.36051,3.1016943,0.0,0.0,3.1016943
10120,SOX2,-44.992912,-3.101473,0.0,0.0,3.101473
3822,LINC02762,64.88486,3.1012774,0.0,0.0,3.1012774
12405,ADGRA2,-65.944664,-3.1010442,0.0,0.0,3.1010442
11433,TMEM52,-62.809315,-3.1010091,0.0,0.0,3.1010091
4418,IPO9-AS1,62.683327,3.1009908,0.0,0.0,3.1009908
1314,KCNMB3,66.871765,3.1008513,0.0,0.0,3.1008513
14156,MTPN,-66.623825,-3.0995767,0.0,0.0,3.0995767
2260,RUSC2,66.65369,3.0991433,0.0,0.0,3.0991433
14066,RSL1D1,-66.60114,-3.0990157,0.0,0.0,3.0990157
3340,EAF1-AS1,65.8907,3.0989695,0.0,0.0,3.0989695
13540,RAP2A,-66.47379,-3.0986624,0.0,0.0,3.0986624
179,SNAP23,67.090706,3.098558,0.0,0.0,3.098558
11554,HOTAIRM1,-63.47589,-3.0974252,0.0,0.0,3.0974252
1448,SNX25,66.84319,3.0969117,0.0,0.0,3.0969117
1284,PLEKHM3,66.87695,3.0940719,0.0,0.0,3.0940719
1891,PCSK5,66.750336,3.093339,0.0,0.0,3.093339
3935,SUSD4,64.610504,3.0929766,0.0,0.0,3.0929766
2887,SLC1A2,66.37833,3.0919526,0.0,0.0,3.0919526
1745,GABPB2,66.782005,3.090714,0.0,0.0,3.090714
12505,IER5L,-66.07385,-3.0900848,0.0,0.0,3.0900848
1953,ST3GAL1,66.73575,3.0896165,0.0,0.0,3.0896165
2544,CELF2,66.555435,3.0881345,0.0,0.0,3.0881345
13527,RBM8A,-66.47094,-3.0865915,0.0,0.0,3.0865915
3627,RBP2,65.32353,3.0863588,0.0,0.0,3.0863588
12296,CLDN9,-65.82265,-3.0853438,0.0,0.0,3.0853438
449,OSGEPL1-AS1,67.0318,3.0849535,0.0,0.0,3.0849535
14419,COPS5,-66.71342,-3.0843322,0.0,0.0,3.0843322
11962,TMEM160,-65.11729,-3.0836751,0.0,0.0,3.0836751
14540,USP1,-66.77013,-3.0827541,0.0,0.0,3.0827541
12574,FN1,-66.153564,-3.0826242,0.0,0.0,3.0826242
3801,LNCSRLR,64.933105,3.0816746,0.0,0.0,3.0816746
3934,SQOR,64.61102,3.0816705,0.0,0.0,3.0816705
3318,LINC00654,65.924706,3.081447,0.0,0.0,3.081447
2664,ECHDC3,66.50345,3.0805702,0.0,0.0,3.0805702
4148,PARP9,63.81737,3.079455,0.0,0.0,3.079455
2037,DAB1,66.71884,3.0794458,0.0,0.0,3.0794458
2218,SLC46A3,66.66868,3.0792491,0.0,0.0,3.0792491
12311,KRTDAP,-65.84389,-3.078846,0.0,0.0,3.078846
12401,SERINC4,-65.941414,-3.07757,0.0,0.0,3.07757
13107,ZBTB33,-66.3653,-3.0766313,0.0,0.0,3.0766313
2239,MILR1,66.65964,3.0759826,0.0,0.0,3.0759826
14135,ZMYND19,-66.62006,-3.074958,0.0,0.0,3.074958
600,MAP3K8,67.004074,3.0749393,0.0,0.0,3.0749393
864,C10orf143,66.9514,3.0735877,0.0,0.0,3.0735877
514,VTI1A,67.02009,3.0727553,0.0,0.0,3.0727553
13127,PSMA7,-66.371605,-3.0724986,0.0,0.0,3.0724986
1651,ZNF233,66.80093,3.0723348,0.0,0.0,3.0723348
13612,TPRG1L,-66.49111,-3.0715294,0.0,0.0,3.0715294
13902,TUSC1,-66.56219,-3.0706668,0.0,0.0,3.0706668
1376,SLC35F1,66.85867,3.06894,0.0,0.0,3.06894
12731,EMILIN1,-66.24048,-3.0689392,0.0,0.0,3.0689392
14083,RAB8A,-66.604774,-3.068147,0.0,0.0,3.068147
2997,WFDC3,66.3115,3.0681005,0.0,0.0,3.0681005
2837,SCMH1,66.40856,3.0678988,0.0,0.0,3.0678988
11813,SPINT1,-64.64692,-3.0678957,0.0,0.0,3.0678957
872,ZNF345,66.949585,3.0678444,0.0,0.0,3.0678444
14047,PRMT1,-66.59678,-3.0665185,0.0,0.0,3.0665185
551,SIMC1,67.01394,3.0664291,0.0,0.0,3.0664291
14526,PNMA1,-66.76122,-3.0663316,0.0,0.0,3.0663316
2569,GNRH1,66.54819,3.0660098,0.0,0.0,3.0660098
14169,FADS1,-66.62903,-3.0654962,0.0,0.0,3.0654962
4047,MEOX1,64.228615,3.0652485,0.0,0.0,3.0652485
3899,MYB,64.70706,3.063699,0.0,0.0,3.063699
3821,ASGR2,64.88741,3.0628328,0.0,0.0,3.0628328
2002,LRP5,66.727104,3.0623288,0.0,0.0,3.0623288
10683,LRRTM1,-54.886932,-3.0612648,0.0,0.0,3.0612648
852,MADCAM1,66.95398,3.0610282,0.0,0.0,3.0610282
13202,POMP,-66.39002,-3.0602992,0.0,0.0,3.0602992
13607,SNRPG,-66.489586,-3.0596757,0.0,0.0,3.0596757
14528,WBP11,-66.761665,-3.0595338,0.0,0.0,3.0595338
4082,LINC00607,64.08757,3.058892,0.0,0.0,3.058892
13126,ABHD14A,-66.370895,-3.0578005,0.0,0.0,3.0578005
13105,ATP5F1D,-66.3648,-3.0576699,0.0,0.0,3.0576699
2039,WNT2B,66.71835,3.056511,0.0,0.0,3.056511
12085,PLEK2,-65.443474,-3.055186,0.0,0.0,3.055186
2592,ROR1,66.538,3.0546393,0.0,0.0,3.0546393
1015,ZRANB3,66.923874,3.054522,0.0,0.0,3.054522
355,POT1,67.048965,3.0543828,0.0,0.0,3.0543828
11215,LINC01638,-61.104916,-3.0539446,0.0,0.0,3.0539446
7477,ESCO2,20.856314,-3.0535746,1.335794699625155e-96,1.5023258656359047e-96,3.0535746
1667,KAT2A,66.79827,3.0535438,0.0,0.0,3.0535438
12306,DUSP23,-65.83508,-3.053351,0.0,0.0,3.053351
1777,TICAM1,66.77576,3.053149,0.0,0.0,3.053149
10778,TM4SF1,-56.186867,-3.051728,0.0,0.0,3.051728
1797,CLASP1,66.771965,3.0510752,0.0,0.0,3.0510752
1401,ATP2A1,66.85453,3.0504677,0.0,0.0,3.0504677
3581,RFTN2,65.42039,3.0500693,0.0,0.0,3.0500693
3677,ANO2,65.21026,3.049226,0.0,0.0,3.049226
4094,STAC2,64.0556,3.0492246,0.0,0.0,3.0492246
1862,FAT4,66.756424,3.048388,0.0,0.0,3.048388
2271,SEC14L2,66.65011,3.0472045,0.0,0.0,3.0472045
12257,DOK1,-65.76272,-3.0454874,0.0,0.0,3.0454874
3782,SPAG17,64.98033,3.0446057,0.0,0.0,3.0446057
9359,ATG9A,-26.656097,-3.0445318,1.5209306116514476e-156,1.7761355827876077e-156,3.0445318
14187,TSPAN13,-66.63316,-3.0443034,0.0,0.0,3.0443034
14713,SNU13,-66.881546,-3.0442104,0.0,0.0,3.0442104
2368,KCNE1,66.61735,3.0436711,0.0,0.0,3.0436711
3749,ALDH1A3,65.06263,3.0433264,0.0,0.0,3.0433264
12738,IER3-AS1,-66.242065,-3.0432594,0.0,0.0,3.0432594
2275,RNF150,66.64904,3.0426154,0.0,0.0,3.0426154
3825,CCR9,64.88203,3.0407395,0.0,0.0,3.0407395
13044,TCEAL8,-66.348434,-3.0400937,0.0,0.0,3.0400937
2198,DOP1A,66.67606,3.0390153,0.0,0.0,3.0390153
11699,APOA1,-64.16796,-3.0387352,0.0,0.0,3.0387352
188,GPATCH8,67.08872,3.0382051,0.0,0.0,3.0382051
1168,CUEDC1,66.89619,3.0380576,0.0,0.0,3.0380576
12758,ATP5PF,-66.25067,-3.0374572,0.0,0.0,3.0374572
11378,FGF18,-62.471478,-3.0367105,0.0,0.0,3.0367105
2104,SLC4A4,66.70334,3.036138,0.0,0.0,3.036138
2422,DDX11-AS1,66.59812,3.0356858,0.0,0.0,3.0356858
2623,LINC02099,66.52761,3.0356853,0.0,0.0,3.0356853
1269,ZNF25,66.879944,3.0355375,0.0,0.0,3.0355375
2999,LINC01018,66.309326,3.0351896,0.0,0.0,3.0351896
14447,POLR3K,-66.724464,-3.0350802,0.0,0.0,3.0350802
14196,MYL5,-66.636246,-3.0341885,0.0,0.0,3.0341885
13768,PYCR1,-66.529495,-3.0340161,0.0,0.0,3.0340161
1432,SAP30L-AS1,66.84698,3.0335834,0.0,0.0,3.0335834
10892,PRSS8,-57.58001,-3.0311522,0.0,0.0,3.0311522
2597,HIVEP2,66.537186,3.031043,0.0,0.0,3.031043
2205,GCH1,66.67364,3.0307994,0.0,0.0,3.0307994
3237,ANO9,66.049255,3.0301404,0.0,0.0,3.0301404
2404,ZHX2,66.60512,3.0289967,0.0,0.0,3.0289967
14005,SSB,-66.58623,-3.02755,0.0,0.0,3.02755
11572,LINC01063,-63.554653,-3.0263944,0.0,0.0,3.0263944
11853,MATN1-AS1,-64.767265,-3.0263524,0.0,0.0,3.0263524
13523,MSL3,-66.46887,-3.0251188,0.0,0.0,3.0251188
14464,NANOS1,-66.73191,-3.0247695,0.0,0.0,3.0247695
3603,FAM3B,65.37414,3.024465,0.0,0.0,3.024465
14138,SKP1,-66.62105,-3.0238874,0.0,0.0,3.0238874
13992,IFT22,-66.58382,-3.023013,0.0,0.0,3.023013
893,METTL25,66.945244,3.0229769,0.0,0.0,3.0229769
11573,CSF1,-63.55604,-3.022903,0.0,0.0,3.022903
14052,APLP2,-66.597786,-3.0227902,0.0,0.0,3.0227902
13119,ZCCHC3,-66.36823,-3.022245,0.0,0.0,3.022245
14258,NOP56,-66.653946,-3.0220954,0.0,0.0,3.0220954
4208,CPNE7,63.596596,3.0206463,0.0,0.0,3.0206463
949,LIPE-AS1,66.93596,3.020625,0.0,0.0,3.020625
1798,GAB2,66.771324,3.0203962,0.0,0.0,3.0203962
1331,CKMT2-AS1,66.86871,3.019196,0.0,0.0,3.019196
14261,PGK1,-66.65472,-3.0191224,0.0,0.0,3.0191224
3157,CYP2A13,66.14429,3.017524,0.0,0.0,3.017524
5712,WNT9A,51.651295,3.0174909,0.0,0.0,3.0174909
14317,COMMD8,-66.6697,-3.0170352,0.0,0.0,3.0170352
2993,GCOM1,66.314354,3.0169067,0.0,0.0,3.0169067
815,RAB30,66.961174,3.0166504,0.0,0.0,3.0166504
4663,MYLK2,61.39576,3.0150676,0.0,0.0,3.0150676
4089,CLVS2,64.074554,3.015029,0.0,0.0,3.015029
3753,DHX58,65.05439,3.0140693,0.0,0.0,3.0140693
3552,PNLDC1,65.46238,3.0136678,0.0,0.0,3.0136678
1606,SPATA45,66.80894,3.0136554,0.0,0.0,3.0136554
3024,CFAP70,66.29286,3.0134265,0.0,0.0,3.0134265
597,MTM1,67.00422,3.01339,0.0,0.0,3.01339
2566,DENND1B,66.54943,3.012581,0.0,0.0,3.012581
3691,TINAGL1,65.170296,3.0125346,0.0,0.0,3.0125346
13013,MSX1,-66.33675,-3.0122354,0.0,0.0,3.0122354
1004,FNDC3B,66.926414,3.0122187,0.0,0.0,3.0122187
11786,COL9A3,-64.550385,-3.0122101,0.0,0.0,3.0122101
3676,TNFRSF10A,65.215744,3.0103998,0.0,0.0,3.0103998
13345,TOR1A,-66.423134,-3.01014,0.0,0.0,3.01014
14356,EIF3E,-66.68309,-3.0098317,0.0,0.0,3.0098317
12449,L1CAM,-66.01056,-3.008289,0.0,0.0,3.008289
14626,UQCC3,-66.81831,-3.0081632,0.0,0.0,3.0081632
3376,DDC,65.836266,3.0080032,0.0,0.0,3.0080032
1855,FTO,66.75756,3.0079455,0.0,0.0,3.0079455
3965,VSNL1,64.48467,3.0076387,0.0,0.0,3.0076387
13861,TMEM183A,-66.554596,-3.007534,0.0,0.0,3.007534
11737,SLFN13,-64.36068,-3.007284,0.0,0.0,3.007284
13739,ILF2,-66.51971,-3.0066352,0.0,0.0,3.0066352
1300,FGGY,66.87464,3.0061898,0.0,0.0,3.0061898
12015,FCGRT,-65.24352,-3.005676,0.0,0.0,3.005676
12837,PTPRF,-66.28287,-3.0046742,0.0,0.0,3.0046742
2603,IMPG1,66.533646,3.0046573,0.0,0.0,3.0046573
13755,PFKL,-66.523766,-3.004141,0.0,0.0,3.004141
4670,A2M,61.334724,3.0038838,0.0,0.0,3.0038838
12324,MRPL41,-65.864525,-3.0021265,0.0,0.0,3.0021265
9698,KIF11,-34.930122,-3.0015242,2.5948021301615096e-267,3.216877906246372e-267,3.0015242
12473,MSMP,-66.038734,-3.0014014,0.0,0.0,3.0014014
4405,MAL,62.720028,3.001396,0.0,0.0,3.001396
2497,DCLK2,66.57259,3.0013728,0.0,0.0,3.0013728
12808,GRN,-66.268936,-3.0004134,0.0,0.0,3.0004134
1117,LRRC8B,66.905266,2.9996681,0.0,0.0,2.9996681
1388,HLCS,66.85676,2.9976194,0.0,0.0,2.9976194
13803,PHF23,-66.53879,-2.9968135,0.0,0.0,2.9968135
13224,AURKA,-66.396645,-2.9960225,0.0,0.0,2.9960225
2947,RCC1,66.34436,2.994989,0.0,0.0,2.994989
3367,MGAT4C,65.84862,2.9943748,0.0,0.0,2.9943748
3994,GPAT3,64.409355,2.9930632,0.0,0.0,2.9930632
2855,TBX20,66.39699,2.9929874,0.0,0.0,2.9929874
14732,STIP1,-66.9014,-2.9929214,0.0,0.0,2.9929214
3973,TMEM82,64.46743,2.9918094,0.0,0.0,2.9918094
4080,SLC26A7,64.10427,2.9916568,0.0,0.0,2.9916568
14405,TSPAN2,-66.70722,-2.991437,0.0,0.0,2.991437
12235,KCTD14,-65.717766,-2.9905941,0.0,0.0,2.9905941
682,ZSWIM6,66.98892,2.99004,0.0,0.0,2.99004
944,DTNB,66.9372,2.9899468,0.0,0.0,2.9899468
14717,ST6GALNAC4,-66.88531,-2.987459,0.0,0.0,2.987459
3220,NPIPB6,66.06489,2.9864614,0.0,0.0,2.9864614
2499,NUP50-DT,66.572464,2.9863713,0.0,0.0,2.9863713
662,TTC17,66.992546,2.9849253,0.0,0.0,2.9849253
10831,SNCA,-56.71467,-2.9849179,0.0,0.0,2.9849179
3514,PECAM1,65.56277,2.9839675,0.0,0.0,2.9839675
172,MCU,67.09237,2.9829228,0.0,0.0,2.9829228
3595,CYP2A6,65.38809,2.982796,0.0,0.0,2.982796
12146,NEFH,-65.5488,-2.982743,0.0,0.0,2.982743
13211,ACVR2B,-66.3922,-2.9821513,0.0,0.0,2.9821513
3728,RBM46,65.11706,2.982105,0.0,0.0,2.982105
2441,PLA2G4C,66.589455,2.9817061,0.0,0.0,2.9817061
1539,MTMR8,66.8244,2.9813864,0.0,0.0,2.9813864
12962,BRI3,-66.318596,-2.9806828,0.0,0.0,2.9806828
4223,LINC01303,63.539856,2.9797816,0.0,0.0,2.9797816
3738,PWRN1,65.08501,2.9795983,0.0,0.0,2.9795983
3950,RASAL1,64.546295,2.9791176,0.0,0.0,2.9791176
14641,DEK,-66.82744,-2.9787655,0.0,0.0,2.9787655
12114,UQCRQ,-65.493866,-2.978663,0.0,0.0,2.978663
1097,ZNF491,66.90937,2.977893,0.0,0.0,2.977893
5363,GEM,55.61153,2.9756296,0.0,0.0,2.9756296
11517,LINC01962,-63.34428,-2.975565,0.0,0.0,2.975565
3363,ACOX2,65.8599,2.9741461,0.0,0.0,2.9741461
14126,FKBP8,-66.61725,-2.9736216,0.0,0.0,2.9736216
12888,GPX7,-66.29703,-2.9728124,0.0,0.0,2.9728124
14352,TFAM,-66.681885,-2.9727035,0.0,0.0,2.9727035
13454,GSPT2,-66.453156,-2.9726875,0.0,0.0,2.9726875
1671,FBXO4,66.79796,2.9722745,0.0,0.0,2.9722745
3301,CD22,65.94153,2.9722579,0.0,0.0,2.9722579
12317,SMPX,-65.85301,-2.9719431,0.0,0.0,2.9719431
13842,ZNF275,-66.54766,-2.9713995,0.0,0.0,2.9713995
13571,DNLZ,-66.48097,-2.971289,0.0,0.0,2.971289
3184,FMNL1,66.10374,2.9683998,0.0,0.0,2.9683998
3022,CABYR,66.29435,2.9683547,0.0,0.0,2.9683547
13784,TCEAL4,-66.53497,-2.968245,0.0,0.0,2.968245
11720,FOXS1,-64.26482,-2.9681356,0.0,0.0,2.9681356
3096,PRRT3-AS1,66.221664,2.9670024,0.0,0.0,2.9670024
398,PRDM10,67.042114,2.9665434,0.0,0.0,2.9665434
3403,PLS3-AS1,65.79241,2.9642234,0.0,0.0,2.9642234
2317,SLC17A9,66.6347,2.9641354,0.0,0.0,2.9641354
10376,APELA,-50.050236,-2.9639688,0.0,0.0,2.9639688
11827,HMGB2,-64.7034,-2.9632018,0.0,0.0,2.9632018
10076,PTPRZ1,-43.93639,-2.962471,0.0,0.0,2.962471
3408,STMND1,65.78222,2.961687,0.0,0.0,2.961687
11292,COTL1,-61.80897,-2.9597025,0.0,0.0,2.9597025
13228,GPR108,-66.39757,-2.959571,0.0,0.0,2.959571
1737,PPM1H,66.78342,2.9595547,0.0,0.0,2.9595547
14054,NAA38,-66.59838,-2.9587133,0.0,0.0,2.9587133
12370,REM2,-65.90397,-2.9586864,0.0,0.0,2.9586864
14071,ST20-AS1,-66.601715,-2.9585536,0.0,0.0,2.9585536
14538,APEH,-66.76995,-2.9560232,0.0,0.0,2.9560232
2609,SSC5D,66.53256,2.9560122,0.0,0.0,2.9560122
4564,STX19,61.973347,2.9557567,0.0,0.0,2.9557567
652,ZNF823,66.995575,2.955512,0.0,0.0,2.955512
3717,NR5A2,65.14002,2.9544463,0.0,0.0,2.9544463
13884,YWHAZ,-66.55956,-2.9537957,0.0,0.0,2.9537957
1727,KANTR,66.78535,2.9537547,0.0,0.0,2.9537547
11834,FLNC,-64.718285,-2.9528465,0.0,0.0,2.9528465
12318,LINC00852,-65.85359,-2.9512885,0.0,0.0,2.9512885
2937,SLC8A1,66.35013,2.9504623,0.0,0.0,2.9504623
2049,SLC41A2,66.71618,2.9500492,0.0,0.0,2.9500492
3860,GPC5-AS1,64.81175,2.9488144,0.0,0.0,2.9488144
11057,HMGCLL1,-59.541077,-2.9484565,0.0,0.0,2.9484565
12279,BTN3A3,-65.80152,-2.9484167,0.0,0.0,2.9484167
12042,CALHM2,-65.34707,-2.9483447,0.0,0.0,2.9483447
2658,TRPV1,66.5051,2.9482298,0.0,0.0,2.9482298
1247,ZFAND3,66.88276,2.9482286,0.0,0.0,2.9482286
2809,P3H3,66.42779,2.9476953,0.0,0.0,2.9476953
3854,CEP128,64.82807,2.9475932,0.0,0.0,2.9475932
121,SPATA6,67.10589,2.947224,0.0,0.0,2.947224
3667,STEAP3,65.24379,2.946873,0.0,0.0,2.946873
1381,GRB10,66.85775,2.946094,0.0,0.0,2.946094
1610,TMEM267,66.80853,2.9460611,0.0,0.0,2.9460611
7857,NCAPH,12.483634,-2.9455326,9.170377963809907e-36,9.798694206142992e-36,2.9455326
13555,ATG101,-66.47677,-2.9454708,0.0,0.0,2.9454708
2699,ATG16L2,66.48696,2.9449644,0.0,0.0,2.9449644
1192,BBS9,66.8928,2.9443347,0.0,0.0,2.9443347
1032,NUDT13,66.92159,2.9441633,0.0,0.0,2.9441633
12082,NDUFB2,-65.4361,-2.9436815,0.0,0.0,2.9436815
3620,RASL12,65.33873,2.9432511,0.0,0.0,2.9432511
13383,ATP5PD,-66.43486,-2.943023,0.0,0.0,2.943023
11571,ADGRG6,-63.550606,-2.9424953,0.0,0.0,2.9424953
2138,CLASP2,66.69096,2.9421022,0.0,0.0,2.9421022
13294,MIXL1,-66.412834,-2.941257,0.0,0.0,2.941257
10770,IL17RD,-56.141838,-2.9412055,0.0,0.0,2.9412055
2994,PPARGC1A,66.31398,2.9405992,0.0,0.0,2.9405992
13953,ANP32E,-66.57657,-2.9401965,0.0,0.0,2.9401965
1904,SLC16A9,66.74609,2.9394307,0.0,0.0,2.9394307
954,ZDHHC15,66.93459,2.9392567,0.0,0.0,2.9392567
381,KIF27,67.045105,2.9385448,0.0,0.0,2.9385448
2023,ENPP5,66.72249,2.93748,0.0,0.0,2.93748
3729,CAPN14,65.11554,2.9366856,0.0,0.0,2.9366856
11226,PCSK1N,-61.20945,-2.936335,0.0,0.0,2.936335
2951,LINC02606,66.343704,2.9355545,0.0,0.0,2.9355545
2296,VAC14-AS1,66.64155,2.9349887,0.0,0.0,2.9349887
1517,H6PD,66.82783,2.934332,0.0,0.0,2.934332
1430,FAM135A,66.84765,2.9339907,0.0,0.0,2.9339907
2244,CYP4A22-AS1,66.65911,2.9337695,0.0,0.0,2.9337695
1073,FBXW7,66.91264,2.932773,0.0,0.0,2.932773
3513,MPZL2,65.563774,2.932305,0.0,0.0,2.932305
11860,GPR75,-64.798874,-2.9316754,0.0,0.0,2.9316754
11291,TMSB15B-AS1,-61.797813,-2.931639,0.0,0.0,2.931639
1441,FBXL2,66.84506,2.931388,0.0,0.0,2.931388
12249,OAZ3,-65.7468,-2.9311645,0.0,0.0,2.9311645
4724,SMCO1,60.986794,2.9305546,0.0,0.0,2.9305546
2880,COQ8A,66.38533,2.9304721,0.0,0.0,2.9304721
2776,SLC4A3,66.44376,2.9304461,0.0,0.0,2.9304461
1965,MYCBPAP,66.733795,2.9301193,0.0,0.0,2.9301193
12002,C2CD4C,-65.215546,-2.929769,0.0,0.0,2.929769
3772,SLC26A9,65.00735,2.929682,0.0,0.0,2.929682
13915,ZNF775,-66.56538,-2.9294622,0.0,0.0,2.9294622
1233,ARHGEF33,66.88539,2.9294183,0.0,0.0,2.9294183
1288,NCOA1,66.87636,2.9291918,0.0,0.0,2.9291918
1011,ZNF782,66.92494,2.928677,0.0,0.0,2.928677
703,MIATNB,66.98581,2.9283824,0.0,0.0,2.9283824
943,MYO5A,66.93725,2.9282794,0.0,0.0,2.9282794
3640,ADGRA1,65.301926,2.9276402,0.0,0.0,2.9276402
3023,DNAJC5G,66.29337,2.9265535,0.0,0.0,2.9265535
11543,OXCT2,-63.431812,-2.9256196,0.0,0.0,2.9256196
13209,FAAP20,-66.39204,-2.9254866,0.0,0.0,2.9254866
11327,PLAU,-62.0488,-2.9248934,0.0,0.0,2.9248934
13125,DNTTIP2,-66.37005,-2.9242098,0.0,0.0,2.9242098
14014,CCDC43,-66.58869,-2.9238634,0.0,0.0,2.9238634
12423,DLL3,-65.97573,-2.92358,0.0,0.0,2.92358
3040,PER3,66.28115,2.9233475,0.0,0.0,2.9233475
14192,CEBPG,-66.63528,-2.9223118,0.0,0.0,2.9223118
1947,ITPR1,66.73726,2.9218216,0.0,0.0,2.9218216
14082,THOC7,-66.60453,-2.921234,0.0,0.0,2.921234
11159,MAFA,-60.474487,-2.9197063,0.0,0.0,2.9197063
12534,COX4I1,-66.10698,-2.9190633,0.0,0.0,2.9190633
13832,TMED1,-66.544624,-2.9186041,0.0,0.0,2.9186041
2733,ALDH1L2,66.46863,2.918293,0.0,0.0,2.918293
13870,AIDA,-66.55646,-2.918262,0.0,0.0,2.918262
11480,SCUBE3,-63.14648,-2.917309,0.0,0.0,2.917309
13445,TMEM107,-66.45142,-2.916643,0.0,0.0,2.916643
4097,ADH1B,64.041664,2.9166222,0.0,0.0,2.9166222
2434,MAP4K3-DT,66.59293,2.9152427,0.0,0.0,2.9152427
2402,ZHX3,66.60561,2.9139967,0.0,0.0,2.9139967
13697,GYG2,-66.51063,-2.9139478,0.0,0.0,2.9139478
3075,TCP11,66.24667,2.9135396,0.0,0.0,2.9135396
2818,SAMHD1,66.42565,2.9132051,0.0,0.0,2.9132051
13250,CKAP4,-66.401665,-2.912912,0.0,0.0,2.912912
11481,B3GALT5-AS1,-63.15164,-2.9127538,0.0,0.0,2.9127538
3054,UPB1,66.27543,2.9124267,0.0,0.0,2.9124267
984,MTFR1,66.92921,2.9121127,0.0,0.0,2.9121127
13570,RDH11,-66.48066,-2.9118006,0.0,0.0,2.9118006
13496,ZFPM1,-66.4645,-2.9116259,0.0,0.0,2.9116259
11902,ADAMTS1,-64.95355,-2.9109292,0.0,0.0,2.9109292
13027,DBN1,-66.34227,-2.9104033,0.0,0.0,2.9104033
1722,RAB28,66.786545,2.9101686,0.0,0.0,2.9101686
11570,MYL4,-63.549316,-2.9096346,0.0,0.0,2.9096346
710,EVC,66.98456,2.9095056,0.0,0.0,2.9095056
3214,CD6,66.06899,2.909376,0.0,0.0,2.909376
2865,SEMA6A-AS2,66.39199,2.9093387,0.0,0.0,2.9093387
14611,AASDHPPT,-66.809456,-2.9092925,0.0,0.0,2.9092925
11858,PTX3,-64.794624,-2.908813,0.0,0.0,2.908813
13921,COPRS,-66.56735,-2.908621,0.0,0.0,2.908621
2076,PEX14,66.71102,2.9085758,0.0,0.0,2.9085758
3334,HS3ST4,65.89759,2.9083335,0.0,0.0,2.9083335
1224,RALGAPA2,66.8867,2.9081936,0.0,0.0,2.9081936
11817,PCNA,-64.66819,-2.9081893,0.0,0.0,2.9081893
4358,KLHL38,62.967754,2.907802,0.0,0.0,2.907802
2798,LRRK1,66.43517,2.9075415,0.0,0.0,2.9075415
14267,ARMCX2,-66.65602,-2.9075315,0.0,0.0,2.9075315
12875,LRRC8D,-66.29231,-2.907264,0.0,0.0,2.907264
13908,KCNMB4,-66.56356,-2.9064465,0.0,0.0,2.9064465
1751,KLF12,66.7812,2.9063787,0.0,0.0,2.9063787
14050,CHMP5,-66.59732,-2.9062872,0.0,0.0,2.9062872
11072,SOX11,-59.730682,-2.9056838,0.0,0.0,2.9056838
4415,CDKN2C,62.692318,2.9053915,0.0,0.0,2.9053915
1442,ZNF862,66.84406,2.905121,0.0,0.0,2.905121
14368,CIB2,-66.68895,-2.9050548,0.0,0.0,2.9050548
12455,MED17,-66.02468,-2.9049592,0.0,0.0,2.9049592
12669,ARF5,-66.211876,-2.9049094,0.0,0.0,2.9049094
4468,SHISA9,62.390537,2.9038649,0.0,0.0,2.9038649
3819,CRYBG2,64.89165,2.9038196,0.0,0.0,2.9038196
3429,ZNF295-AS1,65.7414,2.9022665,0.0,0.0,2.9022665
1415,GCNA,66.851105,2.9017847,0.0,0.0,2.9017847
2964,SCPEP1,66.33587,2.9015133,0.0,0.0,2.9015133
14692,NUDT16L1,-66.86073,-2.901439,0.0,0.0,2.901439
1642,GEMIN7-AS1,66.802826,2.9008284,0.0,0.0,2.9008284
402,SIL1,67.04146,2.900274,0.0,0.0,2.900274
11777,FAM162A,-64.50626,-2.8997977,0.0,0.0,2.8997977
2214,TSPOAP1-AS1,66.67125,2.8997211,0.0,0.0,2.8997211
1135,TMEM232,66.90185,2.8993573,0.0,0.0,2.8993573
10151,LGALS3,-45.76671,-2.8980653,0.0,0.0,2.8980653
2554,TINCR,66.553154,2.8980482,0.0,0.0,2.8980482
11326,IGDCC3,-62.042637,-2.8966393,0.0,0.0,2.8966393
3415,PRMT8,65.77145,2.8964543,0.0,0.0,2.8964543
3710,C1orf232,65.14761,2.8962967,0.0,0.0,2.8962967
876,C2orf42,66.948814,2.8961928,0.0,0.0,2.8961928
2831,PROSER2-AS1,66.414375,2.8960607,0.0,0.0,2.8960607
14816,PPIF,-67.02468,-2.8956823,0.0,0.0,2.8956823
2836,VPS13D,66.40961,2.8955376,0.0,0.0,2.8955376
952,USP40,66.935036,2.8953397,0.0,0.0,2.8953397
14660,SMS,-66.83986,-2.8949566,0.0,0.0,2.8949566
1494,MBNL2,66.83229,2.8938174,0.0,0.0,2.8938174
13960,RNASEH2C,-66.57745,-2.8927112,0.0,0.0,2.8927112
1629,MAPK10,66.80463,2.8926122,0.0,0.0,2.8926122
515,ICA1L,67.02008,2.8923736,0.0,0.0,2.8923736
10924,ACAT2,-57.987236,-2.8921094,0.0,0.0,2.8921094
13744,CBX3,-66.52062,-2.8918133,0.0,0.0,2.8918133
11686,ELL3,-64.12544,-2.8909366,0.0,0.0,2.8909366
1644,ERC1,66.80233,2.8896723,0.0,0.0,2.8896723
14555,CCT3,-66.77597,-2.888872,0.0,0.0,2.888872
3570,RAD9B,65.4346,2.8888564,0.0,0.0,2.8888564
1897,FAM227B,66.74862,2.8879142,0.0,0.0,2.8879142
1874,ZNF135,66.75454,2.887705,0.0,0.0,2.887705
13605,YEATS4,-66.48869,-2.8872633,0.0,0.0,2.8872633
2713,EPM2A,66.48101,2.8869812,0.0,0.0,2.8869812
1734,ANKRD36C,66.783875,2.8869662,0.0,0.0,2.8869662
12617,POP7,-66.184006,-2.8868668,0.0,0.0,2.8868668
523,SGK3,67.01835,2.886259,0.0,0.0,2.886259
861,RNF111,66.95169,2.8857481,0.0,0.0,2.8857481
11046,CDC42EP1,-59.395706,-2.8850315,0.0,0.0,2.8850315
14350,ATP5F1B,-66.68116,-2.8826666,0.0,0.0,2.8826666
13717,PAICS,-66.51557,-2.8823543,0.0,0.0,2.8823543
14473,MPPED2,-66.7357,-2.881743,0.0,0.0,2.881743
2185,FMO4,66.678696,2.881324,0.0,0.0,2.881324
879,SFXN5,66.94839,2.8811872,0.0,0.0,2.8811872
2700,SLC6A17,66.48653,2.8806527,0.0,0.0,2.8806527
3672,RTN4RL2,65.22626,2.8805513,0.0,0.0,2.8805513
3085,SPATA17,66.23728,2.880273,0.0,0.0,2.880273
2152,ZNF76,66.68799,2.8798885,0.0,0.0,2.8798885
14164,PHB2,-66.62778,-2.8791084,0.0,0.0,2.8791084
1259,ZSCAN23,66.8815,2.878353,0.0,0.0,2.878353
13287,BOD1,-66.41201,-2.8783116,0.0,0.0,2.8783116
13541,CRAMP1,-66.47381,-2.8777962,0.0,0.0,2.8777962
12434,DNASE1L2,-65.996086,-2.8775303,0.0,0.0,2.8775303
3172,KLF9,66.124084,2.8773072,0.0,0.0,2.8773072
3618,TRANK1,65.352905,2.877207,0.0,0.0,2.877207
1785,NEK5,66.77457,2.8765795,0.0,0.0,2.8765795
3317,TNFSF10,65.92514,2.8760471,0.0,0.0,2.8760471
2255,FAM168A,66.65623,2.8746753,0.0,0.0,2.8746753
3658,BTNL9,65.26768,2.8745022,0.0,0.0,2.8745022
13688,THAP11,-66.50933,-2.8744771,0.0,0.0,2.8744771
13026,MPC2,-66.34201,-2.8741953,0.0,0.0,2.8741953
2643,SLC16A6,66.515,2.8740458,0.0,0.0,2.8740458
9719,LINC01224,-35.364986,-2.8736525,5.899600212482212e-274,7.344663036290077e-274,2.8736525
4015,CLEC18A,64.33361,2.8734915,0.0,0.0,2.8734915
2467,ADK,66.58089,2.8734689,0.0,0.0,2.8734689
2630,CES4A,66.52048,2.8734431,0.0,0.0,2.8734431
14730,VDAC1,-66.897446,-2.8731878,0.0,0.0,2.8731878
4115,ZMYND15,63.978527,2.872434,0.0,0.0,2.872434
3859,CCL28,64.812065,2.872011,0.0,0.0,2.872011
13565,ANP32A,-66.47871,-2.8719654,0.0,0.0,2.8719654
2938,ABLIM1,66.349625,2.8717391,0.0,0.0,2.8717391
932,WDR93,66.93992,2.8715317,0.0,0.0,2.8715317
2850,DNAAF3,66.40192,2.8711221,0.0,0.0,2.8711221
2469,STK3,66.58065,2.8703136,0.0,0.0,2.8703136
589,ZNF490,67.00621,2.8702435,0.0,0.0,2.8702435
14684,EHD1,-66.85609,-2.870032,0.0,0.0,2.870032
4246,GRIN2A,63.42522,2.869835,0.0,0.0,2.869835
13277,YRDC,-66.40841,-2.8681946,0.0,0.0,2.8681946
13542,HSD17B10,-66.47396,-2.868162,0.0,0.0,2.868162
11051,INSL3,-59.473972,-2.8679945,0.0,0.0,2.8679945
3492,KCTD16,65.60512,2.867704,0.0,0.0,2.867704
12871,PCDHGA7,-66.291,-2.8673234,0.0,0.0,2.8673234
3067,GPR85,66.25564,2.867272,0.0,0.0,2.867272
2772,PI15,66.44517,2.8670027,0.0,0.0,2.8670027
2929,SULT1A3,66.355286,2.8668246,0.0,0.0,2.8668246
4236,TNFSF15,63.47377,2.8650491,0.0,0.0,2.8650491
3361,PLEKHD1,65.86364,2.8646326,0.0,0.0,2.8646326
758,TDRD3,66.97429,2.8645108,0.0,0.0,2.8645108
13748,MDH2,-66.52183,-2.8634849,0.0,0.0,2.8634849
1590,PHLPP2,66.81338,2.8632908,0.0,0.0,2.8632908
4064,STARD8,64.14406,2.8628268,0.0,0.0,2.8628268
5164,MRC1,57.557278,2.8626738,0.0,0.0,2.8626738
4087,NMRK2,64.08204,2.8619578,0.0,0.0,2.8619578
3990,ART4,64.42157,2.8616104,0.0,0.0,2.8616104
11075,TMEM125,-59.762917,-2.8612313,0.0,0.0,2.8612313
11384,HK2,-62.531258,-2.8610773,0.0,0.0,2.8610773
1924,TMEM220,66.74207,2.8599603,0.0,0.0,2.8599603
612,MFAP3,67.002144,2.8598433,0.0,0.0,2.8598433
14558,CAPNS1,-66.77772,-2.8594117,0.0,0.0,2.8594117
853,TRPS1,66.95358,2.8579376,0.0,0.0,2.8579376
11561,MCM4,-63.506294,-2.8572133,0.0,0.0,2.8572133
4402,SPHKAP,62.735027,2.8570478,0.0,0.0,2.8570478
428,DENND2C,67.03625,2.8559763,0.0,0.0,2.8559763
12148,KLF2,-65.55376,-2.8559363,0.0,0.0,2.8559363
10585,VAMP5,-53.394306,-2.8549538,0.0,0.0,2.8549538
14811,MOCS2,-67.01161,-2.8542962,0.0,0.0,2.8542962
14638,VDAC2,-66.82603,-2.8542006,0.0,0.0,2.8542006
11869,ADAMTS6,-64.832924,-2.854142,0.0,0.0,2.854142
11034,KCNAB3,-59.217377,-2.8539708,0.0,0.0,2.8539708
4178,CDNF,63.693256,2.8538501,0.0,0.0,2.8538501
3014,XYLB,66.29912,2.8534126,0.0,0.0,2.8534126
1231,MLLT10,66.88548,2.8532176,0.0,0.0,2.8532176
2982,QRICH2,66.32151,2.8529875,0.0,0.0,2.8529875
14033,HDGF,-66.594284,-2.8529873,0.0,0.0,2.8529873
14335,HDHD2,-66.67592,-2.8524377,0.0,0.0,2.8524377
14822,TIMM9,-67.05748,-2.8522353,0.0,0.0,2.8522353
2398,TTC28,66.60687,2.8521652,0.0,0.0,2.8521652
3272,MAFTRR,65.9936,2.8517401,0.0,0.0,2.8517401
11714,FGFBP3,-64.24703,-2.8511846,0.0,0.0,2.8511846
14617,EZR,-66.815025,-2.8503573,0.0,0.0,2.8503573
3732,GRK5,65.103966,2.8494465,0.0,0.0,2.8494465
4032,MMP25,64.288574,2.8479993,0.0,0.0,2.8479993
2893,SYCP2,66.3744,2.8478122,0.0,0.0,2.8478122
12761,ATP6V1G1,-66.251144,-2.8475285,0.0,0.0,2.8475285
2417,LRSAM1,66.599815,2.8472762,0.0,0.0,2.8472762
1198,STAG1,66.89201,2.8466918,0.0,0.0,2.8466918
10776,TMEM51-AS1,-56.160126,-2.8454316,0.0,0.0,2.8454316
3529,CD4,65.49967,2.8446755,0.0,0.0,2.8446755
3099,SH2D7,66.21891,2.844594,0.0,0.0,2.844594
2868,KANK3,66.39057,2.8441346,0.0,0.0,2.8441346
14266,MAP1LC3B,-66.65596,-2.8428535,0.0,0.0,2.8428535
4479,ABHD12B,62.328876,2.8423996,0.0,0.0,2.8423996
14734,VEGFB,-66.90226,-2.8408237,0.0,0.0,2.8408237
2153,ACOX3,66.68774,2.8404818,0.0,0.0,2.8404818
3046,DYSF,66.27972,2.8403785,0.0,0.0,2.8403785
14650,CCDC86,-66.83186,-2.8399887,0.0,0.0,2.8399887
13616,CCNI,-66.492584,-2.839259,0.0,0.0,2.839259
1130,ARHGEF11,66.90249,2.8392193,0.0,0.0,2.8392193
14439,TLN1,-66.72018,-2.838795,0.0,0.0,2.838795
14441,MRPL47,-66.72041,-2.8380096,0.0,0.0,2.8380096
11887,FNDC9,-64.88831,-2.8377395,0.0,0.0,2.8377395
2034,NRSN2-AS1,66.71938,2.837129,0.0,0.0,2.837129
550,GALK2,67.0141,2.8368042,0.0,0.0,2.8368042
3799,MX2,64.93717,2.8365006,0.0,0.0,2.8365006
1242,NBEA,66.884,2.836359,0.0,0.0,2.836359
3904,BMP6,64.687164,2.8358903,0.0,0.0,2.8358903
14784,ECI1,-66.950294,-2.8356836,0.0,0.0,2.8356836
14244,FKBP3,-66.647644,-2.8354046,0.0,0.0,2.8354046
10359,MT1F,-49.634113,-2.8353105,0.0,0.0,2.8353105
14275,SOX12,-66.65832,-2.8341157,0.0,0.0,2.8341157
9247,FAM174C,-24.0662,-2.8338304,5.649636823143135e-128,6.485777825221443e-128,2.8338304
1845,JHY,66.75934,2.8334968,0.0,0.0,2.8334968
14075,DNMT1,-66.603004,-2.8334072,0.0,0.0,2.8334072
11762,ZC3HAV1L,-64.45073,-2.8333979,0.0,0.0,2.8333979
304,ELP4,67.06119,2.8332908,0.0,0.0,2.8332908
1749,SELENOO,66.78136,2.8332288,0.0,0.0,2.8332288
1382,PARD3,66.857506,2.8329775,0.0,0.0,2.8329775
1673,MALAT1,66.79784,2.8325481,0.0,0.0,2.8325481
10525,ASIC4,-52.361954,-2.832335,0.0,0.0,2.832335
12487,COX5A,-66.05159,-2.8306472,0.0,0.0,2.8306472
1044,RHOBTB1,66.9193,2.8306308,0.0,0.0,2.8306308
2594,ZBTB20-AS4,66.53759,2.829961,0.0,0.0,2.829961
1820,CDK14,66.765564,2.8297634,0.0,0.0,2.8297634
11765,DAB2,-64.456894,-2.8288727,0.0,0.0,2.8288727
2829,REEP1,66.417625,2.8288503,0.0,0.0,2.8288503
2351,NRIP3,66.62057,2.8287702,0.0,0.0,2.8287702
9234,NXPH4,-23.615685,-2.8287008,2.659625545734114e-123,3.0457035339960345e-123,2.8287008
3080,LINC01936,66.240685,2.8281126,0.0,0.0,2.8281126
12654,MRPL11,-66.20212,-2.827888,0.0,0.0,2.827888
3654,TNFSF13B,65.28013,2.8277972,0.0,0.0,2.8277972
12354,VPS37D,-65.88954,-2.8276167,0.0,0.0,2.8276167
11604,OAF,-63.76904,-2.8271468,0.0,0.0,2.8271468
3112,KLHL31,66.20465,2.8267777,0.0,0.0,2.8267777
13462,ARPC2,-66.45514,-2.8267753,0.0,0.0,2.8267753
2380,FOCAD,66.61461,2.825815,0.0,0.0,2.825815
9725,SCIN,-35.460262,-2.824551,2.0152958718344934e-275,2.510824351073368e-275,2.824551
12898,DGCR6L,-66.299385,-2.8228579,0.0,0.0,2.8228579
4177,SHFL,63.693768,2.8211699,0.0,0.0,2.8211699
14577,C5orf24,-66.79118,-2.8210585,0.0,0.0,2.8210585
12767,MEX3D,-66.25312,-2.8210056,0.0,0.0,2.8210056
12286,SMC4,-65.811104,-2.8205,0.0,0.0,2.8205
12073,HES4,-65.404755,-2.8200123,0.0,0.0,2.8200123
11833,SMPDL3B,-64.718,-2.8196962,0.0,0.0,2.8196962
12176,RTN4R,-65.611885,-2.8188603,0.0,0.0,2.8188603
3133,SPTBN5,66.17861,2.8186252,0.0,0.0,2.8186252
4427,UBA7,62.633972,2.81839,0.0,0.0,2.81839
14389,NAP1L1,-66.70029,-2.8182843,0.0,0.0,2.8182843
787,CCDC171,66.96812,2.8180344,0.0,0.0,2.8180344
13657,DSP,-66.50261,-2.8175306,0.0,0.0,2.8175306
12418,TLCD1,-65.97137,-2.8174973,0.0,0.0,2.8174973
11528,PCDHGC4,-63.38067,-2.8141124,0.0,0.0,2.8141124
10471,RD3,-51.63133,-2.8136709,0.0,0.0,2.8136709
14653,ATP5F1A,-66.83537,-2.8136318,0.0,0.0,2.8136318
2358,DLGAP4-AS1,66.61894,2.8130953,0.0,0.0,2.8130953
2111,GTF2IRD2,66.70095,2.8130646,0.0,0.0,2.8130646
12743,SCAND1,-66.24543,-2.8124547,0.0,0.0,2.8124547
12357,HYAL3,-65.89213,-2.8123074,0.0,0.0,2.8123074
13131,GTF2F1,-66.37257,-2.8122709,0.0,0.0,2.8122709
11421,MED14OS,-62.73563,-2.8121707,0.0,0.0,2.8121707
10810,ACE,-56.563316,-2.8119652,0.0,0.0,2.8119652
1057,N4BP2L2,66.91615,2.811911,0.0,0.0,2.811911
9123,HMGA2-AS1,-20.898783,-2.8116307,5.492761234375398e-97,6.179877246777539e-97,2.8116307
12336,LRRC3,-65.87584,-2.8115692,0.0,0.0,2.8115692
13130,PSMB5,-66.372505,-2.811074,0.0,0.0,2.811074
11702,IGFBPL1,-64.184456,-2.8110094,0.0,0.0,2.8110094
10066,ICAM5,-43.643223,-2.8109756,0.0,0.0,2.8109756
11043,NIPAL4,-59.360867,-2.81071,0.0,0.0,2.81071
13320,NT5DC2,-66.418434,-2.8101058,0.0,0.0,2.8101058
300,RIPK1,67.062035,2.8099618,0.0,0.0,2.8099618
12656,EEF1AKMT3,-66.20239,-2.8093178,0.0,0.0,2.8093178
2327,LINC01301,66.62876,2.809026,0.0,0.0,2.809026
4365,RB1-DT,62.92977,2.8087664,0.0,0.0,2.8087664
11631,AQP5,-63.91169,-2.8087091,0.0,0.0,2.8087091
2042,DNAH1,66.71775,2.8077478,0.0,0.0,2.8077478
2841,CCDC9B,66.40611,2.8069203,0.0,0.0,2.8069203
3480,RTN4RL1,65.63255,2.806004,0.0,0.0,2.806004
11776,FAM111A-DT,-64.50476,-2.8045316,0.0,0.0,2.8045316
4326,TSPEAR,63.098133,2.8035932,0.0,0.0,2.8035932
14205,NOP14,-66.63775,-2.8034284,0.0,0.0,2.8034284
14483,PDZD11,-66.73914,-2.803413,0.0,0.0,2.803413
2201,MIS18A-AS1,66.674866,2.8033664,0.0,0.0,2.8033664
3453,SYNE1-AS1,65.69902,2.8027852,0.0,0.0,2.8027852
3219,SPTB,66.06501,2.8027272,0.0,0.0,2.8027272
13872,EIF3A,-66.556595,-2.8011236,0.0,0.0,2.8011236
4515,GABRA4,62.177166,2.8003273,0.0,0.0,2.8003273
12243,S100A16,-65.73341,-2.7992866,0.0,0.0,2.7992866
2210,LMTK3,66.67233,2.7991111,0.0,0.0,2.7991111
12764,RCN2,-66.25261,-2.7983446,0.0,0.0,2.7983446
3310,SLC39A5,65.93629,2.7982504,0.0,0.0,2.7982504
3053,TMEM154,66.27603,2.7977042,0.0,0.0,2.7977042
1840,IFT172,66.76051,2.7966943,0.0,0.0,2.7966943
13492,MPND,-66.46299,-2.7966018,0.0,0.0,2.7966018
13282,LSM10,-66.41037,-2.7963324,0.0,0.0,2.7963324
3322,KLHL34,65.90815,2.7958665,0.0,0.0,2.7958665
14252,MRPS2,-66.65032,-2.7955122,0.0,0.0,2.7955122
11345,NTF3,-62.225235,-2.794532,0.0,0.0,2.794532
4334,HPN,63.080143,2.7943902,0.0,0.0,2.7943902
2753,CRX,66.45619,2.7939007,0.0,0.0,2.7939007
11791,PCDHGB2,-64.57327,-2.793267,0.0,0.0,2.793267
12899,ADM5,-66.29962,-2.7915728,0.0,0.0,2.7915728
2194,MAP3K15,66.67721,2.7904418,0.0,0.0,2.7904418
1222,PHC2,66.88683,2.790028,0.0,0.0,2.790028
837,MTERF1,66.957,2.789812,0.0,0.0,2.789812
2276,SYNE1,66.64854,2.7893603,0.0,0.0,2.7893603
1172,AKAP10,66.89511,2.7888973,0.0,0.0,2.7888973
3238,LINC02572,66.04855,2.788568,0.0,0.0,2.788568
1058,TNS3,66.91581,2.7868516,0.0,0.0,2.7868516
2016,LINC01473,66.72525,2.7864354,0.0,0.0,2.7864354
13466,HNRNPK,-66.456314,-2.78637,0.0,0.0,2.78637
693,KCTD8,66.98721,2.7861152,0.0,0.0,2.7861152
13257,SMARCA5,-66.40351,-2.7849798,0.0,0.0,2.7849798
1660,HEATR5B,66.799614,2.7846906,0.0,0.0,2.7846906
3789,CLDN4,64.95253,2.7844028,0.0,0.0,2.7844028
2913,CFAP43,66.36334,2.783836,0.0,0.0,2.783836
10673,MYL1,-54.758003,-2.7823114,0.0,0.0,2.7823114
12463,ATRAID,-66.029945,-2.7821865,0.0,0.0,2.7821865
4274,CABCOCO1,63.31636,2.7819595,0.0,0.0,2.7819595
3273,ENOSF1,65.991936,2.7818005,0.0,0.0,2.7818005
13298,ING2,-66.413246,-2.7792346,0.0,0.0,2.7792346
6168,MT1M,45.931488,2.7789323,0.0,0.0,2.7789323
261,COG7,67.07147,2.7779894,0.0,0.0,2.7779894
12792,ATP6AP2,-66.26221,-2.7777917,0.0,0.0,2.7777917
3389,AZIN2,65.813286,2.7774258,0.0,0.0,2.7774258
14373,PUF60,-66.69051,-2.7772524,0.0,0.0,2.7772524
717,AQP11,66.983406,2.777062,0.0,0.0,2.777062
11787,CAPG,-64.55532,-2.776502,0.0,0.0,2.776502
14508,MOB4,-66.75059,-2.7759247,0.0,0.0,2.7759247
2518,SLC25A43,66.56646,2.7734008,0.0,0.0,2.7734008
3252,OPLAH,66.03599,2.7729867,0.0,0.0,2.7729867
14579,VBP1,-66.792,-2.7728634,0.0,0.0,2.7728634
2834,LINC01876,66.41095,2.7728238,0.0,0.0,2.7728238
2122,ATXN1,66.697174,2.7726061,0.0,0.0,2.7726061
13036,AKR7A2,-66.346306,-2.7725816,0.0,0.0,2.7725816
12071,ECM1,-65.40121,-2.7721958,0.0,0.0,2.7721958
13380,EIF2S2,-66.4344,-2.7719269,0.0,0.0,2.7719269
14761,MAGEF1,-66.92645,-2.7718124,0.0,0.0,2.7718124
2867,C1orf21,66.39121,2.7715273,0.0,0.0,2.7715273
10910,KCNF1,-57.87128,-2.7713037,0.0,0.0,2.7713037
11448,TNFRSF12A,-62.890457,-2.7703834,0.0,0.0,2.7703834
2717,CEP85,66.47978,2.7702014,0.0,0.0,2.7702014
10823,CALHM6,-56.62472,-2.7700462,0.0,0.0,2.7700462
14522,TXNL4A,-66.75782,-2.7680564,0.0,0.0,2.7680564
1129,POC1B-AS1,66.902504,2.767681,0.0,0.0,2.767681
13926,NDUFB5,-66.570076,-2.7660477,0.0,0.0,2.7660477
10690,CFAP206,-55.016953,-2.7657173,0.0,0.0,2.7657173
13265,NR2F6,-66.40578,-2.7645845,0.0,0.0,2.7645845
11377,AMOT,-62.46061,-2.7637863,0.0,0.0,2.7637863
3213,NKAIN1,66.06981,2.7636926,0.0,0.0,2.7636926
5946,COL15A1,48.925335,2.762316,0.0,0.0,2.762316
2274,CEP85L,66.64961,2.7615192,0.0,0.0,2.7615192
12352,MELTF-AS1,-65.888725,-2.761018,0.0,0.0,2.761018
11884,LINC01309,-64.88074,-2.7608294,0.0,0.0,2.7608294
3537,ARHGEF37,65.48591,2.7605522,0.0,0.0,2.7605522
11630,SMIM1,-63.910583,-2.7603106,0.0,0.0,2.7603106
3185,TMCC2,66.10368,2.7596393,0.0,0.0,2.7596393
11956,RPS27L,-65.08881,-2.7591808,0.0,0.0,2.7591808
4386,ZFP3,62.817764,2.7582972,0.0,0.0,2.7582972
1816,UNC13B,66.766685,2.7582562,0.0,0.0,2.7582562
3216,TENM1,66.06839,2.757282,0.0,0.0,2.757282
2086,FADS3,66.70803,2.756633,0.0,0.0,2.756633
14080,DDX19A,-66.60406,-2.7552,0.0,0.0,2.7552
972,ZNF487,66.93148,2.7549324,0.0,0.0,2.7549324
1919,RTTN,66.74305,2.7547956,0.0,0.0,2.7547956
4113,SPACA3,63.981594,2.7547913,0.0,0.0,2.7547913
13182,RANBP1,-66.38359,-2.7540753,0.0,0.0,2.7540753
3814,CHRNA10,64.899734,2.7539465,0.0,0.0,2.7539465
3722,LPAR3,65.133804,2.7537682,0.0,0.0,2.7537682
2688,DTWD2,66.49215,2.7530897,0.0,0.0,2.7530897
1308,SARM1,66.873604,2.7530394,0.0,0.0,2.7530394
160,APPL2,67.09607,2.7527628,0.0,0.0,2.7527628
4122,ATP8A2,63.96345,2.752611,0.0,0.0,2.752611
1132,PPP1R36,66.90221,2.752251,0.0,0.0,2.752251
1842,RELCH,66.76033,2.7521515,0.0,0.0,2.7521515
1557,LYST,66.820305,2.7516742,0.0,0.0,2.7516742
2053,PDE4A,66.7148,2.7515354,0.0,0.0,2.7515354
1723,UBAP1L,66.78654,2.7514381,0.0,0.0,2.7514381
1361,XRRA1,66.86128,2.7514322,0.0,0.0,2.7514322
3132,ITIH4,66.1787,2.7512958,0.0,0.0,2.7512958
10971,GATA2,-58.46885,-2.7512813,0.0,0.0,2.7512813
695,TMEM254-AS1,66.987015,2.7509882,0.0,0.0,2.7509882
12035,NDUFB4,-65.329155,-2.750578,0.0,0.0,2.750578
9802,TAGLN2,-37.661453,-2.7504807,2.124972640629e-310,2.68880379090257e-310,2.7504807
13196,RAPGEF6,-66.388794,-2.7498443,0.0,0.0,2.7498443
450,EFCAB7,67.03143,2.749788,0.0,0.0,2.749788
3166,RGS11,66.138885,2.7497022,0.0,0.0,2.7497022
12943,FGFRL1,-66.31099,-2.7496846,0.0,0.0,2.7496846
3118,NFATC2,66.19686,2.7496433,0.0,0.0,2.7496433
12540,SMAD5-AS1,-66.110565,-2.7493653,0.0,0.0,2.7493653
14104,PITPNA-AS1,-66.60961,-2.7491605,0.0,0.0,2.7491605
2334,ULK3,66.62562,2.7490902,0.0,0.0,2.7490902
3469,AHSG,65.657425,2.7483056,0.0,0.0,2.7483056
12486,CENPV,-66.04955,-2.7478504,0.0,0.0,2.7478504
12387,MANF,-65.921906,-2.7473438,0.0,0.0,2.7473438
3522,TLCD3B,65.52551,2.7454162,0.0,0.0,2.7454162
1838,FBXL4,66.76095,2.7451863,0.0,0.0,2.7451863
14771,TRIM24,-66.93954,-2.7449834,0.0,0.0,2.7449834
2996,RCAN2,66.31166,2.743442,0.0,0.0,2.743442
3098,MID1,66.22022,2.7434163,0.0,0.0,2.7434163
11950,SOD1,-65.07914,-2.742597,0.0,0.0,2.742597
14535,MRPL28,-66.768,-2.7425513,0.0,0.0,2.7425513
9858,FZD7,-38.9437,-2.7423139,0.0,0.0,2.7423139
11369,LINC02084,-62.418835,-2.7419796,0.0,0.0,2.7419796
12367,CBARP,-65.90274,-2.7410555,0.0,0.0,2.7410555
205,MAP3K13,67.08456,2.7403064,0.0,0.0,2.7403064
2847,NR6A1,66.403076,2.7402437,0.0,0.0,2.7402437
13762,IGSF3,-66.52869,-2.7401237,0.0,0.0,2.7401237
2715,SLC16A1-AS1,66.48034,2.7397573,0.0,0.0,2.7397573
12080,FSD1,-65.42432,-2.738409,0.0,0.0,2.738409
10789,TAC3,-56.33755,-2.738404,0.0,0.0,2.738404
2169,TTC21A,66.68286,2.7383554,0.0,0.0,2.7383554
14235,AP2M1,-66.64494,-2.7382936,0.0,0.0,2.7382936
1433,TXNRD3,66.84632,2.7373295,0.0,0.0,2.7373295
1958,ZNF875,66.73481,2.737206,0.0,0.0,2.737206
2541,AKAP13,66.55759,2.736266,0.0,0.0,2.736266
457,MIPOL1,67.02954,2.7352474,0.0,0.0,2.7352474
3598,NMNAT3,65.38099,2.7348406,0.0,0.0,2.7348406
4613,FAM90A1,61.720215,2.7346127,0.0,0.0,2.7346127
3851,CHRNA4,64.83264,2.7339892,0.0,0.0,2.7339892
14524,DPH3,-66.75837,-2.7335832,0.0,0.0,2.7335832
4382,BACH1-AS1,62.843723,2.7326918,0.0,0.0,2.7326918
2899,ZMYND12,66.37333,2.7325797,0.0,0.0,2.7325797
12056,TP53TG1,-65.36833,-2.7323468,0.0,0.0,2.7323468
12034,NDUFA1,-65.31712,-2.7303033,0.0,0.0,2.7303033
525,TTC27,67.01782,2.7291145,0.0,0.0,2.7291145
11151,IL17D,-60.387722,-2.728727,0.0,0.0,2.728727
3211,SCLT1,66.07166,2.7286453,0.0,0.0,2.7286453
11960,ECT2,-65.1131,-2.7272708,0.0,0.0,2.7272708
694,HDAC8,66.987114,2.726949,0.0,0.0,2.726949
4070,TNFAIP8L3,64.13058,2.7268925,0.0,0.0,2.7268925
12212,RNASE1,-65.681305,-2.7267308,0.0,0.0,2.7267308
1211,AEBP2,66.888405,2.7263172,0.0,0.0,2.7263172
4245,TM4SF18,63.438778,2.7259147,0.0,0.0,2.7259147
11657,JAG1,-64.017715,-2.7238505,0.0,0.0,2.7238505
13883,PPAT,-66.55894,-2.7226799,0.0,0.0,2.7226799
2857,MGAT5,66.39638,2.721909,0.0,0.0,2.721909
13433,UFC1,-66.44818,-2.7216568,0.0,0.0,2.7216568
14290,RBX1,-66.66281,-2.7216344,0.0,0.0,2.7216344
4185,CLMP,63.668514,2.721251,0.0,0.0,2.721251
11472,SELENOP,-63.057934,-2.7207096,0.0,0.0,2.7207096
3114,FUT2,66.20372,2.7206864,0.0,0.0,2.7206864
10564,SLC16A3,-53.027374,-2.7206833,0.0,0.0,2.7206833
2525,LINC02035,66.5648,2.7204335,0.0,0.0,2.7204335
1226,ADGRA3,66.8861,2.7201028,0.0,0.0,2.7201028
669,FHOD1,66.991295,2.7197978,0.0,0.0,2.7197978
3641,STEAP1,65.29902,2.7196863,0.0,0.0,2.7196863
1960,CDON,66.7345,2.719216,0.0,0.0,2.719216
3760,FCN3,65.04571,2.7192104,0.0,0.0,2.7192104
1530,FAM120C,66.82599,2.7190876,0.0,0.0,2.7190876
1562,CYTH3,66.81909,2.7187247,0.0,0.0,2.7187247
3694,CHRDL1,65.16438,2.7179358,0.0,0.0,2.7179358
12589,DNALI1,-66.16363,-2.7174296,0.0,0.0,2.7174296
1400,CBFA2T2,66.85462,2.7174225,0.0,0.0,2.7174225
4249,PAX6,63.409115,2.7172575,0.0,0.0,2.7172575
770,CDKL3,66.97132,2.7171872,0.0,0.0,2.7171872
731,NSMAF,66.97973,2.7170033,0.0,0.0,2.7170033
4214,DAW1,63.581707,2.716596,0.0,0.0,2.716596
2181,PRPF40B,66.679855,2.7165065,0.0,0.0,2.7165065
2916,MITF,66.36167,2.716254,0.0,0.0,2.716254
7603,ARMS2,17.94578,-2.7162194,5.177893796646784e-72,5.71761915702989e-72,2.7162194
1834,CRTC3,66.76226,2.715693,0.0,0.0,2.715693
12275,PSMC5,-65.79587,-2.7154598,0.0,0.0,2.7154598
9675,TRIP13,-34.24046,-2.7142766,6.0485941932791125e-257,7.461878263227626e-257,2.7142766
5004,TENM3-AS1,58.85417,2.7140582,0.0,0.0,2.7140582
4230,SLC13A5,63.490845,2.7138844,0.0,0.0,2.7138844
10677,SGO2,-54.79954,-2.7132382,0.0,0.0,2.7132382
14242,DRAP1,-66.64658,-2.7126815,0.0,0.0,2.7126815
3013,DOK7,66.29943,2.7125561,0.0,0.0,2.7125561
5120,EBF2,57.927177,2.7119844,0.0,0.0,2.7119844
1654,ZNF552,66.800446,2.7117991,0.0,0.0,2.7117991
2527,TRIO,66.56312,2.7116354,0.0,0.0,2.7116354
13721,CRNKL1,-66.516174,-2.7115862,0.0,0.0,2.7115862
3666,CES3,65.24644,2.7113,0.0,0.0,2.7113
1863,AUH,66.75638,2.7112424,0.0,0.0,2.7112424
14568,PIN1,-66.78681,-2.7111497,0.0,0.0,2.7111497
1765,C2CD3,66.77919,2.7107527,0.0,0.0,2.7107527
13010,OSTC,-66.33499,-2.7104974,0.0,0.0,2.7104974
13511,SRRD,-66.466866,-2.710083,0.0,0.0,2.710083
11795,FBN2,-64.589005,-2.7098582,0.0,0.0,2.7098582
12289,RPA4,-65.81625,-2.7092612,0.0,0.0,2.7092612
12384,PARD6A,-65.92028,-2.7091105,0.0,0.0,2.7091105
2162,KIF6,66.68447,2.7086499,0.0,0.0,2.7086499
4885,CCK,59.71226,2.7083752,0.0,0.0,2.7083752
13952,PSMD6,-66.57637,-2.7083077,0.0,0.0,2.7083077
12498,CADM4,-66.06842,-2.708207,0.0,0.0,2.708207
2981,TMEM143,66.32314,2.707563,0.0,0.0,2.707563
11767,TUBB4B,-64.46101,-2.707365,0.0,0.0,2.707365
2357,PDSS2,66.61911,2.7062135,0.0,0.0,2.7062135
13393,NLE1,-66.43793,-2.7058933,0.0,0.0,2.7058933
12572,STX1B,-66.1495,-2.7057314,0.0,0.0,2.7057314
1387,HGSNAT,66.85692,2.7055233,0.0,0.0,2.7055233
2008,NLK,66.726494,2.705066,0.0,0.0,2.705066
12541,MZT2A,-66.11112,-2.704803,0.0,0.0,2.704803
2882,AGAP1,66.38397,2.7041469,0.0,0.0,2.7041469
3797,ANKRD29,64.94073,2.7033243,0.0,0.0,2.7033243
5096,ARMCX3-AS1,58.090714,2.7027347,0.0,0.0,2.7027347
13467,ADH5,-66.45636,-2.702534,0.0,0.0,2.702534
11582,CITED1,-63.618702,-2.7012167,0.0,0.0,2.7012167
3358,NEURL1,65.86623,2.7008889,0.0,0.0,2.7008889
718,UBTD1,66.98316,2.699506,0.0,0.0,2.699506
3976,GDPD2,64.45279,2.698684,0.0,0.0,2.698684
14446,BAK1,-66.72414,-2.6976855,0.0,0.0,2.6976855
2022,VSIG10,66.72349,2.696947,0.0,0.0,2.696947
11620,LINC01144,-63.86145,-2.6960807,0.0,0.0,2.6960807
11409,RGPD5,-62.682514,-2.6959226,0.0,0.0,2.6959226
13885,SRI,-66.55981,-2.6945539,0.0,0.0,2.6945539
3567,GRM3,65.44089,2.6942666,0.0,0.0,2.6942666
467,RPS6KC1,67.02772,2.6936882,0.0,0.0,2.6936882
13189,PSMB4,-66.386734,-2.6936183,0.0,0.0,2.6936183
5086,ARC,58.204754,2.6935635,0.0,0.0,2.6935635
13448,ZNF770,-66.45218,-2.6934888,0.0,0.0,2.6934888
12247,HSPB1,-65.7415,-2.6929677,0.0,0.0,2.6929677
2063,EYA3,66.71355,2.6929545,0.0,0.0,2.6929545
1922,NCOA2,66.742676,2.6929321,0.0,0.0,2.6929321
10074,PLAC9,-43.911354,-2.6915317,0.0,0.0,2.6915317
14578,LAPTM4B,-66.79121,-2.691333,0.0,0.0,2.691333
181,PIBF1,67.09032,2.6911654,0.0,0.0,2.6911654
2081,ZXDC,66.709274,2.6900814,0.0,0.0,2.6900814
3411,GPER1,65.77686,2.6890786,0.0,0.0,2.6890786
1550,KDM7A,66.82218,2.6890666,0.0,0.0,2.6890666
1024,ORC5,66.92268,2.6886733,0.0,0.0,2.6886733
3879,GRHL3,64.75541,2.6879098,0.0,0.0,2.6879098
3927,DOK6,64.62788,2.6875732,0.0,0.0,2.6875732
11374,CD74,-62.44171,-2.687264,0.0,0.0,2.687264
12884,AMER1,-66.29516,-2.686836,0.0,0.0,2.686836
12717,LSM3,-66.23592,-2.686746,0.0,0.0,2.686746
2346,MAP3K3,66.62202,2.6861734,0.0,0.0,2.6861734
13551,MMGT1,-66.475876,-2.6861608,0.0,0.0,2.6861608
3294,ST8SIA1,65.95864,2.6860464,0.0,0.0,2.6860464
882,RANBP10,66.94777,2.6859386,0.0,0.0,2.6859386
2290,NUBPL,66.64359,2.6857345,0.0,0.0,2.6857345
4412,C1QTNF1-AS1,62.70069,2.6851661,0.0,0.0,2.6851661
923,CLASRP,66.94107,2.684787,0.0,0.0,2.684787
2879,SLC25A20,66.38537,2.6846797,0.0,0.0,2.6846797
1170,USP49,66.8954,2.684642,0.0,0.0,2.684642
13352,GDF11,-66.42405,-2.6844034,0.0,0.0,2.6844034
13761,PYURF,-66.528046,-2.684356,0.0,0.0,2.684356
2031,ZNF213,66.71972,2.683803,0.0,0.0,2.683803
3260,NXPE2,66.024704,2.6833103,0.0,0.0,2.6833103
3290,APOA1-AS,65.97369,2.6832747,0.0,0.0,2.6832747
3833,SYK,64.869225,2.683124,0.0,0.0,2.683124
9695,BIRC7,-34.814213,-2.6830502,1.4825570865371813e-265,1.8364490228374625e-265,2.6830502
3254,B3GALNT1,66.03117,2.6830468,0.0,0.0,2.6830468
982,FAM174B,66.92947,2.6823063,0.0,0.0,2.6823063
12931,CASC9,-66.30803,-2.6822293,0.0,0.0,2.6822293
1026,ELF1,66.92237,2.6816914,0.0,0.0,2.6816914
12165,DEGS2,-65.58991,-2.6815302,0.0,0.0,2.6815302
966,TENT2,66.93271,2.6796873,0.0,0.0,2.6796873
14708,MLF2,-66.870415,-2.6794097,0.0,0.0,2.6794097
10002,FAS,-42.30296,-2.6793947,0.0,0.0,2.6793947
3553,TFR2,65.45865,2.6793816,0.0,0.0,2.6793816
11475,PDE1B,-63.09892,-2.6793768,0.0,0.0,2.6793768
13694,UBTF,-66.51016,-2.6788356,0.0,0.0,2.6788356
4629,GP1BA,61.626728,2.6787217,0.0,0.0,2.6787217
3044,PPP1R13B,66.28047,2.6783426,0.0,0.0,2.6783426
4709,HRCT1,61.078766,2.6778018,0.0,0.0,2.6778018
262,ZFP64,67.07106,2.677099,0.0,0.0,2.677099
4049,MYO3A,64.227806,2.675849,0.0,0.0,2.675849
9419,ZNF732,-28.364307,-2.6757362,5.575811400439887e-177,6.57874772314431e-177,2.6757362
573,SLC38A6,67.01045,2.6754093,0.0,0.0,2.6754093
13120,FOXRED2,-66.36854,-2.6751635,0.0,0.0,2.6751635
12864,ZBTB14,-66.29004,-2.6746073,0.0,0.0,2.6746073
12748,CAMLG,-66.246635,-2.6736538,0.0,0.0,2.6736538
3245,PIPOX,66.04385,2.6736002,0.0,0.0,2.6736002
10429,BBC3,-50.927288,-2.67354,0.0,0.0,2.67354
14481,MRPL20,-66.73848,-2.6730213,0.0,0.0,2.6730213
1349,PIK3CB,66.86465,2.6728013,0.0,0.0,2.6728013
13863,C21orf91,-66.55494,-2.6718297,0.0,0.0,2.6718297
3162,CMYA5,66.141495,2.671801,0.0,0.0,2.671801
13066,SPCS1,-66.35372,-2.671559,0.0,0.0,2.671559
3037,ACKR4,66.284836,2.670895,0.0,0.0,2.670895
3757,LRRC39,65.05,2.6705778,0.0,0.0,2.6705778
2012,AGO4,66.72604,2.6701252,0.0,0.0,2.6701252
4627,P2RY14,61.641537,2.6698835,0.0,0.0,2.6698835
13060,NFKBIE,-66.35169,-2.6696458,0.0,0.0,2.6696458
12856,HDGFL2,-66.288635,-2.6693764,0.0,0.0,2.6693764
1578,TNRC6C,66.81589,2.669035,0.0,0.0,2.669035
9810,SFTA1P,-37.802547,-2.668571,0.0,0.0,2.668571
9984,KLHL14,-41.850124,-2.6682951,0.0,0.0,2.6682951
14201,EIF3L,-66.63706,-2.667971,0.0,0.0,2.667971
13767,METTL23,-66.52942,-2.6677866,0.0,0.0,2.6677866
11805,NUDT18,-64.63109,-2.6676843,0.0,0.0,2.6676843
1808,TMEM67,66.768745,2.667461,0.0,0.0,2.667461
12640,PGLS,-66.19405,-2.66744,0.0,0.0,2.66744
12955,ARPC3,-66.315384,-2.6672113,0.0,0.0,2.6672113
13015,PHF6,-66.3374,-2.6659725,0.0,0.0,2.6659725
2522,TRPC1,66.56567,2.6658382,0.0,0.0,2.6658382
2727,GRAMD1B,66.47237,2.66578,0.0,0.0,2.66578
5261,TIE1,56.591305,2.6652963,0.0,0.0,2.6652963
611,ATXN7L1,67.002365,2.665199,0.0,0.0,2.665199
12382,SEC23A-AS1,-65.918045,-2.6651924,0.0,0.0,2.6651924
1988,POLH-AS1,66.72985,2.6645658,0.0,0.0,2.6645658
4012,RASSF6,64.348404,2.6641536,0.0,0.0,2.6641536
12285,CCND1,-65.810455,-2.6637414,0.0,0.0,2.6637414
2336,ABCC5,66.62502,2.663443,0.0,0.0,2.663443
2615,BSN,66.53057,2.6634037,0.0,0.0,2.6634037
14783,BUD23,-66.949715,-2.663366,0.0,0.0,2.663366
368,DHRS7B,67.04638,2.6631165,0.0,0.0,2.6631165
3364,ABTB2,65.859825,2.662516,0.0,0.0,2.662516
2952,EVC2,66.343376,2.6622508,0.0,0.0,2.6622508
12566,USP51,-66.14507,-2.6620176,0.0,0.0,2.6620176
14170,MRPS34,-66.62932,-2.662005,0.0,0.0,2.662005
797,ATP6V1C2,66.96614,2.6615531,0.0,0.0,2.6615531
12330,PLXNA1,-65.87167,-2.6614108,0.0,0.0,2.6614108
12360,NKX2-5,-65.897484,-2.660676,0.0,0.0,2.660676
4272,NAMA,63.31915,2.6602297,0.0,0.0,2.6602297
2379,OGFRP1,66.615005,2.6593149,0.0,0.0,2.6593149
14326,EIF3D,-66.673195,-2.6591625,0.0,0.0,2.6591625
11346,CENPH,-62.230286,-2.6590307,0.0,0.0,2.6590307
14233,ANAPC13,-66.64448,-2.6584587,0.0,0.0,2.6584587
1699,LIPE,66.79236,2.6576607,0.0,0.0,2.6576607
418,TOM1L1,67.03826,2.6576443,0.0,0.0,2.6576443
1580,SUFU,66.81535,2.657462,0.0,0.0,2.657462
2079,PER2,66.70969,2.6567261,0.0,0.0,2.6567261
13821,IPO5,-66.54198,-2.6560488,0.0,0.0,2.6560488
3083,EXOG,66.23878,2.6557565,0.0,0.0,2.6557565
12870,C11orf68,-66.2908,-2.6545234,0.0,0.0,2.6545234
14056,GTPBP4,-66.59868,-2.6544073,0.0,0.0,2.6544073
2176,PLPP3,66.681694,2.6532543,0.0,0.0,2.6532543
13309,DDX41,-66.41483,-2.6529334,0.0,0.0,2.6529334
9775,PRSS53,-36.87919,-2.6528893,9.963671417450654e-298,1.2541051582127696e-297,2.6528893
2378,LINC01545,66.61518,2.6524653,0.0,0.0,2.6524653
11056,SFRP1,-59.52654,-2.6521792,0.0,0.0,2.6521792
2932,GLIDR,66.35257,2.6513968,0.0,0.0,2.6513968
6637,BOC,38.595882,2.6512783,0.0,0.0,2.6512783
11693,RGMB-AS1,-64.156364,-2.650898,0.0,0.0,2.650898
10905,BTN3A2,-57.772877,-2.6506798,0.0,0.0,2.6506798
1029,MON2,66.921936,2.6503859,0.0,0.0,2.6503859
11614,FAM131C,-63.829933,-2.6502128,0.0,0.0,2.6502128
4039,GZMM,64.25118,2.6501408,0.0,0.0,2.6501408
2531,ADCK1,66.56068,2.6500075,0.0,0.0,2.6500075
14360,LLPH,-66.685074,-2.6492972,0.0,0.0,2.6492972
13859,TCAF1,-66.55268,-2.6492202,0.0,0.0,2.6492202
11213,TEX38,-61.09376,-2.647457,0.0,0.0,2.647457
858,ORC2,66.95216,2.6474175,0.0,0.0,2.6474175
11900,SYTL1,-64.94067,-2.6472182,0.0,0.0,2.6472182
2890,TSPAN9,66.37547,2.647053,0.0,0.0,2.647053
3036,CD101,66.28529,2.6467404,0.0,0.0,2.6467404
4378,PAX3,62.86385,2.6467395,0.0,0.0,2.6467395
12278,ROM1,-65.80142,-2.6462615,0.0,0.0,2.6462615
9482,DSC3,-29.845251,-2.6459978,1.0116962481034751e-195,1.2068259515501198e-195,2.6459978
12026,HOGA1,-65.28497,-2.645549,0.0,0.0,2.645549
1585,ZNF75D,66.813934,2.645101,0.0,0.0,2.645101
4116,ZNF804A,63.97626,2.644967,0.0,0.0,2.644967
1955,PKP4,66.73543,2.6445758,0.0,0.0,2.6445758
2191,PSMD6-AS1,66.67758,2.6445298,0.0,0.0,2.6445298
14102,MRPS15,-66.60945,-2.643903,0.0,0.0,2.643903
9754,RASL10A,-36.22881,-2.6431592,2.1431122640781434e-287,2.687225058212965e-287,2.6431592
13766,UBAC2-AS1,-66.52937,-2.6423948,0.0,0.0,2.6423948
13741,ARF1,-66.520195,-2.6421816,0.0,0.0,2.6421816
2502,IKZF2,66.5717,2.6415417,0.0,0.0,2.6415417
13154,BORCS6,-66.37813,-2.6415288,0.0,0.0,2.6415288
1434,FOXO3,66.84609,2.6406047,0.0,0.0,2.6406047
14422,GDE1,-66.713554,-2.640459,0.0,0.0,2.640459
12096,MYL7,-65.46081,-2.6404305,0.0,0.0,2.6404305
3286,CTSK,65.976814,2.640417,0.0,0.0,2.640417
10297,NETO1,-48.52254,-2.639415,0.0,0.0,2.639415
9300,CENPK,-25.261265,-2.6385005,8.517549269349556e-141,9.854417131891979e-141,2.6385005
1035,TUBE1,66.9211,2.638487,0.0,0.0,2.638487
12450,BTN2A2,-66.01074,-2.6381927,0.0,0.0,2.6381927
13263,CEP41,-66.404755,-2.6381202,0.0,0.0,2.6381202
2635,FCSK,66.519035,2.6380603,0.0,0.0,2.6380603
14406,PLEKHO1,-66.7076,-2.6377127,0.0,0.0,2.6377127
12109,LAPTM4A,-65.48611,-2.6376538,0.0,0.0,2.6376538
11783,ELOVL6,-64.522865,-2.637442,0.0,0.0,2.637442
3791,CARMIL1,64.94763,2.636173,0.0,0.0,2.636173
2259,ARL17A,66.65557,2.6361058,0.0,0.0,2.6361058
290,ZNF665,67.064026,2.6360757,0.0,0.0,2.6360757
1939,TRIQK,66.73923,2.6351244,0.0,0.0,2.6351244
14120,PGD,-66.613976,-2.6349368,0.0,0.0,2.6349368
2161,PEAK1,66.68537,2.63466,0.0,0.0,2.63466
2853,INSR,66.398,2.6346211,0.0,0.0,2.6346211
13676,RTF2,-66.506546,-2.6342914,0.0,0.0,2.6342914
1184,TMLHE,66.89384,2.6334562,0.0,0.0,2.6334562
3335,PRKAG2,65.89743,2.6331437,0.0,0.0,2.6331437
2480,PTER,66.577126,2.6321435,0.0,0.0,2.6321435
1451,TBC1D5,66.84264,2.6312401,0.0,0.0,2.6312401
1235,SLC9A1,66.88499,2.6310453,0.0,0.0,2.6310453
10878,FOSB,-57.417343,-2.6308744,0.0,0.0,2.6308744
2902,CACNA1B,66.370415,2.630423,0.0,0.0,2.630423
1009,HIP1R,66.92518,2.629904,0.0,0.0,2.629904
2539,SKOR1,66.55782,2.6295712,0.0,0.0,2.6295712
3702,FABP6,65.15265,2.6295202,0.0,0.0,2.6295202
3747,TBX6,65.07081,2.6276743,0.0,0.0,2.6276743
14501,PPM1G,-66.74803,-2.6270916,0.0,0.0,2.6270916
2570,UBR3,66.547714,2.6268954,0.0,0.0,2.6268954
11193,NAV1,-60.819633,-2.6258497,0.0,0.0,2.6258497
11839,BAMBI,-64.72802,-2.6254725,0.0,0.0,2.6254725
12061,CACHD1,-65.370865,-2.6249843,0.0,0.0,2.6249843
13834,MRPL44,-66.54492,-2.6243656,0.0,0.0,2.6243656
1809,SYT16,66.7687,2.6242967,0.0,0.0,2.6242967
4232,GPR35,63.486862,2.6240547,0.0,0.0,2.6240547
11444,CLN6,-62.88082,-2.6238458,0.0,0.0,2.6238458
14608,PRDX3,-66.80806,-2.6228673,0.0,0.0,2.6228673
12245,KLHL7-DT,-65.73519,-2.6225605,0.0,0.0,2.6225605
1993,KLHL22,66.72942,2.6220853,0.0,0.0,2.6220853
12448,TET1,-66.00976,-2.6219866,0.0,0.0,2.6219866
925,SLC9A8,66.94064,2.621922,0.0,0.0,2.621922
491,HDX,67.02379,2.6218798,0.0,0.0,2.6218798
14409,LSM1,-66.70932,-2.6210337,0.0,0.0,2.6210337
615,LIN7A,67.00179,2.620028,0.0,0.0,2.620028
12975,UTP3,-66.32211,-2.619956,0.0,0.0,2.619956
3978,GPRIN2,64.44622,2.6189973,0.0,0.0,2.6189973
3809,SUGCT,64.90831,2.6187103,0.0,0.0,2.6187103
3671,MYBPC3,65.22846,2.6186352,0.0,0.0,2.6186352
10064,NPFF,-43.552006,-2.6177926,0.0,0.0,2.6177926
13285,JMJD8,-66.41179,-2.617577,0.0,0.0,2.617577
14311,CDC34,-66.66737,-2.6168761,0.0,0.0,2.6168761
10176,ENG,-46.157112,-2.6166313,0.0,0.0,2.6166313
11837,UQCRB,-64.72029,-2.6159375,0.0,0.0,2.6159375
1882,ACTR3B,66.75324,2.6158998,0.0,0.0,2.6158998
1956,NFATC3,66.735016,2.6151989,0.0,0.0,2.6151989
1333,MAMSTR,66.86828,2.6150355,0.0,0.0,2.6150355
3137,RAB26,66.17595,2.6147602,0.0,0.0,2.6147602
2955,CATSPER2,66.341545,2.613976,0.0,0.0,2.613976
438,EPB41,67.03428,2.6136627,0.0,0.0,2.6136627
4090,PCED1B,64.07431,2.6130762,0.0,0.0,2.6130762
9543,GDF15,-31.516708,-2.610781,5.128294574860094e-218,6.185064392921042e-218,2.610781
3929,SULT1C2,64.62002,2.6103566,0.0,0.0,2.6103566
13132,IRAK1,-66.372734,-2.6102467,0.0,0.0,2.6102467
749,USP45,66.97688,2.6101353,0.0,0.0,2.6101353
14291,MRPL57,-66.66288,-2.6087089,0.0,0.0,2.6087089
10462,POLD4,-51.473183,-2.6083558,0.0,0.0,2.6083558
351,RBM6,67.05,2.6079082,0.0,0.0,2.6079082
4131,RELB,63.91694,2.6078131,0.0,0.0,2.6078131
2666,LINC01664,66.502686,2.6063657,0.0,0.0,2.6063657
5273,PLEKHA6,56.463207,2.6062331,0.0,0.0,2.6062331
13446,BAG5,-66.45148,-2.6053932,0.0,0.0,2.6053932
334,HIBCH,67.05387,2.6050544,0.0,0.0,2.6050544
312,TXNL4B,67.05923,2.604555,0.0,0.0,2.604555
869,ZNF155,66.950356,2.6044972,0.0,0.0,2.6044972
14146,MRM2,-66.62208,-2.603856,0.0,0.0,2.603856
4158,SIM2,63.773037,2.6037729,0.0,0.0,2.6037729
557,ZNF630,67.01262,2.6029994,0.0,0.0,2.6029994
12789,BCAM,-66.261696,-2.6026042,0.0,0.0,2.6026042
13003,KDELR3,-66.331604,-2.601729,0.0,0.0,2.601729
14151,CCNG1,-66.623,-2.6016095,0.0,0.0,2.6016095
868,CCDC57,66.95045,2.6015322,0.0,0.0,2.6015322
11986,KLHDC9,-65.18743,-2.6014833,0.0,0.0,2.6014833
11404,RAI14,-62.644943,-2.6009033,0.0,0.0,2.6009033
14682,MAPRE1,-66.85564,-2.599486,0.0,0.0,2.599486
10280,CELF6,-48.169434,-2.5994046,0.0,0.0,2.5994046
3823,PITRM1-AS1,64.884514,2.5986311,0.0,0.0,2.5986311
1637,KIZ,66.80329,2.5985675,0.0,0.0,2.5985675
688,LINC00910,66.98815,2.5984678,0.0,0.0,2.5984678
563,COP1,67.01162,2.5977957,0.0,0.0,2.5977957
1450,NUTM2B-AS1,66.842804,2.5974393,0.0,0.0,2.5974393
12652,G6PC3,-66.2017,-2.5971138,0.0,0.0,2.5971138
13645,ARL1,-66.49853,-2.5961962,0.0,0.0,2.5961962
1428,CERS6,66.84778,2.596175,0.0,0.0,2.596175
3360,DUSP1,65.863815,2.5949678,0.0,0.0,2.5949678
2221,PPP1R9A,66.6682,2.594299,0.0,0.0,2.594299
11252,CHST2,-61.462925,-2.5937912,0.0,0.0,2.5937912
3456,GRID1,65.69589,2.590858,0.0,0.0,2.590858
3049,PDE4DIP,66.27746,2.5900626,0.0,0.0,2.5900626
14762,PDHA1,-66.927124,-2.5897446,0.0,0.0,2.5897446
635,ZNF333,66.99882,2.589569,0.0,0.0,2.589569
2509,TRAK1,66.5695,2.5886652,0.0,0.0,2.5886652
10742,OR4P4,-55.779224,-2.588468,0.0,0.0,2.588468
13553,ARL5B,-66.47619,-2.5883946,0.0,0.0,2.5883946
11503,C1orf53,-63.267567,-2.5883436,0.0,0.0,2.5883436
12444,CHKB-DT,-66.00796,-2.5872676,0.0,0.0,2.5872676
12614,IL17B,-66.18234,-2.5849729,0.0,0.0,2.5849729
12237,BMP7,-65.72381,-2.5847812,0.0,0.0,2.5847812
4559,GBP3,61.998264,2.5843563,0.0,0.0,2.5843563
11957,ADCY7,-65.0889,-2.5841937,0.0,0.0,2.5841937
3266,AMPH,66.0036,2.5841458,0.0,0.0,2.5841458
5006,SNHG25,58.836052,2.5836058,0.0,0.0,2.5836058
12823,UBXN1,-66.27374,-2.5835013,0.0,0.0,2.5835013
2754,TRAK2,66.45583,2.5830457,0.0,0.0,2.5830457
2777,CLYBL,66.443115,2.5829542,0.0,0.0,2.5829542
3682,NCAM2,65.19585,2.5829325,0.0,0.0,2.5829325
14815,SCO1,-67.02448,-2.5827298,0.0,0.0,2.5827298
419,NSUN6,67.037865,2.5823493,0.0,0.0,2.5823493
11611,EPB41L4A-DT,-63.82202,-2.582082,0.0,0.0,2.582082
12684,ZMAT3,-66.21803,-2.582065,0.0,0.0,2.582065
3580,UCP3,65.42162,2.5816274,0.0,0.0,2.5816274
12937,SNRPB2,-66.30903,-2.581283,0.0,0.0,2.581283
12736,ETNK2,-66.24199,-2.5812614,0.0,0.0,2.5812614
3709,ADA2,65.14768,2.5808482,0.0,0.0,2.5808482
14729,SNX18,-66.896286,-2.5802412,0.0,0.0,2.5802412
4072,ACCS,64.1283,2.5802372,0.0,0.0,2.5802372
3751,ZNF860,65.060005,2.5802202,0.0,0.0,2.5802202
13322,FRAT2,-66.41881,-2.5801575,0.0,0.0,2.5801575
13037,CBX1,-66.34637,-2.5795486,0.0,0.0,2.5795486
617,MAPK8,67.00168,2.5794249,0.0,0.0,2.5794249
1482,TXNDC11,66.83515,2.579082,0.0,0.0,2.579082
1708,VPS54,66.790184,2.5786936,0.0,0.0,2.5786936
13695,TMEM167A,-66.51033,-2.5785205,0.0,0.0,2.5785205
14803,IARS2,-66.98117,-2.577812,0.0,0.0,2.577812
4361,INPP4B,62.946938,2.577621,0.0,0.0,2.577621
421,ZDHHC13,67.037384,2.5773466,0.0,0.0,2.5773466
11248,SOCS2,-61.440857,-2.5773284,0.0,0.0,2.5773284
4940,HSPA2,59.292908,2.5765178,0.0,0.0,2.5765178
14700,SNAPC5,-66.86427,-2.5758526,0.0,0.0,2.5758526
2504,FLYWCH1,66.57137,2.5756514,0.0,0.0,2.5756514
1945,HELZ2,66.737915,2.5742319,0.0,0.0,2.5742319
11931,FZD4,-65.03835,-2.5740435,0.0,0.0,2.5740435
4851,SPOCK2,59.93507,2.5738559,0.0,0.0,2.5738559
4432,PRC1-AS1,62.600132,2.5737228,0.0,0.0,2.5737228
12358,GSTM2,-65.89277,-2.573697,0.0,0.0,2.573697
3071,ARHGAP10,66.253075,2.5734866,0.0,0.0,2.5734866
14390,ALDH6A1,-66.70038,-2.5733657,0.0,0.0,2.5733657
13047,ZSCAN16,-66.34911,-2.5724747,0.0,0.0,2.5724747
12496,LIPT2,-66.06581,-2.5711524,0.0,0.0,2.5711524
4002,TVP23A,64.38372,2.5709994,0.0,0.0,2.5709994
12469,DPM3,-66.03533,-2.5704613,0.0,0.0,2.5704613
4193,RUNX3,63.63885,2.57032,0.0,0.0,2.57032
3902,PPP1R12B,64.69818,2.5699546,0.0,0.0,2.5699546
1592,MARK3,66.81302,2.56967,0.0,0.0,2.56967
13458,NAB2,-66.45448,-2.5690641,0.0,0.0,2.5690641
3261,CBX7,66.02467,2.5689514,0.0,0.0,2.5689514
9028,L1TD1,-18.547174,-2.568557,8.595244434030151e-77,9.533772358170755e-77,2.568557
13471,BCAP31,-66.4577,-2.5680013,0.0,0.0,2.5680013
2770,SSH2,66.44718,2.56739,0.0,0.0,2.56739
4009,PFKFB2,64.35475,2.566475,0.0,0.0,2.566475
2632,RIN2,66.52016,2.5657034,0.0,0.0,2.5657034
489,MCPH1,67.0242,2.5655067,0.0,0.0,2.5655067
1051,ACVR1,66.91858,2.5652435,0.0,0.0,2.5652435
9863,SERPINI1,-39.067978,-2.5651584,0.0,0.0,2.5651584
12601,SEPHS2,-66.17369,-2.5640137,0.0,0.0,2.5640137
13205,PSMD8,-66.39114,-2.563982,0.0,0.0,2.563982
4639,S100Z,61.548405,2.5639136,0.0,0.0,2.5639136
4217,CPLX1,63.558434,2.5637562,0.0,0.0,2.5637562
4112,WNT10B,63.989597,2.5637152,0.0,0.0,2.5637152
2083,VPS13A,66.70856,2.563487,0.0,0.0,2.563487
12996,ATP6AP1,-66.32926,-2.5624826,0.0,0.0,2.5624826
4683,ADGRF5,61.29089,2.5618432,0.0,0.0,2.5618432
10740,UQCRHL,-55.74775,-2.5614002,0.0,0.0,2.5614002
11295,SLC35G3,-61.83275,-2.5609913,0.0,0.0,2.5609913
12605,NAXE,-66.17519,-2.560949,0.0,0.0,2.560949
4753,BLID,60.7931,2.5601113,0.0,0.0,2.5601113
12597,AGTRAP,-66.169235,-2.5600727,0.0,0.0,2.5600727
11664,CPNE2,-64.05381,-2.559435,0.0,0.0,2.559435
2558,ABHD18,66.55243,2.558696,0.0,0.0,2.558696
3145,WDR97,66.16149,2.558339,0.0,0.0,2.558339
4046,OSGIN1,64.230095,2.5579178,0.0,0.0,2.5579178
3835,HTR7,64.86711,2.5578637,0.0,0.0,2.5578637
7168,GTSE1,28.20777,-2.5573592,4.6955252593471285e-175,5.534838270654687e-175,2.5573592
13730,CBX5,-66.5175,-2.5566316,0.0,0.0,2.5566316
1531,REPS1,66.82588,2.5557544,0.0,0.0,2.5557544
12775,TST,-66.256096,-2.555246,0.0,0.0,2.555246
317,ERCC8,67.05835,2.554445,0.0,0.0,2.554445
3678,IGFL4,65.2041,2.5542946,0.0,0.0,2.5542946
13123,CDC42,-66.36943,-2.5540667,0.0,0.0,2.5540667
1153,MAML3,66.89869,2.5539622,0.0,0.0,2.5539622
1459,MKNK1,66.840385,2.5539517,0.0,0.0,2.5539517
4652,PDLIM3,61.483837,2.5536652,0.0,0.0,2.5536652
1118,PIGN,66.90467,2.5531836,0.0,0.0,2.5531836
4051,NDST1-AS1,64.22263,2.5530388,0.0,0.0,2.5530388
3839,PRDM12,64.85205,2.5521452,0.0,0.0,2.5521452
4145,SERPIND1,63.8522,2.5521,0.0,0.0,2.5521
3547,OPTC,65.4705,2.5519269,0.0,0.0,2.5519269
3468,VMP1,65.65794,2.5518491,0.0,0.0,2.5518491
4114,SMPD3,63.979263,2.5514736,0.0,0.0,2.5514736
12655,SERPINE2,-66.202156,-2.550106,0.0,0.0,2.550106
3828,ALKAL1,64.878426,2.549745,0.0,0.0,2.549745
14286,POLR1E,-66.66192,-2.5496113,0.0,0.0,2.5496113
14560,FAM50A,-66.779854,-2.5491502,0.0,0.0,2.5491502
4108,GRIN2D,64.00918,2.5488255,0.0,0.0,2.5488255
4899,EBF3,59.594044,2.5488214,0.0,0.0,2.5488214
4436,RTN1,62.563255,2.5487626,0.0,0.0,2.5487626
13350,HNRNPA3,-66.423935,-2.5485582,0.0,0.0,2.5485582
1287,ATR,66.876625,2.5476034,0.0,0.0,2.5476034
14417,ABHD17A,-66.71263,-2.5473113,0.0,0.0,2.5473113
1326,DRC3,66.86998,2.5471864,0.0,0.0,2.5471864
2277,FHAD1,66.64811,2.5467753,0.0,0.0,2.5467753
11636,CCDC85B,-63.934807,-2.5466633,0.0,0.0,2.5466633
10948,INSIG1,-58.277344,-2.5463881,0.0,0.0,2.5463881
9250,SEPTIN7,-24.094028,-2.5461028,2.887304399994919e-128,3.3159061140099616e-128,2.5461028
3546,ARHGAP22,65.472496,2.5459046,0.0,0.0,2.5459046
14304,CISD2,-66.66619,-2.5437908,0.0,0.0,2.5437908
3701,NPTX2,65.15404,2.5433075,0.0,0.0,2.5433075
173,LMBRD1,67.09189,2.5417435,0.0,0.0,2.5417435
2386,ZNF521,66.61245,2.5415275,0.0,0.0,2.5415275
11218,DHFR,-61.150414,-2.541236,0.0,0.0,2.541236
14155,PCYOX1,-66.62352,-2.5411558,0.0,0.0,2.5411558
4660,CNTN5,61.41058,2.540229,0.0,0.0,2.540229
1796,BMPR1A,66.77251,2.5402136,0.0,0.0,2.5402136
1544,TTC23L,66.8239,2.5401735,0.0,0.0,2.5401735
14722,RTL8B,-66.89233,-2.5401053,0.0,0.0,2.5401053
12793,SNX12,-66.263466,-2.5400383,0.0,0.0,2.5400383
11975,NAT8L,-65.157555,-2.54001,0.0,0.0,2.54001
2806,CNKSR3,66.429886,2.5399039,0.0,0.0,2.5399039
14669,GPS1,-66.84609,-2.5383358,0.0,0.0,2.5383358
10833,STARD4-AS1,-56.752697,-2.5382173,0.0,0.0,2.5382173
9843,CALML3-AS1,-38.53572,-2.537916,0.0,0.0,2.537916
3300,IDUA,65.944466,2.5377946,0.0,0.0,2.5377946
11829,WNT5B,-64.7128,-2.5376267,0.0,0.0,2.5376267
2724,TAF7L,66.47749,2.536748,0.0,0.0,2.536748
2697,GRB14,66.488594,2.5364552,0.0,0.0,2.5364552
12252,ZNF530,-65.75275,-2.5363827,0.0,0.0,2.5363827
2548,SIRT5,66.554276,2.5361085,0.0,0.0,2.5361085
12929,ING1,-66.307526,-2.53563,0.0,0.0,2.53563
13517,DACT3,-66.46811,-2.535182,0.0,0.0,2.535182
3597,NIN,65.38138,2.534557,0.0,0.0,2.534557
4989,SP110,59.010662,2.5337212,0.0,0.0,2.5337212
12839,POLR3D,-66.28335,-2.5331347,0.0,0.0,2.5331347
11168,LINC00538,-60.54524,-2.532825,0.0,0.0,2.532825
14613,B4GALT2,-66.809715,-2.5327952,0.0,0.0,2.5327952
14812,PLAGL2,-67.011986,-2.5327911,0.0,0.0,2.5327911
12944,PRKCSH,-66.311195,-2.5319088,0.0,0.0,2.5319088
2410,SFI1,66.60284,2.5315351,0.0,0.0,2.5315351
1572,TRAF3IP2-AS1,66.81668,2.5313914,0.0,0.0,2.5313914
12076,C1QTNF12,-65.41253,-2.5308352,0.0,0.0,2.5308352
13481,TALDO1,-66.46107,-2.5308237,0.0,0.0,2.5308237
10246,VTN,-47.39975,-2.5306425,0.0,0.0,2.5306425
3901,ONECUT3,64.70065,2.5301104,0.0,0.0,2.5301104
13023,CNN3,-66.34127,-2.5298727,0.0,0.0,2.5298727
4703,PPP1R3A,61.137062,2.529474,0.0,0.0,2.529474
11826,PCDHGB1,-64.70263,-2.5293763,0.0,0.0,2.5293763
10121,EXOC3L1,-45.002808,-2.529296,0.0,0.0,2.529296
12062,MYL9,-65.374954,-2.5278194,0.0,0.0,2.5278194
4104,NGEF,64.02029,2.5277834,0.0,0.0,2.5277834
13624,RNF26,-66.49413,-2.5260737,0.0,0.0,2.5260737
2005,TBC1D32,66.72675,2.5259888,0.0,0.0,2.5259888
2873,SYNPO2,66.38836,2.5250053,0.0,0.0,2.5250053
13680,EIF4B,-66.507385,-2.5233896,0.0,0.0,2.5233896
2957,PDLIM5,66.340385,2.5233395,0.0,0.0,2.5233395
10947,IL10RB,-58.276413,-2.5226464,0.0,0.0,2.5226464
3582,RAD51AP2,65.4177,2.522032,0.0,0.0,2.522032
9228,ZNRD2,-23.423471,-2.5218234,2.464338448298574e-121,2.8192381615794623e-121,2.5218234
13340,ATP6V0B,-66.42245,-2.521598,0.0,0.0,2.521598
10221,SMIM24,-46.81447,-2.5214949,0.0,0.0,2.5214949
11792,LRRC73,-64.5794,-2.521361,0.0,0.0,2.521361
14110,PTTG1IP,-66.61187,-2.5203123,0.0,0.0,2.5203123
12158,ANAPC15,-65.57288,-2.5196443,0.0,0.0,2.5196443
13912,EMC6,-66.56506,-2.5193446,0.0,0.0,2.5193446
13382,PIGP,-66.43481,-2.5190465,0.0,0.0,2.5190465
2074,TECPR2,66.71157,2.5189056,0.0,0.0,2.5189056
12171,MYDGF,-65.60329,-2.5186596,0.0,0.0,2.5186596
12266,FAAP24,-65.785255,-2.517927,0.0,0.0,2.517927
1579,PITPNM3,66.815865,2.517904,0.0,0.0,2.517904
4383,FSD2,62.842712,2.517465,0.0,0.0,2.517465
12075,IDI1,-65.40645,-2.516885,0.0,0.0,2.516885
2572,MAPRE2,66.54757,2.5165067,0.0,0.0,2.5165067
13933,RETREG2,-66.57192,-2.515637,0.0,0.0,2.515637
12700,METRN,-66.228676,-2.5153859,0.0,0.0,2.5153859
4128,SYNDIG1L,63.923477,2.515032,0.0,0.0,2.515032
12045,ETFB,-65.35014,-2.5150177,0.0,0.0,2.5150177
14132,MOCS3,-66.61913,-2.5148807,0.0,0.0,2.5148807
3351,FAXDC2,65.872,2.5144906,0.0,0.0,2.5144906
1871,SPART-AS1,66.75484,2.514365,0.0,0.0,2.514365
13288,TUBG1,-66.41202,-2.514329,0.0,0.0,2.514329
8729,FGF8,-10.335554,-2.5132442,4.865907210911576e-25,5.134562066526473e-25,2.5132442
1859,SLC23A2,66.75702,2.512977,0.0,0.0,2.512977
14263,GUF1,-66.65508,-2.5128877,0.0,0.0,2.5128877
14175,SNX17,-66.63087,-2.5123422,0.0,0.0,2.5123422
3333,PPP1R13L,65.898346,2.512197,0.0,0.0,2.512197
3806,ABHD6,64.9146,2.5106943,0.0,0.0,2.5106943
1429,DGKD,66.84769,2.510661,0.0,0.0,2.510661
2971,MYRFL,66.33304,2.510212,0.0,0.0,2.510212
3377,SLC41A1,65.83373,2.5099926,0.0,0.0,2.5099926
3058,PALLD,66.26994,2.5090168,0.0,0.0,2.5090168
13866,CRCP,-66.55535,-2.5085404,0.0,0.0,2.5085404
965,SAMD8,66.93287,2.5083208,0.0,0.0,2.5083208
2973,TBC1D4,66.33284,2.508238,0.0,0.0,2.508238
14090,LMO4,-66.60637,-2.5073636,0.0,0.0,2.5073636
4205,ADGRD1-AS1,63.60521,2.5072708,0.0,0.0,2.5072708
13416,CERCAM,-66.44388,-2.5071683,0.0,0.0,2.5071683
10083,BAALC,-44.09127,-2.5069833,0.0,0.0,2.5069833
4103,ELAVL3,64.027626,2.506464,0.0,0.0,2.506464
14378,ARMCX3,-66.6943,-2.506319,0.0,0.0,2.506319
11612,TLR6,-63.82533,-2.5061355,0.0,0.0,2.5061355
3380,ARHGEF4,65.826355,2.5053844,0.0,0.0,2.5053844
3724,NOD2,65.126785,2.5048015,0.0,0.0,2.5048015
2685,LINC02087,66.493195,2.5042245,0.0,0.0,2.5042245
12696,PCDH10,-66.22379,-2.5036204,0.0,0.0,2.5036204
14454,POLR2E,-66.728455,-2.5031152,0.0,0.0,2.5031152
3784,PTK2B,64.977036,2.502627,0.0,0.0,2.502627
13577,PUSL1,-66.48193,-2.502561,0.0,0.0,2.502561
3116,ANKH,66.19978,2.5016627,0.0,0.0,2.5016627
13472,IFIT5,-66.45788,-2.5009527,0.0,0.0,2.5009527
11491,GLB1L2,-63.19409,-2.5008612,0.0,0.0,2.5008612
722,TCF12,66.98164,2.5005338,0.0,0.0,2.5005338
11112,ARL9,-60.09733,-2.5003996,0.0,0.0,2.5003996
3130,DNAAF1,66.182816,2.5003514,0.0,0.0,2.5003514
10692,CYP26B1,-55.03734,-2.4995284,0.0,0.0,2.4995284
12667,TWNK,-66.2103,-2.499405,0.0,0.0,2.499405
13068,ZPR1,-66.35432,-2.4992816,0.0,0.0,2.4992816
2384,CCDC91,66.61251,2.4988017,0.0,0.0,2.4988017
9092,HAPLN1,-20.18022,-2.4972901,1.4609571758669383e-90,1.6357735071178137e-90,2.4972901
2204,USP53,66.673935,2.4967568,0.0,0.0,2.4967568
9512,FRZB,-30.799671,-2.4967403,2.6471240885768527e-208,3.176334737676643e-208,2.4967403
541,LRRC28,67.01632,2.4963868,0.0,0.0,2.4963868
1457,NR3C1,66.84095,2.4955726,0.0,0.0,2.4955726
3790,MAS1,64.9495,2.4939294,0.0,0.0,2.4939294
3774,CFAP74,65.00424,2.4933403,0.0,0.0,2.4933403
11586,FAM167B,-63.64225,-2.4926076,0.0,0.0,2.4926076
2794,OSBP2,66.43769,2.4925745,0.0,0.0,2.4925745
12123,MAGEH1,-65.50811,-2.4917555,0.0,0.0,2.4917555
783,NAT9,66.968666,2.49164,0.0,0.0,2.49164
12453,PCDH18,-66.01707,-2.491431,0.0,0.0,2.491431
1315,WASHC1,66.87161,2.4905295,0.0,0.0,2.4905295
11566,APLP1,-63.525127,-2.4891942,0.0,0.0,2.4891942
1148,VRK2,66.90008,2.4891536,0.0,0.0,2.4891536
4606,TLE1,61.7574,2.4888344,0.0,0.0,2.4888344
3679,ANKRD61,65.203545,2.4888177,0.0,0.0,2.4888177
3406,OR4D9,65.78847,2.488485,0.0,0.0,2.488485
4503,THEMIS2,62.225224,2.4877706,0.0,0.0,2.4877706
13326,GTF2E1,-66.419304,-2.487464,0.0,0.0,2.487464
11550,P2RY1,-63.457024,-2.4872563,0.0,0.0,2.4872563
3348,CELF4,65.87531,2.4869876,0.0,0.0,2.4869876
3417,LINC02478,65.76464,2.4865763,0.0,0.0,2.4865763
13629,C9orf78,-66.49508,-2.4860275,0.0,0.0,2.4860275
14365,ALDH3A2,-66.68752,-2.485572,0.0,0.0,2.485572
3305,SYBU,65.93853,2.4852467,0.0,0.0,2.4852467
5220,VSIR,56.94671,2.4847252,0.0,0.0,2.4847252
3372,ADAM23,65.843315,2.4846807,0.0,0.0,2.4846807
12467,GTF2H5,-66.03446,-2.4844565,0.0,0.0,2.4844565
9494,TCF21,-30.160002,-2.4831932,7.930851185932121e-200,9.481858439222836e-200,2.4831932
11968,TMEM191B,-65.12893,-2.48306,0.0,0.0,2.48306
1290,ZNF189,66.87611,2.482971,0.0,0.0,2.482971
13407,C12orf43,-66.44095,-2.4829655,0.0,0.0,2.4829655
2875,GLIPR1L2,66.38743,2.482431,0.0,0.0,2.482431
1505,PRMT9,66.82998,2.4818182,0.0,0.0,2.4818182
14336,CHMP4B,-66.67612,-2.4818084,0.0,0.0,2.4818084
2401,ST3GAL6,66.60631,2.4817188,0.0,0.0,2.4817188
12163,FAM89B,-65.587616,-2.4815512,0.0,0.0,2.4815512
4189,nan,63.64702,2.4813142,0.0,0.0,2.4813142
2347,LMTK2,66.621765,2.4801688,0.0,0.0,2.4801688
5244,CACNG7,56.800316,2.4800546,0.0,0.0,2.4800546
12991,PSIP1,-66.32792,-2.479494,0.0,0.0,2.479494
1466,HOOK2,66.83821,2.479183,0.0,0.0,2.479183
1764,INTS6-AS1,66.779366,2.4791176,0.0,0.0,2.4791176
12221,DCK,-65.703995,-2.4783735,0.0,0.0,2.4783735
3511,SLMAP,65.56694,2.4782226,0.0,0.0,2.4782226
12271,SPDL1,-65.79369,-2.4778223,0.0,0.0,2.4778223
13663,TCP1,-66.50378,-2.477503,0.0,0.0,2.477503
2372,SFMBT1,66.61614,2.4773724,0.0,0.0,2.4773724
13614,FXR1,-66.49152,-2.4769926,0.0,0.0,2.4769926
1968,EPN2,66.73331,2.4763427,0.0,0.0,2.4763427
1786,TMEM220-AS1,66.77455,2.4762866,0.0,0.0,2.4762866
13781,EDF1,-66.53415,-2.4760158,0.0,0.0,2.4760158
12545,SRSF9,-66.115685,-2.4757438,0.0,0.0,2.4757438
13677,SLIRP,-66.50687,-2.474465,0.0,0.0,2.474465
4356,GSG1,62.968822,2.4718819,0.0,0.0,2.4718819
5095,SCUBE1,58.095234,2.4705195,0.0,0.0,2.4705195
13336,RFXANK,-66.42083,-2.4700015,0.0,0.0,2.4700015
3813,CD247,64.90027,2.469582,0.0,0.0,2.469582
13585,ANKRD50,-66.48491,-2.4690928,0.0,0.0,2.4690928
1607,RALGAPA1,66.808876,2.4687722,0.0,0.0,2.4687722
12172,UNG,-65.606384,-2.4685996,0.0,0.0,2.4685996
1885,ITFG2,66.75244,2.4679902,0.0,0.0,2.4679902
3663,CATSPER4,65.24926,2.4678044,0.0,0.0,2.4678044
9942,SLC7A3,-40.903446,-2.46771,0.0,0.0,2.46771
13229,CNP,-66.397804,-2.4672318,0.0,0.0,2.4672318
5048,PYY,58.48478,2.466409,0.0,0.0,2.466409
10684,SYNPO2L,-54.911636,-2.4663875,0.0,0.0,2.4663875
2339,FOXK2,66.62398,2.4661767,0.0,0.0,2.4661767
3454,RSPH4A,65.69821,2.465601,0.0,0.0,2.465601
13216,PFDN4,-66.39334,-2.4655485,0.0,0.0,2.4655485
3011,MICAL3,66.30151,2.4654891,0.0,0.0,2.4654891
3883,SCN2A,64.74049,2.465086,0.0,0.0,2.465086
14495,PAWR,-66.74468,-2.4649982,0.0,0.0,2.4649982
1020,CSAD,66.92314,2.464941,0.0,0.0,2.464941
12044,TLE6,-65.34795,-2.4642477,0.0,0.0,2.4642477
5729,CISH,51.43298,2.4639134,0.0,0.0,2.4639134
1343,MIA2,66.86658,2.4638658,0.0,0.0,2.4638658
12723,CHCHD5,-66.23807,-2.4627333,0.0,0.0,2.4627333
10075,CHRND,-43.928955,-2.462531,0.0,0.0,2.462531
2701,EPB41L4A,66.48646,2.462155,0.0,0.0,2.462155
14487,TOMM34,-66.73979,-2.4611712,0.0,0.0,2.4611712
9005,BRCA2,-17.99332,-2.4611177,2.197883990801103e-72,2.428068340228764e-72,2.4611177
11629,ZNF696,-63.90567,-2.461063,0.0,0.0,2.461063
11541,HSPA12B,-63.426144,-2.4610083,0.0,0.0,2.4610083
560,ZNF254,67.01219,2.460756,0.0,0.0,2.460756
2085,ARHGAP32,66.70807,2.4606187,0.0,0.0,2.4606187
13572,RBMX2,-66.48099,-2.4605227,0.0,0.0,2.4605227
12054,GSTM3,-65.36659,-2.4603703,0.0,0.0,2.4603703
3867,ITGB1-DT,64.7914,2.4598565,0.0,0.0,2.4598565
2325,LPIN3,66.63036,2.4597905,0.0,0.0,2.4597905
13063,RHOA,-66.35249,-2.4596894,0.0,0.0,2.4596894
3217,GAPDHS,66.067215,2.4595525,0.0,0.0,2.4595525
2371,PIK3C2B,66.61628,2.4580436,0.0,0.0,2.4580436
2547,ANXA9,66.554344,2.4577363,0.0,0.0,2.4577363
12122,SH3BGRL,-65.50766,-2.4575129,0.0,0.0,2.4575129
3670,LINC02067,65.2313,2.4568126,0.0,0.0,2.4568126
12224,POP5,-65.70693,-2.4566615,0.0,0.0,2.4566615
1692,PPP6R3,66.79391,2.4561288,0.0,0.0,2.4561288
13535,ZDHHC4,-66.47272,-2.4560668,0.0,0.0,2.4560668
4616,POLE2,61.69992,2.4551454,0.0,0.0,2.4551454
1142,RNF215,66.90054,2.4545808,0.0,0.0,2.4545808
1935,TNIK,66.73981,2.454185,0.0,0.0,2.454185
12475,NDUFC1,-66.041824,-2.453523,0.0,0.0,2.453523
2343,TMEM217,66.62254,2.4532948,0.0,0.0,2.4532948
4615,CD27,61.70468,2.4531887,0.0,0.0,2.4531887
3475,P2RX6,65.64393,2.45267,0.0,0.0,2.45267
2245,PRIM2,66.65895,2.4524667,0.0,0.0,2.4524667
12960,HNRNPA2B1,-66.31697,-2.4519534,0.0,0.0,2.4519534
3509,LAMP3,65.57338,2.4507468,0.0,0.0,2.4507468
4729,CLUL1,60.940037,2.4506307,0.0,0.0,2.4506307
13438,PSMD13,-66.44955,-2.450487,0.0,0.0,2.450487
12403,TBCB,-65.94458,-2.4485285,0.0,0.0,2.4485285
14772,FH,-66.93979,-2.4484317,0.0,0.0,2.4484317
13402,SUB1,-66.439384,-2.4484138,0.0,0.0,2.4484138
11513,DTX4,-63.322285,-2.4483604,0.0,0.0,2.4483604
9519,DPPA4,-30.879156,-2.4480736,2.2755378637811868e-209,2.733336199703473e-209,2.4480736
13878,SUDS3,-66.55773,-2.4480503,0.0,0.0,2.4480503
2872,SLC6A16,66.3894,2.4479053,0.0,0.0,2.4479053
1036,ZNF169,66.9206,2.4470866,0.0,0.0,2.4470866
3659,GOLGA6L4,65.26445,2.4463122,0.0,0.0,2.4463122
3332,RNF157-AS1,65.89855,2.4461958,0.0,0.0,2.4461958
2559,ZC2HC1C,66.55222,2.446097,0.0,0.0,2.446097
12812,DBF4,-66.271255,-2.4453163,0.0,0.0,2.4453163
14087,UTP11,-66.60545,-2.44518,0.0,0.0,2.44518
1694,C22orf23,66.793724,2.4450138,0.0,0.0,2.4450138
3999,KHDRBS3,64.39256,2.4449284,0.0,0.0,2.4449284
10964,PSD,-58.398003,-2.4447367,0.0,0.0,2.4447367
10975,GAP43,-58.536293,-2.4440644,0.0,0.0,2.4440644
4810,DPEP1,60.37962,2.441272,0.0,0.0,2.441272
13009,MVB12A,-66.334076,-2.440855,0.0,0.0,2.440855
2863,CORO6,66.39249,2.440766,0.0,0.0,2.440766
13195,R3HDM4,-66.38873,-2.4405742,0.0,0.0,2.4405742
13315,TMEM147,-66.41649,-2.4399788,0.0,0.0,2.4399788
13679,OPN3,-66.507256,-2.4398694,0.0,0.0,2.4398694
9680,MGP,-34.368183,-2.4397056,7.536949514770572e-259,9.308835630709722e-259,2.4397056
4152,OPRK1,63.805252,2.4395947,0.0,0.0,2.4395947
13833,APEX2,-66.54488,-2.4393935,0.0,0.0,2.4393935
13161,RBM42,-66.37923,-2.4391513,0.0,0.0,2.4391513
12762,LINC01569,-66.25149,-2.439079,0.0,0.0,2.439079
12818,LRPAP1,-66.272255,-2.4390664,0.0,0.0,2.4390664
843,TFB1M,66.95616,2.4388807,0.0,0.0,2.4388807
3619,GRAP,65.35176,2.4385595,0.0,0.0,2.4385595
3558,POU2F2,65.44789,2.4384725,0.0,0.0,2.4384725
2045,NUP98,66.717125,2.4381504,0.0,0.0,2.4381504
12018,KRT10,-65.24778,-2.4380147,0.0,0.0,2.4380147
4154,SLC16A10,63.79789,2.4379597,0.0,0.0,2.4379597
14813,RBBP7,-67.0149,-2.4371982,0.0,0.0,2.4371982
4282,DYDC2,63.28933,2.4365287,0.0,0.0,2.4365287
11598,NOS3,-63.747765,-2.4361753,0.0,0.0,2.4361753
12596,SMTNL2,-66.16912,-2.4359179,0.0,0.0,2.4359179
13999,DNAJC8,-66.58551,-2.435816,0.0,0.0,2.435816
12321,LMNB2,-65.86268,-2.435664,0.0,0.0,2.435664
14796,PPP1CB,-66.96982,-2.435194,0.0,0.0,2.435194
2040,DAGLA,66.71796,2.4348338,0.0,0.0,2.4348338
4222,SCNN1A,63.541134,2.4348307,0.0,0.0,2.4348307
4336,ATOH8,63.07511,2.4345696,0.0,0.0,2.4345696
13157,LMAN2,-66.37903,-2.434103,0.0,0.0,2.434103
3565,STAT5A,65.4418,2.4338398,0.0,0.0,2.4338398
4493,LGALS2,62.27919,2.4335043,0.0,0.0,2.4335043
14353,CCT4,-66.68215,-2.4333112,0.0,0.0,2.4333112
9799,MOXD1,-37.628197,-2.4330754,7.4379314437157e-310,9.40826961550087e-310,2.4330754
301,TPST1,67.06162,2.4326653,0.0,0.0,2.4326653
3736,PWRN4,65.09223,2.4322584,0.0,0.0,2.4322584
10298,LINC00648,-48.530262,-2.432159,0.0,0.0,2.432159
1339,PTPN4,66.8673,2.431435,0.0,0.0,2.431435
3596,RAB11FIP4,65.38678,2.4311543,0.0,0.0,2.4311543
4476,ABI3,62.34368,2.4305975,0.0,0.0,2.4305975
10891,RGS16,-57.53952,-2.4301798,0.0,0.0,2.4301798
1656,PRMT3,66.80024,2.4298806,0.0,0.0,2.4298806
12820,IGFBP3,-66.2732,-2.4298255,0.0,0.0,2.4298255
4517,NOX1,62.172092,2.4298146,0.0,0.0,2.4298146
4337,ARPP21,63.073616,2.4292426,0.0,0.0,2.4292426
11268,CYYR1,-61.6154,-2.42922,0.0,0.0,2.42922
12768,TXN2,-66.25339,-2.4279757,0.0,0.0,2.4279757
13896,PHF13,-66.56151,-2.4276934,0.0,0.0,2.4276934
13544,MRPS18A,-66.47471,-2.427057,0.0,0.0,2.427057
2052,USP20,66.71487,2.4261534,0.0,0.0,2.4261534
14236,ARPC5,-66.64523,-2.4259713,0.0,0.0,2.4259713
1747,EXOC6,66.78173,2.4258287,0.0,0.0,2.4258287
8030,SGO1,8.327133,-2.425655,8.282368735842896e-17,8.647364359119042e-17,2.425655
3271,PRR5L,65.99572,2.4255426,0.0,0.0,2.4255426
12417,RPP40,-65.96646,-2.42529,0.0,0.0,2.42529
2011,ITFG1,66.72615,2.4249299,0.0,0.0,2.4249299
12631,CXXC5,-66.19104,-2.42454,0.0,0.0,2.42454
12090,TES,-65.45087,-2.4240925,0.0,0.0,2.4240925
13769,YPEL5,-66.5299,-2.4239333,0.0,0.0,2.4239333
12519,ORAI2,-66.08685,-2.4234488,0.0,0.0,2.4234488
2976,SLC20A2,66.33187,2.4232054,0.0,0.0,2.4232054
11621,QPCT,-63.87164,-2.4230337,0.0,0.0,2.4230337
2808,MPP7,66.428444,2.4227557,0.0,0.0,2.4227557
2435,PPARD,66.591415,2.4222555,0.0,0.0,2.4222555
13459,CWC15,-66.45486,-2.4220734,0.0,0.0,2.4220734
10264,LINC02175,-47.798584,-2.4217076,0.0,0.0,2.4217076
13497,SUGT1,-66.46462,-2.4216878,0.0,0.0,2.4216878
10323,ACKR1,-48.990532,-2.4206886,0.0,0.0,2.4206886
12852,COX7A2L,-66.28826,-2.4206011,0.0,0.0,2.4206011
1440,ZEB2,66.84512,2.420281,0.0,0.0,2.420281
11515,P2RX5,-63.32878,-2.4198635,0.0,0.0,2.4198635
3816,PLCG1-AS1,64.895584,2.4198456,0.0,0.0,2.4198456
4280,AMPD3,63.294693,2.419424,0.0,0.0,2.419424
3263,PRMT5-AS1,66.02253,2.4188256,0.0,0.0,2.4188256
4457,ADCY5,62.444366,2.4184644,0.0,0.0,2.4184644
11548,ZNF503-AS2,-63.446915,-2.4183505,0.0,0.0,2.4183505
443,NCOA3,67.03273,2.4178185,0.0,0.0,2.4178185
4738,PTPN5,60.913006,2.4172742,0.0,0.0,2.4172742
536,AMN1,67.01675,2.417095,0.0,0.0,2.417095
2314,PIK3CD,66.63526,2.4167883,0.0,0.0,2.4167883
14471,WDR1,-66.73527,-2.4167318,0.0,0.0,2.4167318
14117,PLOD1,-66.6132,-2.4165487,0.0,0.0,2.4165487
13305,HNRNPF,-66.41449,-2.4164867,0.0,0.0,2.4164867
12987,HDAC2,-66.32472,-2.416091,0.0,0.0,2.416091
14706,GRHPR,-66.867874,-2.4159553,0.0,0.0,2.4159553
1477,C1orf159,66.83628,2.4151695,0.0,0.0,2.4151695
3141,NDP,66.170784,2.4151034,0.0,0.0,2.4151034
11525,PLXNA2,-63.363964,-2.4149902,0.0,0.0,2.4149902
11546,CAVIN1,-63.44374,-2.4144344,0.0,0.0,2.4144344
3320,CTBP1-AS,65.909424,2.414187,0.0,0.0,2.414187
2442,HERC1,66.58934,2.414038,0.0,0.0,2.414038
981,SOS2,66.929955,2.4129705,0.0,0.0,2.4129705
14108,PPID,-66.61106,-2.4123757,0.0,0.0,2.4123757
2817,EAF2,66.4259,2.4118218,0.0,0.0,2.4118218
531,TCEANC,67.01726,2.4102893,0.0,0.0,2.4102893
4880,C10orf71,59.7335,2.4101975,0.0,0.0,2.4101975
4373,SLC7A7,62.87906,2.4101532,0.0,0.0,2.4101532
11601,PYGM,-63.756393,-2.410143,0.0,0.0,2.410143
11099,RIPK4,-59.997124,-2.40824,0.0,0.0,2.40824
506,STXBP4,67.021545,2.4077148,0.0,0.0,2.4077148
14331,TRIR,-66.67462,-2.4074714,0.0,0.0,2.4074714
5602,PDGFRL,52.974873,2.4071155,0.0,0.0,2.4071155
2778,GALNT8,66.44278,2.406709,0.0,0.0,2.406709
2821,LRIG1,66.42416,2.4065843,0.0,0.0,2.4065843
1852,GPD2,66.75801,2.4058175,0.0,0.0,2.4058175
11894,CTF1,-64.926834,-2.4056451,0.0,0.0,2.4056451
11400,CRYGN,-62.61815,-2.4054637,0.0,0.0,2.4054637
8796,AKR1B15,-12.232819,-2.405355,2.0760700933676416e-34,2.213529515078037e-34,2.405355
4754,CACNA1I,60.792202,2.4053547,0.0,0.0,2.4053547
3297,PDIA5,65.95464,2.4049852,0.0,0.0,2.4049852
10379,KIF20B,-50.097187,-2.4047062,0.0,0.0,2.4047062
2188,SCAF8,66.67797,2.4045792,0.0,0.0,2.4045792
4257,SMAD3,63.384834,2.4039276,0.0,0.0,2.4039276
1933,ABL1,66.74025,2.403869,0.0,0.0,2.403869
3069,ESYT2,66.25442,2.402241,0.0,0.0,2.402241
1322,TBCCD1,66.87074,2.4019113,0.0,0.0,2.4019113
14807,C16orf87,-67.00105,-2.4019086,0.0,0.0,2.4019086
10795,DCLK3,-56.427334,-2.4016154,0.0,0.0,2.4016154
14639,EIF4H,-66.82649,-2.4008226,0.0,0.0,2.4008226
3337,CFAP44,65.89326,2.4005663,0.0,0.0,2.4005663
12029,FRAT1,-65.29258,-2.3999927,0.0,0.0,2.3999927
11236,S1PR5,-61.29985,-2.399663,0.0,0.0,2.399663
874,FAM193B,66.9492,2.3991113,0.0,0.0,2.3991113
14553,COA6,-66.77505,-2.3988008,0.0,0.0,2.3988008
10835,LINC01003,-56.79669,-2.3984666,0.0,0.0,2.3984666
13087,FGF13,-66.35909,-2.3983998,0.0,0.0,2.3983998
10410,NNAT,-50.60719,-2.3983994,0.0,0.0,2.3983994
5595,CACNA2D2,53.02535,2.3982532,0.0,0.0,2.3982532
1228,MAGI3,66.88606,2.3975885,0.0,0.0,2.3975885
4925,SLC27A6,59.390057,2.3967135,0.0,0.0,2.3967135
327,FOXN2,67.055664,2.3966253,0.0,0.0,2.3966253
10206,SLC30A1,-46.586872,-2.3965943,0.0,0.0,2.3965943
1582,NUTM2A-AS1,66.81449,2.3965242,0.0,0.0,2.3965242
4125,TXNIP,63.948624,2.3962448,0.0,0.0,2.3962448
3539,CARD14,65.48251,2.3962371,0.0,0.0,2.3962371
4324,INSL6,63.10397,2.3951874,0.0,0.0,2.3951874
2708,NXPE3,66.48234,2.3942919,0.0,0.0,2.3942919
14131,GLO1,-66.6184,-2.3941479,0.0,0.0,2.3941479
2429,ARFGEF2,66.59436,2.3937569,0.0,0.0,2.3937569
13580,FGD5-AS1,-66.48248,-2.393694,0.0,0.0,2.393694
4716,KIAA1755,61.04852,2.3930445,0.0,0.0,2.3930445
1963,CERS4,66.734184,2.392697,0.0,0.0,2.392697
4311,TRIM14,63.153893,2.3922715,0.0,0.0,2.3922715
12492,NRAV,-66.0581,-2.3920546,0.0,0.0,2.3920546
4318,AP3B2,63.136448,2.3914995,0.0,0.0,2.3914995
2414,ZNF529,66.6003,2.3907013,0.0,0.0,2.3907013
13925,SWI5,-66.56992,-2.390645,0.0,0.0,2.390645
11710,ID2,-64.21714,-2.3900633,0.0,0.0,2.3900633
881,NPHP4,66.948105,2.389862,0.0,0.0,2.389862
12670,CD320,-66.21294,-2.3898115,0.0,0.0,2.3898115
3989,MIR133A1HG,64.42502,2.389153,0.0,0.0,2.389153
12697,FUNDC1,-66.22586,-2.3888724,0.0,0.0,2.3888724
305,MAX,67.061165,2.3887682,0.0,0.0,2.3887682
4609,ANGPTL2,61.729584,2.3886738,0.0,0.0,2.3886738
12607,NAGA,-66.1765,-2.3866088,0.0,0.0,2.3866088
5137,BLM,57.7902,2.3864498,0.0,0.0,2.3864498
12471,OGFRL1,-66.03805,-2.3862967,0.0,0.0,2.3862967
647,ANKRD13C,66.9971,2.3860693,0.0,0.0,2.3860693
4071,KLK10,64.130394,2.3857257,0.0,0.0,2.3857257
13648,BEX4,-66.49912,-2.3855824,0.0,0.0,2.3855824
12036,PIK3CD-AS2,-65.33265,-2.3853476,0.0,0.0,2.3853476
11779,NAP1L5,-64.513855,-2.3848724,0.0,0.0,2.3848724
424,TRIT1,67.03666,2.3844497,0.0,0.0,2.3844497
14397,MAP1S,-66.702484,-2.3844063,0.0,0.0,2.3844063
10014,LRRC10B,-42.600586,-2.3835902,0.0,0.0,2.3835902
13978,ELOC,-66.58124,-2.3835819,0.0,0.0,2.3835819
9350,ADCY6-DT,-26.481659,-2.3827884,1.5766984937058503e-154,1.839088899736647e-154,2.3827884
12709,NCBP2,-66.23237,-2.3826463,0.0,0.0,2.3826463
10643,IGHEP2,-54.270077,-2.3817837,0.0,0.0,2.3817837
13794,PTGES3,-66.53707,-2.3808692,0.0,0.0,2.3808692
13236,MFAP1,-66.39842,-2.3807955,0.0,0.0,2.3807955
3176,DENND2A,66.11161,2.3807623,0.0,0.0,2.3807623
4508,SMIM10L2B-AS1,62.20835,2.3806279,0.0,0.0,2.3806279
9114,ITGA6-AS1,-20.720068,-2.3805969,2.2836410896824256e-95,2.5654204666777803e-95,2.3805969
1239,ZNF236,66.884575,2.3799324,0.0,0.0,2.3799324
3146,CA5B,66.15939,2.3798845,0.0,0.0,2.3798845
14770,DSTN,-66.93733,-2.3794818,0.0,0.0,2.3794818
12598,TMEM45A,-66.17175,-2.3793194,0.0,0.0,2.3793194
3586,SAMD14,65.40546,2.3792558,0.0,0.0,2.3792558
4569,ST6GALNAC1,61.949554,2.378947,0.0,0.0,2.378947
12718,MSRB2,-66.23653,-2.3784683,0.0,0.0,2.3784683
2985,SLC17A5,66.31869,2.3784552,0.0,0.0,2.3784552
10751,GPR87,-55.911636,-2.3782065,0.0,0.0,2.3782065
4035,GRM4,64.26737,2.3780124,0.0,0.0,2.3780124
10358,TMEM151B,-49.62136,-2.3778586,0.0,0.0,2.3778586
5334,CXCR5,55.87364,2.377806,0.0,0.0,2.377806
13138,RAC1,-66.37429,-2.3766742,0.0,0.0,2.3766742
10028,EHD2,-42.832157,-2.375652,0.0,0.0,2.375652
13808,AP3S2,-66.53956,-2.3751442,0.0,0.0,2.3751442
13483,PSMB2,-66.46137,-2.3746812,0.0,0.0,2.3746812
2846,LSMEM1,66.40321,2.3745725,0.0,0.0,2.3745725
13427,SMNDC1,-66.446655,-2.3742042,0.0,0.0,2.3742042
2605,SGMS1,66.53346,2.373809,0.0,0.0,2.373809
5850,TSIX,50.109642,2.3732233,0.0,0.0,2.3732233
3106,NDRG3,66.21318,2.3732142,0.0,0.0,2.3732142
4317,HAAO,63.137688,2.3731391,0.0,0.0,2.3731391
3482,MAP3K6,65.625084,2.3729355,0.0,0.0,2.3729355
931,AGTPBP1,66.93995,2.372485,0.0,0.0,2.372485
4363,IL33,62.934544,2.3710694,0.0,0.0,2.3710694
4157,LINC01277,63.78305,2.3708994,0.0,0.0,2.3708994
11516,NACAD,-63.342453,-2.370761,0.0,0.0,2.370761
6890,KIF14,33.787983,-2.3704765,2.961383747176883e-250,3.6387972124590186e-250,2.3704765
3227,CDC42EP4,66.05831,2.369893,0.0,0.0,2.369893
12488,PPP1CA,-66.05475,-2.3696005,0.0,0.0,2.3696005
3255,DOP1B,66.029,2.369171,0.0,0.0,2.369171
4367,PCSK9,62.9207,2.369059,0.0,0.0,2.369059
12668,SYNGR2,-66.21147,-2.3689997,0.0,0.0,2.3689997
2768,EFCAB5,66.44759,2.3680897,0.0,0.0,2.3680897
12025,RCOR2,-65.2811,-2.3679216,0.0,0.0,2.3679216
12466,HINT2,-66.03251,-2.3666172,0.0,0.0,2.3666172
4210,MAL2,63.591133,2.3664742,0.0,0.0,2.3664742
4138,WNT7B,63.891525,2.3663998,0.0,0.0,2.3663998
12681,HPS6,-66.21659,-2.366298,0.0,0.0,2.366298
2458,PRKD1,66.584206,2.3647187,0.0,0.0,2.3647187
12621,CYSRT1,-66.18599,-2.3641944,0.0,0.0,2.3641944
4455,CNR1,62.466026,2.3639216,0.0,0.0,2.3639216
3032,TRIM62,66.288086,2.3639054,0.0,0.0,2.3639054
3643,RNF157,65.29704,2.36357,0.0,0.0,2.36357
2577,SPATA6L,66.54509,2.363372,0.0,0.0,2.363372
2019,SASH1,66.724884,2.3631957,0.0,0.0,2.3631957
14442,PERP,-66.721275,-2.3631139,0.0,0.0,2.3631139
2134,ZSWIM3,66.69208,2.3629766,0.0,0.0,2.3629766
4472,SPOCK1,62.354218,2.3626375,0.0,0.0,2.3626375
1521,C2CD5,66.82709,2.3620908,0.0,0.0,2.3620908
12968,GET4,-66.3195,-2.361983,0.0,0.0,2.361983
12511,ARHGDIA,-66.07811,-2.3616722,0.0,0.0,2.3616722
3693,RPS6KA5,65.166466,2.3612468,0.0,0.0,2.3612468
11267,FAM110A,-61.609386,-2.360953,0.0,0.0,2.360953
739,CEP83,66.97874,2.3608181,0.0,0.0,2.3608181
3048,GOLGA8B,66.27749,2.3607032,0.0,0.0,2.3607032
14359,TMEM223,-66.68496,-2.3598347,0.0,0.0,2.3598347
12334,MRPL46,-65.87435,-2.3597713,0.0,0.0,2.3597713
13145,RTL8A,-66.37626,-2.3591824,0.0,0.0,2.3591824
1304,METTL15,66.874146,2.3586147,0.0,0.0,2.3586147
5152,GLIS1,57.670357,2.3575013,0.0,0.0,2.3575013
3974,TAFA3,64.45989,2.357172,0.0,0.0,2.357172
2232,RAF1,66.662605,2.3571475,0.0,0.0,2.3571475
11068,CX3CL1,-59.667156,-2.3571293,0.0,0.0,2.3571293
11891,C8orf58,-64.91476,-2.3568954,0.0,0.0,2.3568954
13381,ATP5PB,-66.43478,-2.356712,0.0,0.0,2.356712
1877,DYM,66.754295,2.3565867,0.0,0.0,2.3565867
13227,LINC01503,-66.39704,-2.3563328,0.0,0.0,2.3563328
392,SWT1,67.04287,2.3557577,0.0,0.0,2.3557577
12783,PEBP1,-66.25881,-2.355643,0.0,0.0,2.355643
12623,NDUFAF8,-66.18648,-2.3548005,0.0,0.0,2.3548005
501,TBC1D22A,67.02236,2.3547075,0.0,0.0,2.3547075
14035,ADO,-66.59454,-2.3546555,0.0,0.0,2.3546555
2177,ETV6,66.68137,2.3537955,0.0,0.0,2.3537955
4576,IL11,61.887268,2.353702,0.0,0.0,2.353702
14349,IDH3G,-66.681145,-2.3534694,0.0,0.0,2.3534694
1174,EVI5,66.894936,2.3533518,0.0,0.0,2.3533518
3423,ZNF483,65.74865,2.3527412,0.0,0.0,2.3527412
12683,ALG9,-66.217896,-2.3527386,0.0,0.0,2.3527386
4121,PLEKHA7,63.964638,2.352578,0.0,0.0,2.352578
2673,MFSD11,66.49902,2.3525512,0.0,0.0,2.3525512
13918,PI4K2A,-66.56629,-2.3523407,0.0,0.0,2.3523407
4566,MORN5,61.96326,2.3518467,0.0,0.0,2.3518467
9994,ERICH5,-42.14409,-2.351813,0.0,0.0,2.351813
4459,RNF144A,62.432415,2.3513,0.0,0.0,2.3513
1617,USP32,66.80728,2.3511686,0.0,0.0,2.3511686
3882,MACC1,64.748955,2.3508198,0.0,0.0,2.3508198
1896,CD58,66.74871,2.349404,0.0,0.0,2.349404
10309,GALNT5,-48.72571,-2.3492453,0.0,0.0,2.3492453
11991,AEN,-65.19557,-2.3489587,0.0,0.0,2.3489587
4522,LINC01637,62.163265,2.348856,0.0,0.0,2.348856
803,LMBR1L,66.96429,2.3488016,0.0,0.0,2.3488016
2341,TMC7,66.623,2.348526,0.0,0.0,2.348526
4437,FBN3,62.559227,2.3481839,0.0,0.0,2.3481839
614,SNRK,67.00183,2.348163,0.0,0.0,2.348163
6677,MEIS1-AS2,37.92827,2.3477187,0.0,0.0,2.3477187
11456,TFPI,-62.919353,-2.3474948,0.0,0.0,2.3474948
4343,URB1-AS1,63.060677,2.3473792,0.0,0.0,2.3473792
4135,DACT3-AS1,63.90129,2.3471272,0.0,0.0,2.3471272
2316,NMD3,66.635056,2.3466167,0.0,0.0,2.3466167
14792,PRMT5,-66.962875,-2.3465762,0.0,0.0,2.3465762
11807,ZNF300,-64.63272,-2.34655,0.0,0.0,2.34655
3073,KATNAL2,66.2519,2.34647,0.0,0.0,2.34647
4453,TAFA5,62.483868,2.3462112,0.0,0.0,2.3462112
1719,CCNH,66.787025,2.3458142,0.0,0.0,2.3458142
2143,PILRB,66.69029,2.3454669,0.0,0.0,2.3454669
13312,EI24,-66.41578,-2.3451302,0.0,0.0,2.3451302
3409,KREMEN1,65.78167,2.3449748,0.0,0.0,2.3449748
3041,KCNAB2,66.280876,2.3449078,0.0,0.0,2.3449078
3526,TRAF3IP3,65.51697,2.3439891,0.0,0.0,2.3439891
3339,SORBS2,65.89102,2.3422232,0.0,0.0,2.3422232
180,RNF13,67.090576,2.3414195,0.0,0.0,2.3414195
1927,IRAK1BP1,66.74123,2.3407536,0.0,0.0,2.3407536
2387,TSEN2,66.611885,2.3406389,0.0,0.0,2.3406389
10867,CHAC1,-57.23207,-2.3404164,0.0,0.0,2.3404164
13463,HMGB1,-66.45563,-2.3398955,0.0,0.0,2.3398955
4024,ALG1L2,64.31056,2.3398564,0.0,0.0,2.3398564
2264,LRCH1,66.65252,2.339416,0.0,0.0,2.339416
14458,PLEKHJ1,-66.72925,-2.3378174,0.0,0.0,2.3378174
3593,FGF23,65.391335,2.3373456,0.0,0.0,2.3373456
10666,PIK3R3,-54.657005,-2.3369744,0.0,0.0,2.3369744
1447,GNE,66.84341,2.3363423,0.0,0.0,2.3363423
7897,BUB1B,11.681356,-2.336034,1.5874142342945453e-31,1.6877869746091047e-31,2.336034
220,CCZ1B,67.08114,2.335908,0.0,0.0,2.335908
13727,EIF3H,-66.51675,-2.335447,0.0,0.0,2.335447
12581,BAD,-66.1588,-2.3352942,0.0,0.0,2.3352942
4486,ERVV-2,62.308594,2.3336902,0.0,0.0,2.3336902
13143,SLC35C1,-66.37508,-2.333522,0.0,0.0,2.333522
4739,JAML,60.898342,2.3330052,0.0,0.0,2.3330052
11955,DNASE2,-65.0875,-2.3329523,0.0,0.0,2.3329523
14168,NME6,-66.62902,-2.3320484,0.0,0.0,2.3320484
176,WDR70,67.09121,2.3317642,0.0,0.0,2.3317642
3777,NIPSNAP3B,65.0006,2.330644,0.0,0.0,2.330644
8184,C6orf141,4.564225,-2.330607,5.0134273880277284e-06,5.132119104903316e-06,2.330607
2838,MARK1,66.40813,2.3305798,0.0,0.0,2.3305798
13931,PGRMC2,-66.571686,-2.3304925,0.0,0.0,2.3304925
11647,GYG1,-63.980164,-2.3303967,0.0,0.0,2.3303967
2513,ARNT2,66.567795,2.3299346,0.0,0.0,2.3299346
4784,CORIN,60.61665,2.3297946,0.0,0.0,2.3297946
666,KAZN,66.99196,2.3281283,0.0,0.0,2.3281283
1758,TBC1D1,66.7803,2.3273115,0.0,0.0,2.3273115
2345,PCNX4,66.622345,2.3270094,0.0,0.0,2.3270094
11500,CDC42BPG,-63.249687,-2.3266191,0.0,0.0,2.3266191
10189,CACNA1G-AS1,-46.39904,-2.3266144,0.0,0.0,2.3266144
13208,DISP1,-66.39204,-2.3265357,0.0,0.0,2.3265357
1548,CDK8,66.82272,2.326375,0.0,0.0,2.326375
13032,HNRNPU,-66.344536,-2.3256211,0.0,0.0,2.3256211
6327,CALCRL,43.8448,2.3256068,0.0,0.0,2.3256068
4091,FAAH,64.06626,2.3252764,0.0,0.0,2.3252764
9663,POSTN,-34.030746,-2.3251443,7.821101514967243e-254,9.633315884766977e-254,2.3251443
14299,MRPL18,-66.665276,-2.3251386,0.0,0.0,2.3251386
1543,MRRF,66.824,2.3250523,0.0,0.0,2.3250523
12661,DYNLRB1,-66.20418,-2.3244855,0.0,0.0,2.3244855
3623,EML1,65.33488,2.324379,0.0,0.0,2.324379
2142,SPRED2,66.6903,2.3243291,0.0,0.0,2.3243291
1822,TNRC6A,66.76501,2.324297,0.0,0.0,2.324297
14456,SCOC,-66.72873,-2.323908,0.0,0.0,2.323908
2491,PI4KA,66.57363,2.3238578,0.0,0.0,2.3238578
14248,RIT1,-66.64857,-2.323676,0.0,0.0,2.323676
11426,SAMD15,-62.755455,-2.3226402,0.0,0.0,2.3226402
12832,PSMC3,-66.27911,-2.322568,0.0,0.0,2.322568
3010,IQCH-AS1,66.302315,2.3221934,0.0,0.0,2.3221934
13853,TMEM123,-66.551315,-2.3221154,0.0,0.0,2.3221154
4972,RYR1,59.10035,2.320082,0.0,0.0,2.320082
13889,PSMD2,-66.560715,-2.3198495,0.0,0.0,2.3198495
914,TIRAP,66.94244,2.3196554,0.0,0.0,2.3196554
3795,HAND2-AS1,64.942986,2.3193789,0.0,0.0,2.3193789
3002,SGMS1-AS1,66.30659,2.3193061,0.0,0.0,2.3193061
3434,F8,65.73759,2.319235,0.0,0.0,2.319235
12740,ZFAND2A,-66.244095,-2.3185487,0.0,0.0,2.3185487
10869,NOP2,-57.306488,-2.3185384,0.0,0.0,2.3185384
5171,TMEM176B,57.455757,2.318399,0.0,0.0,2.318399
11706,UNC93B1,-64.201546,-2.318244,0.0,0.0,2.318244
4701,N4BP2L1,61.15052,2.3179483,0.0,0.0,2.3179483
11941,CYCS,-65.062935,-2.3171005,0.0,0.0,2.3171005
6114,G0S2,46.532185,2.316701,0.0,0.0,2.316701
1587,MTFMT,66.813896,2.3166912,0.0,0.0,2.3166912
1851,SLC25A16,66.7581,2.3163216,0.0,0.0,2.3163216
14477,SMARCA1,-66.7375,-2.3159971,0.0,0.0,2.3159971
14800,MCUR1,-66.97511,-2.3158796,0.0,0.0,2.3158796
1025,CLDN12,66.92252,2.31582,0.0,0.0,2.31582
3505,GBE1,65.58912,2.3157191,0.0,0.0,2.3157191
13447,RPL7L1,-66.45207,-2.3151689,0.0,0.0,2.3151689
12479,ZNF10,-66.04416,-2.314866,0.0,0.0,2.314866
3222,PALD1,66.06362,2.3141193,0.0,0.0,2.3141193
3759,PHF21B,65.04684,2.3140786,0.0,0.0,2.3140786
12851,MGAT1,-66.28757,-2.3130379,0.0,0.0,2.3130379
12218,COL6A1,-65.69696,-2.3125167,0.0,0.0,2.3125167
2026,IL17RA,66.72195,2.3115475,0.0,0.0,2.3115475
11987,TSPYL1,-65.187775,-2.311498,0.0,0.0,2.311498
4779,ADGRB3,60.645817,2.3113713,0.0,0.0,2.3113713
12094,PI4K2B,-65.45635,-2.3113666,0.0,0.0,2.3113666
4705,TMEM196,61.115597,2.3097308,0.0,0.0,2.3097308
11676,JOSD2,-64.08447,-2.309429,0.0,0.0,2.309429
10916,MAP1A,-57.92477,-2.309413,0.0,0.0,2.309413
1456,CDKL5,66.84201,2.3093724,0.0,0.0,2.3093724
10099,CAMK2N1,-44.486534,-2.309041,0.0,0.0,2.309041
10213,SPRY4,-46.692673,-2.308971,0.0,0.0,2.308971
12353,ARRB2,-65.88916,-2.3085136,0.0,0.0,2.3085136
4063,BRINP1,64.145355,2.3078203,0.0,0.0,2.3078203
1220,HPCAL1,66.88705,2.3077362,0.0,0.0,2.3077362
1800,ELL,66.77101,2.3074298,0.0,0.0,2.3074298
673,ZCCHC7,66.990486,2.306733,0.0,0.0,2.306733
2832,CAMKK1,66.413086,2.3064957,0.0,0.0,2.3064957
4315,FKBP5,63.140892,2.3064876,0.0,0.0,2.3064876
14189,PTP4A2,-66.63442,-2.3058844,0.0,0.0,2.3058844
12777,SRP9,-66.25667,-2.3036218,0.0,0.0,2.3036218
13811,ACAA2,-66.53987,-2.30341,0.0,0.0,2.30341
2939,PRR22,66.34916,2.302951,0.0,0.0,2.302951
2911,BSN-DT,66.36405,2.3027847,0.0,0.0,2.3027847
3365,LINC01132,65.85619,2.3027437,0.0,0.0,2.3027437
5090,ARHGAP18,58.154415,2.3023937,0.0,0.0,2.3023937
13147,ALDH9A1,-66.37669,-2.3023458,0.0,0.0,2.3023458
2360,LRRC69,66.61848,2.301254,0.0,0.0,2.301254
10926,KIF4B,-58.038555,-2.3007398,0.0,0.0,2.3007398
11430,NUDT4B,-62.7751,-2.3002105,0.0,0.0,2.3002105
13672,NIP7,-66.50601,-2.3001328,0.0,0.0,2.3001328
4817,TNNI3K,60.25793,2.3001263,0.0,0.0,2.3001263
11204,ORC6,-60.99872,-2.3000393,0.0,0.0,2.3000393
12691,RFK,-66.222984,-2.2998614,0.0,0.0,2.2998614
11435,HRC,-62.821865,-2.299809,0.0,0.0,2.299809
3857,VWCE,64.81821,2.2993765,0.0,0.0,2.2993765
9900,CHST5,-40.03129,-2.2974505,0.0,0.0,2.2974505
12590,TMEM60,-66.163765,-2.2972968,0.0,0.0,2.2972968
2120,ZNF44,66.69846,2.29703,0.0,0.0,2.29703
2503,STK38L,66.57153,2.2953286,0.0,0.0,2.2953286
11659,B3GNT2,-64.0403,-2.2946107,0.0,0.0,2.2946107
5949,CRISPLD2,48.84043,2.2945006,0.0,0.0,2.2945006
12412,NOB1,-65.95245,-2.2942607,0.0,0.0,2.2942607
4250,SOSTDC1,63.407272,2.2924356,0.0,0.0,2.2924356
1899,EXT1,66.74817,2.291454,0.0,0.0,2.291454
11286,NDUFB3,-61.73616,-2.2913918,0.0,0.0,2.2913918
12491,ATP5MG,-66.05782,-2.2912118,0.0,0.0,2.2912118
13372,THAP12,-66.43211,-2.2911925,0.0,0.0,2.2911925
11890,ADRA2C,-64.9078,-2.2911773,0.0,0.0,2.2911773
4162,TJP3,63.75673,2.2910461,0.0,0.0,2.2910461
13330,METTL26,-66.41947,-2.2909904,0.0,0.0,2.2909904
14037,TMEM115,-66.595146,-2.290668,0.0,0.0,2.290668
12725,CDC26,-66.23857,-2.290523,0.0,0.0,2.290523
2484,RASSF3,66.575966,2.2894616,0.0,0.0,2.2894616
1107,PCCA,66.907776,2.289123,0.0,0.0,2.289123
4500,S100A14,62.22829,2.2884028,0.0,0.0,2.2884028
11109,STC2,-60.05765,-2.2882833,0.0,0.0,2.2882833
9644,PENK,-33.70631,-2.2880857,4.672555691891783e-249,5.733797241969801e-249,2.2880857
14515,GPN3,-66.75357,-2.2880137,0.0,0.0,2.2880137
2625,HOMER1,66.52482,2.287657,0.0,0.0,2.287657
13173,CSNK1E,-66.381744,-2.2875473,0.0,0.0,2.2875473
10321,NAV2-AS1,-48.984062,-2.2872503,0.0,0.0,2.2872503
1564,ARID1B,66.81862,2.2869394,0.0,0.0,2.2869394
3015,FBXO31,66.297646,2.2865686,0.0,0.0,2.2865686
1883,IRF2,66.75319,2.2862725,0.0,0.0,2.2862725
9185,PPP1R14B-AS1,-22.361395,-2.2861383,9.354143190417706e-111,1.0620984355924437e-110,2.2861383
2293,RHOT2,66.64268,2.2857776,0.0,0.0,2.2857776
11202,RBM43,-60.96625,-2.2854633,0.0,0.0,2.2854633
11862,ZFHX4,-64.80654,-2.285174,0.0,0.0,2.285174
3914,DOCK2,64.665504,2.2851384,0.0,0.0,2.2851384
13856,PDRG1,-66.55197,-2.2846935,0.0,0.0,2.2846935
1959,TBC1D22B,66.734695,2.2835028,0.0,0.0,2.2835028
3248,CHST3,66.041306,2.2827582,0.0,0.0,2.2827582
1527,RC3H1,66.82619,2.2823493,0.0,0.0,2.2823493
13806,COA5,-66.539055,-2.282205,0.0,0.0,2.282205
13301,SUPT16H,-66.41379,-2.2816179,0.0,0.0,2.2816179
2845,GMPR,66.40361,2.2807727,0.0,0.0,2.2807727
3574,LRRIQ1,65.43301,2.2795658,0.0,0.0,2.2795658
4442,TNFRSF9,62.5457,2.2795355,0.0,0.0,2.2795355
4159,LRRC8E,63.767586,2.2794719,0.0,0.0,2.2794719
4259,TXLNB,63.382164,2.279402,0.0,0.0,2.279402
13743,KXD1,-66.520615,-2.2791133,0.0,0.0,2.2791133
12012,NID2,-65.23486,-2.2785566,0.0,0.0,2.2785566
13563,PPP1R15B,-66.47816,-2.2782876,0.0,0.0,2.2782876
14229,CHMP3,-66.64299,-2.2780526,0.0,0.0,2.2780526
12241,RASGRP2,-65.73141,-2.2780118,0.0,0.0,2.2780118
521,TAOK3,67.0189,2.277285,0.0,0.0,2.277285
9581,ITGA1,-32.16547,-2.27722,5.3679662437161835e-227,6.50959177110014e-227,2.27722
4341,MTUS2-AS1,63.06158,2.276999,0.0,0.0,2.276999
1721,RIC8B,66.78671,2.276823,0.0,0.0,2.276823
13651,MAP2K2,-66.50075,-2.276615,0.0,0.0,2.276615
2366,MAPK8IP3,66.61756,2.276214,0.0,0.0,2.276214
10296,PYDC1,-48.51418,-2.2759943,0.0,0.0,2.2759943
13829,PDCD2,-66.54359,-2.2759569,0.0,0.0,2.2759569
2524,TMEM268,66.5649,2.2753196,0.0,0.0,2.2753196
3804,GAS7,64.9193,2.2742696,0.0,0.0,2.2742696
13040,GALT,-66.34791,-2.2740204,0.0,0.0,2.2740204
5047,SOCS1,58.487507,2.272929,0.0,0.0,2.272929
4838,CYP2J2,60.00036,2.2729154,0.0,0.0,2.2729154
4354,ZNF324,62.974854,2.2726629,0.0,0.0,2.2726629
13917,PGAM5,-66.56627,-2.272614,0.0,0.0,2.272614
13024,WASF1,-66.34134,-2.2722456,0.0,0.0,2.2722456
2084,LRBA,66.708206,2.271679,0.0,0.0,2.271679
3541,C1orf56,65.47847,2.271088,0.0,0.0,2.271088
14023,PRELID3B,-66.5918,-2.2703295,0.0,0.0,2.2703295
11669,ZNF385A,-64.076515,-2.2702415,0.0,0.0,2.2702415
4410,SLC2A12,62.710648,2.2701788,0.0,0.0,2.2701788
1453,ZNF717,66.84252,2.269646,0.0,0.0,2.269646
14686,ANXA6,-66.85844,-2.2692752,0.0,0.0,2.2692752
4369,LINC02321,62.903904,2.2686758,0.0,0.0,2.2686758
547,ANKIB1,67.01494,2.2685728,0.0,0.0,2.2685728
3525,LMF1,65.51953,2.2684526,0.0,0.0,2.2684526
14572,MED29,-66.79041,-2.268262,0.0,0.0,2.268262
2799,SDCBP2-AS1,66.43329,2.268261,0.0,0.0,2.268261
3909,GPR160,64.68048,2.2682028,0.0,0.0,2.2682028
3981,PAPPA2,64.442535,2.2672827,0.0,0.0,2.2672827
4635,LINC02126,61.580822,2.2670243,0.0,0.0,2.2670243
11713,LPCAT2,-64.243065,-2.2661297,0.0,0.0,2.2661297
11230,TFAP2A,-61.228657,-2.26564,0.0,0.0,2.26564
2844,TSPAN12,66.40381,2.2655697,0.0,0.0,2.2655697
579,LDAH,67.00915,2.2651677,0.0,0.0,2.2651677
13064,CARHSP1,-66.352585,-2.2649932,0.0,0.0,2.2649932
12801,RBM38,-66.26551,-2.2648537,0.0,0.0,2.2648537
1033,CSPP1,66.92131,2.2648,0.0,0.0,2.2648
2568,LINC00685,66.54928,2.2633142,0.0,0.0,2.2633142
10939,PAQR9-AS1,-58.181396,-2.2632775,0.0,0.0,2.2632775
11685,KSR1,-64.12506,-2.2629752,0.0,0.0,2.2629752
4586,COL23A1,61.863647,2.2614098,0.0,0.0,2.2614098
1311,INO80,66.87293,2.260984,0.0,0.0,2.260984
3737,SIAE,65.09066,2.2605314,0.0,0.0,2.2605314
14084,PKM,-66.604904,-2.2600029,0.0,0.0,2.2600029
8934,MYL2,-15.880043,-2.2598557,8.711921798326143e-57,9.500478837571694e-57,2.2598557
2216,SPIRE2,66.67062,2.2593215,0.0,0.0,2.2593215
13967,CCDC137,-66.57896,-2.2592418,0.0,0.0,2.2592418
3152,DAB2IP,66.14714,2.2592206,0.0,0.0,2.2592206
2679,PHKA1,66.496796,2.259161,0.0,0.0,2.259161
12842,MRPL34,-66.28383,-2.2590392,0.0,0.0,2.2590392
3077,RICTOR,66.2422,2.2564583,0.0,0.0,2.2564583
4233,ACOT11,63.484493,2.256383,0.0,0.0,2.256383
14380,NUDC,-66.69586,-2.2556517,0.0,0.0,2.2556517
4424,NBAT1,62.644924,2.2552395,0.0,0.0,2.2552395
3534,IFIT3,65.48922,2.2551396,0.0,0.0,2.2551396
12440,MAGOHB,-66.002464,-2.2549665,0.0,0.0,2.2549665
10090,ATF3,-44.271564,-2.2546408,0.0,0.0,2.2546408
10613,DANT1,-53.86133,-2.2537076,0.0,0.0,2.2537076
12131,CREG1,-65.5303,-2.25369,0.0,0.0,2.25369
2413,ENGASE,66.60094,2.253351,0.0,0.0,2.253351
13689,CCDC50,-66.5096,-2.253106,0.0,0.0,2.253106
1713,SPG11,66.7882,2.2529774,0.0,0.0,2.2529774
4900,LSAMP,59.57258,2.252891,0.0,0.0,2.252891
4027,KCNK5,64.29721,2.2524202,0.0,0.0,2.2524202
12672,PDHB,-66.213066,-2.2514737,0.0,0.0,2.2514737
14455,TRMT6,-66.72857,-2.2514715,0.0,0.0,2.2514715
11464,TRIM73,-63.014343,-2.2512057,0.0,0.0,2.2512057
9820,LAMA1,-38.00518,-2.2510824,0.0,0.0,2.2510824
4420,GLDC,62.679466,2.2508643,0.0,0.0,2.2508643
4374,OAS3,62.878704,2.250629,0.0,0.0,2.250629
13848,SYDE1,-66.54926,-2.2498717,0.0,0.0,2.2498717
2391,ZNF575,66.61102,2.249569,0.0,0.0,2.249569
5203,C8G,57.10168,2.2492952,0.0,0.0,2.2492952
10821,HMGN5,-56.61057,-2.2468195,0.0,0.0,2.2468195
2108,LIN52,66.70201,2.2461314,0.0,0.0,2.2461314
3345,WWTR1-AS1,65.88077,2.2447963,0.0,0.0,2.2447963
13168,ENY2,-66.38016,-2.2443707,0.0,0.0,2.2443707
1848,TBCK,66.75859,2.2441444,0.0,0.0,2.2441444
12657,APH1A,-66.20291,-2.2437596,0.0,0.0,2.2437596
11703,ZNF217,-64.19224,-2.2436476,0.0,0.0,2.2436476
3662,RIMS2,65.25469,2.243641,0.0,0.0,2.243641
10759,TESMIN,-56.038868,-2.2431056,0.0,0.0,2.2431056
3258,CRTC1,66.02587,2.2428892,0.0,0.0,2.2428892
10231,NPPC,-47.147385,-2.242816,0.0,0.0,2.242816
13700,STUB1,-66.510956,-2.2421515,0.0,0.0,2.2421515
299,HMG20A,67.06204,2.2416232,0.0,0.0,2.2416232
3704,WHRN,65.15023,2.2415845,0.0,0.0,2.2415845
13273,ZBTB39,-66.407135,-2.2414823,0.0,0.0,2.2414823
12892,SRP72,-66.29748,-2.241481,0.0,0.0,2.241481
1149,KLHL20,66.89995,2.2406921,0.0,0.0,2.2406921
374,NDEL1,67.046005,2.2402143,0.0,0.0,2.2402143
2963,PCSK7,66.33607,2.2395084,0.0,0.0,2.2395084
12951,DDX27,-66.31348,-2.2394724,0.0,0.0,2.2394724
866,PCTP,66.95116,2.2394376,0.0,0.0,2.2394376
4216,ADPGK-AS1,63.561497,2.2386825,0.0,0.0,2.2386825
13982,CDC5L,-66.58152,-2.2386007,0.0,0.0,2.2386007
12130,DTYMK,-65.526344,-2.2383206,0.0,0.0,2.2383206
12561,SFR1,-66.137856,-2.2374127,0.0,0.0,2.2374127
4463,HES2,62.421406,2.2369611,0.0,0.0,2.2369611
3893,LINC01515,64.7165,2.2366908,0.0,0.0,2.2366908
13970,MZT1,-66.5794,-2.2365108,0.0,0.0,2.2365108
11928,ATP1A1,-65.03088,-2.2360625,0.0,0.0,2.2360625
4251,CLDN18,63.40664,2.2353268,0.0,0.0,2.2353268
12195,TBCE,-65.64862,-2.235085,0.0,0.0,2.235085
11169,TNFAIP3,-60.546402,-2.2344863,0.0,0.0,2.2344863
2097,ASAH2B,66.70486,2.23382,0.0,0.0,2.23382
6977,KLF4,32.214996,2.23366,1.088381298169333e-227,1.320499266455283e-227,2.23366
4924,COL13A1,59.40053,2.232861,0.0,0.0,2.232861
2782,DNM2,66.43979,2.2327323,0.0,0.0,2.2327323
14438,DDA1,-66.71953,-2.2316954,0.0,0.0,2.2316954
1317,FOXJ3,66.87132,2.2316163,0.0,0.0,2.2316163
7764,FOXM1,14.452153,-2.2313027,2.4296808937880885e-47,2.6271943231095903e-47,2.2313027
13568,BCL2L12,-66.4802,-2.2311738,0.0,0.0,2.2311738
11428,LMOD1,-62.76139,-2.230426,0.0,0.0,2.230426
3713,CYP2U1,65.14279,2.2303007,0.0,0.0,2.2303007
3842,SLC29A1,64.847046,2.2301128,0.0,0.0,2.2301128
3289,DPF3,65.9741,2.2295952,0.0,0.0,2.2295952
12294,SIRPA,-65.821846,-2.2295234,0.0,0.0,2.2295234
4287,LIPG,63.25398,2.2291229,0.0,0.0,2.2291229
14309,FAM241B,-66.66699,-2.228816,0.0,0.0,2.228816
13008,DCTN6,-66.33401,-2.2287633,0.0,0.0,2.2287633
13249,MRPS33,-66.40131,-2.2284524,0.0,0.0,2.2284524
1929,ZC3H12B,66.740845,2.228038,0.0,0.0,2.228038
4270,NKAIN4,63.322308,2.227631,0.0,0.0,2.227631
12526,POLR2K,-66.09537,-2.2271698,0.0,0.0,2.2271698
3418,NFXL1,65.75801,2.226844,0.0,0.0,2.226844
13225,TCEA1,-66.3968,-2.225894,0.0,0.0,2.225894
3727,GRIN1,65.11787,2.225643,0.0,0.0,2.225643
1145,CCDC159,66.90047,2.2253275,0.0,0.0,2.2253275
3313,ACAP3,65.93348,2.2253165,0.0,0.0,2.2253165
3087,CARF,66.23519,2.2251563,0.0,0.0,2.2251563
12254,SIGMAR1,-65.75574,-2.2250683,0.0,0.0,2.2250683
1227,ZNF609,66.88608,2.2247016,0.0,0.0,2.2247016
575,RASA2,67.01004,2.2245774,0.0,0.0,2.2245774
12676,PSPN,-66.214005,-2.2237854,0.0,0.0,2.2237854
4509,TNFAIP2,62.20523,2.223583,0.0,0.0,2.223583
4184,ITGB3BP,63.672,2.2210722,0.0,0.0,2.2210722
4169,MCF2L2,63.71757,2.2202775,0.0,0.0,2.2202775
4507,CAPS,62.21386,2.2179914,0.0,0.0,2.2179914
350,ANKRD10,67.05001,2.2172568,0.0,0.0,2.2172568
4313,SLC16A13,63.143764,2.217163,0.0,0.0,2.217163
12624,CHRAC1,-66.18789,-2.2170372,0.0,0.0,2.2170372
2253,PLA2G6,66.65719,2.2166057,0.0,0.0,2.2166057
10477,APCDD1,-51.679905,-2.2162228,0.0,0.0,2.2162228
388,TTC38,67.04321,2.2161083,0.0,0.0,2.2161083
11746,C11orf91,-64.40228,-2.2160068,0.0,0.0,2.2160068
1790,SNX8,66.77342,2.2159336,0.0,0.0,2.2159336
13436,SLC25A23,-66.449104,-2.2158012,0.0,0.0,2.2158012
2273,GAN,66.649765,2.2157362,0.0,0.0,2.2157362
1390,DIP2A,66.85612,2.2155309,0.0,0.0,2.2155309
2743,SLC25A45,66.46348,2.2153912,0.0,0.0,2.2153912
11730,KNSTRN,-64.321556,-2.2150247,0.0,0.0,2.2150247
3544,LINC01719,65.47519,2.2147872,0.0,0.0,2.2147872
4029,FLNB-AS1,64.291435,2.2146506,0.0,0.0,2.2146506
11270,SEMA3G,-61.61943,-2.2146091,0.0,0.0,2.2146091
9846,ESRP2,-38.672276,-2.2141943,0.0,0.0,2.2141943
3803,PJVK,64.92168,2.2139888,0.0,0.0,2.2139888
9889,ID2-AS1,-39.75857,-2.213806,0.0,0.0,2.213806
3414,CCDC134,65.7715,2.2133677,0.0,0.0,2.2133677
9233,PWWP3B,-23.564255,-2.213063,8.967586931080384e-123,1.026617381511796e-122,2.213063
13274,ACP1,-66.40718,-2.2121916,0.0,0.0,2.2121916
12239,DCXR,-65.72878,-2.2121484,0.0,0.0,2.2121484
12250,SPCS3,-65.74825,-2.2117715,0.0,0.0,2.2117715
9417,KRT7,-28.187706,-2.211493,8.273539499815403e-175,9.751638267643824e-175,2.211493
4728,CYP2F1,60.964893,2.211482,0.0,0.0,2.211482
1461,CUL4A,66.83961,2.211341,0.0,0.0,2.211341
8891,CCL21,-14.72734,-2.211125,4.303132824334408e-49,4.66075826463913e-49,2.211125
4261,F2,63.372746,2.2102077,0.0,0.0,2.2102077
2883,MORC4,66.38284,2.2100723,0.0,0.0,2.2100723
12228,SLC25A11,-65.712326,-2.2097912,0.0,0.0,2.2097912
11244,DGAT2,-61.420006,-2.2094,0.0,0.0,2.2094
13104,DKC1,-66.36313,-2.2090368,0.0,0.0,2.2090368
11339,MATN2,-62.197845,-2.2085056,0.0,0.0,2.2085056
14006,ARL6IP4,-66.58632,-2.2084224,0.0,0.0,2.2084224
4342,CAV2,63.061207,2.208417,0.0,0.0,2.208417
12885,TMBIM6,-66.295456,-2.2080917,0.0,0.0,2.2080917
1176,SLC12A2,66.89488,2.2079644,0.0,0.0,2.2079644
2892,GLCCI1,66.374954,2.2075639,0.0,0.0,2.2075639
1052,RMDN2,66.918396,2.207545,0.0,0.0,2.207545
4525,UNC80,62.149624,2.2074323,0.0,0.0,2.2074323
12886,FAM110D,-66.29575,-2.2065015,0.0,0.0,2.2065015
3837,GUCA1B,64.85469,2.2057784,0.0,0.0,2.2057784
10920,ANKRD18B,-57.944668,-2.205621,0.0,0.0,2.205621
12546,RTL6,-66.11583,-2.2056167,0.0,0.0,2.2056167
4719,GPR132,61.027824,2.2044773,0.0,0.0,2.2044773
4633,SLC16A14,61.58684,2.204406,0.0,0.0,2.204406
3622,MDH1B,65.33684,2.2043612,0.0,0.0,2.2043612
13360,DDX23,-66.427055,-2.2039957,0.0,0.0,2.2039957
4733,MYH7B,60.928555,2.2039123,0.0,0.0,2.2039123
1628,DIS3L2,66.80491,2.2034924,0.0,0.0,2.2034924
11694,C1QTNF6,-64.156845,-2.20348,0.0,0.0,2.20348
13139,NXT1,-66.37431,-2.2030337,0.0,0.0,2.2030337
845,EPB41L5,66.95524,2.2024252,0.0,0.0,2.2024252
12050,DUSP4,-65.35955,-2.2017963,0.0,0.0,2.2017963
4241,TMEM40,63.458477,2.201603,0.0,0.0,2.201603
3755,KCNC1,65.05233,2.200247,0.0,0.0,2.200247
5017,HCLS1,58.701225,2.2000206,0.0,0.0,2.2000206
6810,PLK1,35.138012,-2.199876,1.7720208792133527e-270,2.2019976254388967e-270,2.199876
12692,YIPF3,-66.223,-2.1993425,0.0,0.0,2.1993425
12847,TCF3,-66.285904,-2.1989155,0.0,0.0,2.1989155
1217,NBEAL1,66.887535,2.1988525,0.0,0.0,2.1988525
11944,INTS5,-65.07197,-2.1988358,0.0,0.0,2.1988358
5418,SPATA41,54.925747,2.1981277,0.0,0.0,2.1981277
1612,MINK1,66.808266,2.1979833,0.0,0.0,2.1979833
1866,RFX3,66.755585,2.1979313,0.0,0.0,2.1979313
10316,PCP2,-48.852116,-2.1978498,0.0,0.0,2.1978498
12006,NDUFA8,-65.22139,-2.19762,0.0,0.0,2.19762
831,MTMR14,66.95825,2.1971345,0.0,0.0,2.1971345
10909,CLDN11,-57.863075,-2.1971035,0.0,0.0,2.1971035
12394,C17orf58,-65.936005,-2.1969106,0.0,0.0,2.1969106
3316,RILPL1,65.931145,2.1968246,0.0,0.0,2.1968246
12443,IMP3,-66.00535,-2.196455,0.0,0.0,2.196455
11871,CFL2,-64.83415,-2.1959152,0.0,0.0,2.1959152
790,ARID2,66.96743,2.1943736,0.0,0.0,2.1943736
3386,SEC31B,65.81943,2.1943073,0.0,0.0,2.1943073
11243,RGCC,-61.389683,-2.1938708,0.0,0.0,2.1938708
4209,JAK2,63.593697,2.1933851,0.0,0.0,2.1933851
4745,RFC3,60.86513,2.193083,0.0,0.0,2.193083
11287,C14orf132,-61.76881,-2.1930366,0.0,0.0,2.1930366
4269,LINC01600,63.327763,2.1929421,0.0,0.0,2.1929421
11603,MINCR,-63.768326,-2.1922872,0.0,0.0,2.1922872
4256,AURKC,63.390373,2.191001,0.0,0.0,2.191001
3084,CDC14A,66.23857,2.190449,0.0,0.0,2.190449
4715,KIF19,61.04913,2.1887624,0.0,0.0,2.1887624
3960,CCDC63,64.494194,2.1887155,0.0,0.0,2.1887155
11980,ZNF579,-65.170265,-2.1885026,0.0,0.0,2.1885026
1917,REV3L,66.74342,2.1884024,0.0,0.0,2.1884024
3690,CHROMR,65.17187,2.1883333,0.0,0.0,2.1883333
13809,COPS2,-66.53972,-2.1878836,0.0,0.0,2.1878836
12887,DTD1,-66.29603,-2.1875713,0.0,0.0,2.1875713
14125,MRPL37,-66.61666,-2.186184,0.0,0.0,2.186184
4408,IGSF21,62.713573,2.185062,0.0,0.0,2.185062
1703,TOGARAM1,66.79177,2.1849444,0.0,0.0,2.1849444
11203,PAPPA-AS1,-60.990986,-2.1847315,0.0,0.0,2.1847315
2174,WARS2,66.68217,2.1845694,0.0,0.0,2.1845694
1976,SWSAP1,66.732086,2.184301,0.0,0.0,2.184301
3442,ABCC4,65.726814,2.1840897,0.0,0.0,2.1840897
3834,RGN,64.8688,2.1839304,0.0,0.0,2.1839304
2014,PSME4,66.72567,2.1838987,0.0,0.0,2.1838987
13691,GPN1,-66.51005,-2.1838136,0.0,0.0,2.1838136
570,GABPB1,67.01101,2.1832173,0.0,0.0,2.1832173
3212,MROH1,66.07093,2.1831045,0.0,0.0,2.1831045
4253,BACH2,63.400814,2.183004,0.0,0.0,2.183004
4597,FBXO32,61.802437,2.1829238,0.0,0.0,2.1829238
3536,ARHGAP30,65.487175,2.18274,0.0,0.0,2.18274
1756,ARSB,66.7806,2.1825671,0.0,0.0,2.1825671
2761,NBPF3,66.44974,2.182331,0.0,0.0,2.182331
3016,HDHD3,66.29694,2.1815672,0.0,0.0,2.1815672
4050,UBXN10,64.22411,2.1814032,0.0,0.0,2.1814032
14465,NOL7,-66.73202,-2.1808512,0.0,0.0,2.1808512
11697,PEA15,-64.162155,-2.1807349,0.0,0.0,2.1807349
12320,PPP1R35,-65.85594,-2.1800144,0.0,0.0,2.1800144
11990,ORMDL3,-65.19263,-2.1798666,0.0,0.0,2.1798666
11810,DKKL1,-64.6388,-2.1793094,0.0,0.0,2.1793094
3462,PER1,65.67874,2.1791387,0.0,0.0,2.1791387
12562,NORAD,-66.138176,-2.178984,0.0,0.0,2.178984
9792,RIMS4,-37.370525,-2.178878,1.1770634016887787e-305,1.4870966275190626e-305,2.178878
11845,TNFAIP8,-64.7406,-2.1787083,0.0,0.0,2.1787083
13098,SLC39A6,-66.36096,-2.1786923,0.0,0.0,2.1786923
11766,VMO1,-64.457085,-2.178312,0.0,0.0,2.178312
3538,HIF3A,65.48444,2.1782835,0.0,0.0,2.1782835
3204,TTLL7,66.0784,2.1781907,0.0,0.0,2.1781907
5038,FLI1,58.576443,2.1777887,0.0,0.0,2.1777887
4407,ATP7B,62.717236,2.1773777,0.0,0.0,2.1773777
3557,VPS9D1,65.44874,2.1759584,0.0,0.0,2.1759584
14288,LRRC57,-66.66248,-2.1757243,0.0,0.0,2.1757243
13778,TMEM50A,-66.53349,-2.175686,0.0,0.0,2.175686
2251,ATF7IP2,66.65793,2.1751375,0.0,0.0,2.1751375
3689,CCDC30,65.176414,2.1746664,0.0,0.0,2.1746664
6748,KIF2C,36.2951,-2.173991,1.9329724185637567e-288,2.424963114508465e-288,2.173991
1998,UBE2E2,66.72848,2.173456,0.0,0.0,2.173456
10813,EIF5AL1,-56.574528,-2.1732132,0.0,0.0,2.1732132
12518,PDIA3,-66.084984,-2.1726494,0.0,0.0,2.1726494
11526,RAB42,-63.370655,-2.172279,0.0,0.0,2.172279
11385,PRG4,-62.53939,-2.171967,0.0,0.0,2.171967
3209,SDR42E2,66.07244,2.1719255,0.0,0.0,2.1719255
566,FBXO28,67.01121,2.1717553,0.0,0.0,2.1717553
13758,NUCKS1,-66.5251,-2.1715453,0.0,0.0,2.1715453
10494,BORA,-51.956776,-2.1711211,0.0,0.0,2.1711211
4562,NEXMIF,61.994114,2.1709776,0.0,0.0,2.1709776
13206,REST,-66.39121,-2.1708772,0.0,0.0,2.1708772
1396,NFAT5,66.85534,2.1707757,0.0,0.0,2.1707757
1318,SHLD2,66.87127,2.1699853,0.0,0.0,2.1699853
3362,SBF2-AS1,65.86058,2.1698322,0.0,0.0,2.1698322
2839,ZC3H12C,66.40707,2.1694372,0.0,0.0,2.1694372
1193,SLC15A4,66.89262,2.1690547,0.0,0.0,2.1690547
231,PTK2,67.07871,2.1689386,0.0,0.0,2.1689386
3125,TRIM54,66.18878,2.1686592,0.0,0.0,2.1686592
12355,SYF2,-65.89065,-2.1685815,0.0,0.0,2.1685815
4163,GPR157,63.75651,2.168557,0.0,0.0,2.168557
937,JADE3,66.938644,2.1680014,0.0,0.0,2.1680014
10642,HOXB7,-54.2637,-2.1674056,0.0,0.0,2.1674056
4187,ELOVL7,63.665188,2.166728,0.0,0.0,2.166728
14079,DCUN1D5,-66.60386,-2.1664267,0.0,0.0,2.1664267
13479,EIF1AX,-66.46093,-2.1662452,0.0,0.0,2.1662452
13837,GSK3A,-66.545494,-2.1661177,0.0,0.0,2.1661177
13582,GTF3C4,-66.48257,-2.1660345,0.0,0.0,2.1660345
2364,TRAPPC13,66.61786,2.1659782,0.0,0.0,2.1659782
4672,DMRTA2,61.332123,2.1656039,0.0,0.0,2.1656039
13913,ZNF629,-66.56509,-2.165376,0.0,0.0,2.165376
1979,SEC24B,66.73151,2.165277,0.0,0.0,2.165277
4555,PTCH2,62.029415,2.1652415,0.0,0.0,2.1652415
13777,SRPRA,-66.53323,-2.165124,0.0,0.0,2.165124
4428,PAQR5,62.63335,2.1650434,0.0,0.0,2.1650434
2423,NPC1,66.5977,2.1649792,0.0,0.0,2.1649792
5016,BDNF,58.70639,2.1649075,0.0,0.0,2.1649075
2170,AFF1,66.68257,2.1648445,0.0,0.0,2.1648445
11969,DNAJB1,-65.12921,-2.1646426,0.0,0.0,2.1646426
1261,PIKFYVE,66.88117,2.1644182,0.0,0.0,2.1644182
14371,PNKD,-66.6901,-2.1643364,0.0,0.0,2.1643364
9149,HOXB13,-21.565071,-2.1642992,3.8233509391218386e-103,4.316695933169609e-103,2.1642992
13790,KHSRP,-66.53662,-2.1641312,0.0,0.0,2.1641312
11319,CCSAP,-62.02179,-2.1635425,0.0,0.0,2.1635425
4815,AKR1B10,60.273014,2.163211,0.0,0.0,2.163211
13591,GDI2,-66.48532,-2.1629622,0.0,0.0,2.1629622
1143,PIP5K1A,66.90052,2.1627474,0.0,0.0,2.1627474
2741,RAI1,66.464066,2.1619587,0.0,0.0,2.1619587
13371,DCAF13,-66.431526,-2.1612866,0.0,0.0,2.1612866
11010,TNK2-AS1,-58.882027,-2.1605287,0.0,0.0,2.1605287
3279,DOK3,65.98509,2.1601703,0.0,0.0,2.1601703
13549,CREB3,-66.475655,-2.159727,0.0,0.0,2.159727
13505,NASP,-66.46641,-2.159679,0.0,0.0,2.159679
10827,ERBB3,-56.683002,-2.1585858,0.0,0.0,2.1585858
12160,SLC3A2,-65.583725,-2.1584787,0.0,0.0,2.1584787
3298,BMP2K,65.9517,2.1574867,0.0,0.0,2.1574867
12895,TMED2,-66.29839,-2.15662,0.0,0.0,2.15662
1410,RAB3GAP1,66.852394,2.156615,0.0,0.0,2.156615
12513,LRFN3,-66.07999,-2.156601,0.0,0.0,2.156601
4898,HNF1A,59.596565,2.156536,0.0,0.0,2.156536
11665,FAM171B,-64.05429,-2.1564965,0.0,0.0,2.1564965
13140,WDR74,-66.374565,-2.1560876,0.0,0.0,2.1560876
4470,ARHGAP9,62.36823,2.1559005,0.0,0.0,2.1559005
11700,PBXIP1,-64.17883,-2.1556947,0.0,0.0,2.1556947
9992,ZFHX2,-42.10792,-2.1556647,0.0,0.0,2.1556647
5130,CCBE1,57.856552,2.1548092,0.0,0.0,2.1548092
13423,ELK1,-66.44491,-2.1542227,0.0,0.0,2.1542227
11126,TCIM,-60.20215,-2.1534212,0.0,0.0,2.1534212
5282,SNAP25,56.377216,2.1526496,0.0,0.0,2.1526496
4449,AIM2,62.494335,2.1522706,0.0,0.0,2.1522706
4790,COL25A1,60.582508,2.1522121,0.0,0.0,2.1522121
11995,GRWD1,-65.205185,-2.1514502,0.0,0.0,2.1514502
5254,LINC02511,56.684574,2.1513987,0.0,0.0,2.1513987
10590,LRRTM2,-53.54753,-2.151083,0.0,0.0,2.151083
12451,EXOSC5,-66.01443,-2.1504624,0.0,0.0,2.1504624
13905,FBXO45,-66.56313,-2.1502163,0.0,0.0,2.1502163
4927,MKX,59.372223,2.1501825,0.0,0.0,2.1501825
2903,CTDSPL,66.36923,2.1490679,0.0,0.0,2.1490679
2482,PTDSS1,66.57684,2.1483464,0.0,0.0,2.1483464
2748,ZNF658,66.46059,2.1479385,0.0,0.0,2.1479385
14742,UBE2Q2,-66.9071,-2.147644,0.0,0.0,2.147644
10799,IGLON5,-56.478863,-2.1476314,0.0,0.0,2.1476314
3607,LLPH-DT,65.37013,2.1476018,0.0,0.0,2.1476018
1663,CPLANE1,66.79925,2.1469944,0.0,0.0,2.1469944
870,PHF8,66.95001,2.146582,0.0,0.0,2.146582
2172,ZFAT,66.68244,2.146515,0.0,0.0,2.146515
13950,COX20,-66.576225,-2.1464899,0.0,0.0,2.1464899
13824,DENR,-66.54252,-2.1457834,0.0,0.0,2.1457834
13826,MAP9,-66.5426,-2.14546,0.0,0.0,2.14546
4662,GHRLOS,61.40323,2.1442633,0.0,0.0,2.1442633
9057,EPHA8,-19.327755,-2.1431227,3.137730151617022e-83,3.49498129017139e-83,2.1431227
1353,FBXO34,66.86323,2.1425478,0.0,0.0,2.1425478
4008,COL27A1,64.35692,2.142423,0.0,0.0,2.142423
637,GPATCH2,66.99869,2.142151,0.0,0.0,2.142151
4909,CCDC18,59.516193,2.141588,0.0,0.0,2.141588
1028,UBR2,66.922005,2.1415567,0.0,0.0,2.1415567
10884,TSPEAR-AS1,-57.469776,-2.141556,0.0,0.0,2.141556
13389,PSMA5,-66.436935,-2.1407628,0.0,0.0,2.1407628
3684,RAG1,65.1946,2.140728,0.0,0.0,2.140728
4441,CPM,62.54624,2.1406333,0.0,0.0,2.1406333
11247,IFIT1,-61.440434,-2.140597,0.0,0.0,2.140597
11210,DPF1,-61.063545,-2.1404204,0.0,0.0,2.1404204
2494,CAMK2D,66.573135,2.1402428,0.0,0.0,2.1402428
14381,USP5,-66.69591,-2.140027,0.0,0.0,2.140027
4755,IL31RA,60.790787,2.1394298,0.0,0.0,2.1394298
13045,TPGS1,-66.34874,-2.139354,0.0,0.0,2.139354
14745,SPAG7,-66.91008,-2.1391008,0.0,0.0,2.1391008
12248,PLEKHG4B,-65.74535,-2.1389282,0.0,0.0,2.1389282
782,RERE,66.9688,2.138711,0.0,0.0,2.138711
11220,CD93,-61.168102,-2.1386032,0.0,0.0,2.1386032
12703,NUDT2,-66.23057,-2.1385632,0.0,0.0,2.1385632
2493,SMIM8,66.57331,2.1379228,0.0,0.0,2.1379228
11670,B4GAT1,-64.078606,-2.1376753,0.0,0.0,2.1376753
13351,ZNF22,-66.424,-2.1375928,0.0,0.0,2.1375928
2519,UQCC1,66.56607,2.1371965,0.0,0.0,2.1371965
4727,TRIML2,60.969124,2.1368756,0.0,0.0,2.1368756
12138,ERG28,-65.542274,-2.1362429,0.0,0.0,2.1362429
13419,TPR,-66.44474,-2.1355734,0.0,0.0,2.1355734
5217,PPP1R3C,56.980625,2.135452,0.0,0.0,2.135452
2464,WIPI1,66.58239,2.1349514,0.0,0.0,2.1349514
13267,ELOF1,-66.40626,-2.1348624,0.0,0.0,2.1348624
12255,CLTRN,-65.75892,-2.1344101,0.0,0.0,2.1344101
13073,PRPS1,-66.35627,-2.134335,0.0,0.0,2.134335
4856,LINC01275,59.88109,2.1341903,0.0,0.0,2.1341903
4348,SYT9,63.01064,2.133976,0.0,0.0,2.133976
1512,MED27,66.82837,2.1334171,0.0,0.0,2.1334171
13545,SF3B4,-66.47512,-2.1333907,0.0,0.0,2.1333907
9056,PLCE1-AS1,-19.282173,-2.1323593,7.58241855150178e-83,8.443190144704774e-83,2.1323593
3818,ALDH3B1,64.89213,2.1320505,0.0,0.0,2.1320505
670,NR2C1,66.991196,2.131338,0.0,0.0,2.131338
13094,SF3B2,-66.36013,-2.1311388,0.0,0.0,2.1311388
11379,ITGB1BP2,-62.47799,-2.1311243,0.0,0.0,2.1311243
1641,DNAJC27,66.80301,2.1308887,0.0,0.0,2.1308887
4065,DENND6A-DT,64.141396,2.1308832,0.0,0.0,2.1308832
4041,HDAC4-AS1,64.24863,2.130559,0.0,0.0,2.130559
14321,CHCHD7,-66.67062,-2.1303375,0.0,0.0,2.1303375
14657,COPS3,-66.83752,-2.1297657,0.0,0.0,2.1297657
12371,RBBP9,-65.90424,-2.1296968,0.0,0.0,2.1296968
4787,ISLR2,60.592255,2.129008,0.0,0.0,2.129008
11337,MRPL53,-62.142715,-2.1288738,0.0,0.0,2.1288738
2987,ZER1,66.31835,2.128482,0.0,0.0,2.128482
5321,CRIP3,55.96304,2.1280243,0.0,0.0,2.1280243
14123,HSPA4,-66.61615,-2.1279106,0.0,0.0,2.1279106
12376,PSMG1,-65.9088,-2.1278956,0.0,0.0,2.1278956
14085,SMC3,-66.60498,-2.1268573,0.0,0.0,2.1268573
10686,CKMT1A,-54.954437,-2.1267703,0.0,0.0,2.1267703
2574,MIPEP,66.546684,2.1263304,0.0,0.0,2.1263304
930,INPP4A,66.94004,2.1259348,0.0,0.0,2.1259348
4743,RAMP1,60.873787,2.1257467,0.0,0.0,2.1257467
3163,ZDHHC1,66.14131,2.1256576,0.0,0.0,2.1256576
1814,ALKBH1,66.76695,2.1255386,0.0,0.0,2.1255386
11086,CD200,-59.85667,-2.125225,0.0,0.0,2.125225
4350,PAPPA,63.00206,2.1248043,0.0,0.0,2.1248043
3577,NLRX1,65.425224,2.1243687,0.0,0.0,2.1243687
3720,SLC19A2,65.136475,2.124352,0.0,0.0,2.124352
4553,IL20RA,62.040558,2.1234,0.0,0.0,2.1234
1672,NEK1,66.79792,2.1230934,0.0,0.0,2.1230934
3355,DNAJC27-AS1,65.86712,2.1229281,0.0,0.0,2.1229281
3787,HTR3B,64.96984,2.1228733,0.0,0.0,2.1228733
2514,ZBTB49,66.56677,2.1228638,0.0,0.0,2.1228638
2405,SEPSECS,66.604965,2.1226904,0.0,0.0,2.1226904
10129,UBE2T,-45.28372,-2.1223226,0.0,0.0,2.1223226
2814,RGS20,66.42722,2.1223145,0.0,0.0,2.1223145
13724,XRCC1,-66.51638,-2.1220257,0.0,0.0,2.1220257
4462,GMEB1,62.42367,2.1220198,0.0,0.0,2.1220198
13473,TRMT10C,-66.458145,-2.1217237,0.0,0.0,2.1217237
12563,PSMA4,-66.141495,-2.1215715,0.0,0.0,2.1215715
12016,DLK2,-65.24504,-2.12145,0.0,0.0,2.12145
11036,C9orf50,-59.232548,-2.12132,0.0,0.0,2.12132
1946,UBR1,66.73787,2.121241,0.0,0.0,2.121241
8841,LINC01836,-13.230338,-2.1209087,5.862283940799272e-40,6.292049003183818e-40,2.1209087
2652,R3HDM2,66.50748,2.120281,0.0,0.0,2.120281
11863,PEX12,-64.80715,-2.119523,0.0,0.0,2.119523
10944,AK1,-58.243298,-2.1192813,0.0,0.0,2.1192813
2182,KLF7,66.67929,2.1192336,0.0,0.0,2.1192336
10281,EFS,-48.176796,-2.1191893,0.0,0.0,2.1191893
11492,LPP-AS2,-63.195942,-2.1186924,0.0,0.0,2.1186924
911,DLG1,66.94261,2.1183214,0.0,0.0,2.1183214
3903,PCDH19,64.6957,2.118255,0.0,0.0,2.118255
14757,G3BP2,-66.92064,-2.1176658,0.0,0.0,2.1176658
4889,LINC01456,59.682697,2.1174655,0.0,0.0,2.1174655
4985,LINC02728,59.028515,2.1170282,0.0,0.0,2.1170282
8770,CCN2,-11.401038,-2.1165948,4.13164487934766e-30,4.386600701954696e-30,2.1165948
14113,NT5C3B,-66.61266,-2.1160746,0.0,0.0,2.1160746
1246,FAM13A,66.882835,2.1160238,0.0,0.0,2.1160238
4258,TNFAIP6,63.38258,2.1159945,0.0,0.0,2.1159945
4371,IQCN,62.899624,2.1157846,0.0,0.0,2.1157846
978,FRYL,66.93089,2.1148927,0.0,0.0,2.1148927
2654,FOXN3,66.50664,2.1147058,0.0,0.0,2.1147058
12745,PNRC2,-66.24578,-2.1144295,0.0,0.0,2.1144295
11024,TIMELESS,-59.06524,-2.1139627,0.0,0.0,2.1139627
11758,SMIM10,-64.44476,-2.1138973,0.0,0.0,2.1138973
3074,PRKAA2,66.24736,2.1132522,0.0,0.0,2.1132522
4890,FOLH1,59.674572,2.1128838,0.0,0.0,2.1128838
11940,ZNHIT2,-65.05691,-2.1117218,0.0,0.0,2.1117218
4016,CABLES2,64.33035,2.1116943,0.0,0.0,2.1116943
4328,PVT1,63.092663,2.1116562,0.0,0.0,2.1116562
13177,HCFC1,-66.38265,-2.1115537,0.0,0.0,2.1115537
12873,TMEM9,-66.29214,-2.1111598,0.0,0.0,2.1111598
4756,GBP6,60.78759,2.1109767,0.0,0.0,2.1109767
14289,DFFA,-66.66255,-2.110714,0.0,0.0,2.110714
13621,BTBD6,-66.493065,-2.110289,0.0,0.0,2.110289
11089,TMSB4Y,-59.86894,-2.1102748,0.0,0.0,2.1102748
12374,POLR2H,-65.90769,-2.1102738,0.0,0.0,2.1102738
7686,SERPINE1,16.285843,2.1102238,1.244015749768373e-59,1.3603183355315742e-59,2.1102238
2409,SLC25A42,66.60378,2.1100616,0.0,0.0,2.1100616
4395,NRCAM,62.778122,2.109629,0.0,0.0,2.109629
3107,SMARCA2,66.212685,2.1090777,0.0,0.0,2.1090777
3771,SLC47A2,65.009155,2.1086357,0.0,0.0,2.1086357
3136,PPP2R3A,66.17615,2.108354,0.0,0.0,2.108354
3488,CNNM4,65.61508,2.1082332,0.0,0.0,2.1082332
12019,XKR8,-65.25021,-2.1077952,0.0,0.0,2.1077952
1807,PHF21A,66.7689,2.1077614,0.0,0.0,2.1077614
10060,LRRC10,-43.49454,-2.1077445,0.0,0.0,2.1077445
2921,STK38,66.360466,2.1074927,0.0,0.0,2.1074927
3483,CPEB4,65.62262,2.1073716,0.0,0.0,2.1073716
5947,FAM153A,48.91234,2.107326,0.0,0.0,2.107326
2060,TIGD7,66.71387,2.1069105,0.0,0.0,2.1069105
4988,ATP1A2,59.016365,2.1068203,0.0,0.0,2.1068203
2667,TTLL5,66.502594,2.1059415,0.0,0.0,2.1059415
2164,TBL1X,66.68436,2.1059294,0.0,0.0,2.1059294
2660,PHC3,66.5046,2.1057165,0.0,0.0,2.1057165
2825,ACSS2,66.421394,2.1046076,0.0,0.0,2.1046076
12183,EIF5,-65.62113,-2.104434,0.0,0.0,2.104434
3519,KLHL8,65.53571,2.1028392,0.0,0.0,2.1028392
3134,MYO1F,66.176544,2.1024053,0.0,0.0,2.1024053
12490,POPDC3,-66.05694,-2.1021485,0.0,0.0,2.1021485
691,FNDC3A,66.98736,2.1019642,0.0,0.0,2.1019642
12147,ITGB1,-65.551865,-2.10191,0.0,0.0,2.10191
13212,IKBIP,-66.39246,-2.1014545,0.0,0.0,2.1014545
10914,MCM7,-57.92393,-2.100466,0.0,0.0,2.100466
10868,ADD2,-57.274445,-2.1000836,0.0,0.0,2.1000836
4067,BICC1,64.132355,2.1000564,0.0,0.0,2.1000564
13875,ZC3H15,-66.55746,-2.0999858,0.0,0.0,2.0999858
5226,CCDC183-AS1,56.903027,2.0999775,0.0,0.0,2.0999775
11044,AMN,-59.38186,-2.0987494,0.0,0.0,2.0987494
3977,BRICD5,64.45014,2.0983286,0.0,0.0,2.0983286
12292,RRP9,-65.82076,-2.0982463,0.0,0.0,2.0982463
3870,ZNF273,64.78007,2.098015,0.0,0.0,2.098015
2725,KLHL3,66.476295,2.097703,0.0,0.0,2.097703
12415,DNAJC4,-65.961136,-2.0974646,0.0,0.0,2.0974646
2760,NBPF19,66.449814,2.0974152,0.0,0.0,2.0974152
14098,YWHAQ,-66.60838,-2.0958772,0.0,0.0,2.0958772
10888,KCNC3,-57.48519,-2.0957685,0.0,0.0,2.0957685
13136,IFT57,-66.37356,-2.0953119,0.0,0.0,2.0953119
14679,FAHD1,-66.85158,-2.0950456,0.0,0.0,2.0950456
13847,MRPS23,-66.5487,-2.0946639,0.0,0.0,2.0946639
4548,DRAM1,62.06576,2.094236,0.0,0.0,2.094236
754,TFCP2,66.97549,2.0935543,0.0,0.0,2.0935543
14736,CDK16,-66.90263,-2.0934513,0.0,0.0,2.0934513
10214,TRIM59,-46.712708,-2.0929275,0.0,0.0,2.0929275
2236,AGO3,66.66035,2.0928829,0.0,0.0,2.0928829
729,EPC1,66.98031,2.0926683,0.0,0.0,2.0926683
2922,KAT2B,66.360214,2.0922992,0.0,0.0,2.0922992
3180,NCAM1,66.109,2.0912251,0.0,0.0,2.0912251
11398,COLGALT2,-62.605053,-2.09081,0.0,0.0,2.09081
1875,MTO1,66.75438,2.090755,0.0,0.0,2.090755
12222,TCEAL9,-65.705154,-2.0897758,0.0,0.0,2.0897758
11105,ZNF710-AS1,-60.026836,-2.0895703,0.0,0.0,2.0895703
10908,PDLIM1,-57.827026,-2.0894673,0.0,0.0,2.0894673
12732,ZCRB1,-66.24083,-2.0889797,0.0,0.0,2.0889797
12779,FANCF,-66.25687,-2.088968,0.0,0.0,2.088968
3343,FAM20A,65.88479,2.0885983,0.0,0.0,2.0885983
12939,HNRNPH3,-66.30929,-2.0883675,0.0,0.0,2.0883675
1907,ATRN,66.74528,2.0882392,0.0,0.0,2.0882392
14612,KPNB1,-66.809586,-2.0882204,0.0,0.0,2.0882204
13606,TSR1,-66.48885,-2.0880163,0.0,0.0,2.0880163
2047,UBAP1,66.71648,2.0879817,0.0,0.0,2.0879817
12424,TMEM185B,-65.976265,-2.0856376,0.0,0.0,2.0856376
4585,WNT16,61.86566,2.0834465,0.0,0.0,2.0834465
12880,MON1B,-66.294235,-2.0830832,0.0,0.0,2.0830832
10201,SNCG,-46.553825,-2.0828047,0.0,0.0,2.0828047
4596,ABCG4,61.805317,2.0827558,0.0,0.0,2.0827558
3472,MAFK,65.65129,2.082702,0.0,0.0,2.082702
12149,RAB34,-65.55497,-2.082688,0.0,0.0,2.082688
13116,RALBP1,-66.36752,-2.082473,0.0,0.0,2.082473
3545,MTSS1,65.472946,2.0820172,0.0,0.0,2.0820172
4714,CLSTN2,61.049976,2.0814686,0.0,0.0,2.0814686
5435,WDR62,54.822388,2.0813794,0.0,0.0,2.0813794
9001,OLFML1,-17.87254,-2.0804074,1.9300529469983467e-71,2.130441742849991e-71,2.0804074
2757,CASC2,66.4511,2.0803657,0.0,0.0,2.0803657
3508,SLC39A14,65.57568,2.0803301,0.0,0.0,2.0803301
11750,SLC30A3,-64.412834,-2.0802503,0.0,0.0,2.0802503
12604,ZNF622,-66.175186,-2.0796087,0.0,0.0,2.0796087
12685,NFKB2,-66.21841,-2.0794053,0.0,0.0,2.0794053
8736,DTL,-10.4483385,-2.0792873,1.4911466114342633e-25,1.575044184472727e-25,2.0792873
14374,ABCE1,-66.691574,-2.0792737,0.0,0.0,2.0792737
14697,OXA1L,-66.86235,-2.079072,0.0,0.0,2.079072
741,ATG10,66.978714,2.0782406,0.0,0.0,2.0782406
12903,NIPSNAP1,-66.30033,-2.0780048,0.0,0.0,2.0780048
12142,RNPEPL1,-65.54601,-2.0778067,0.0,0.0,2.0778067
4953,RNF222,59.199295,2.077771,0.0,0.0,2.077771
13673,MRPS6,-66.50607,-2.0776348,0.0,0.0,2.0776348
12815,STRADA,-66.2719,-2.0773408,0.0,0.0,2.0773408
4757,SLC22A3,60.75999,2.0762281,0.0,0.0,2.0762281
2090,GCLM,66.70722,2.0760336,0.0,0.0,2.0760336
3247,ZNF30,66.042816,2.075706,0.0,0.0,2.075706
3500,PAXBP1-AS1,65.59763,2.0756063,0.0,0.0,2.0756063
1059,KDM2A,66.91577,2.0755026,0.0,0.0,2.0755026
12162,NDUFV2,-65.586296,-2.075102,0.0,0.0,2.075102
5113,FAM124A,57.9793,2.0749004,0.0,0.0,2.0749004
3119,IGSF1,66.19132,2.0746958,0.0,0.0,2.0746958
3767,CPT1A,65.022316,2.0740292,0.0,0.0,2.0740292
3308,ZNF337-AS1,65.93674,2.0738425,0.0,0.0,2.0738425
3652,LDB3,65.28111,2.0734031,0.0,0.0,2.0734031
11655,ATP5MC1,-64.00993,-2.0732229,0.0,0.0,2.0732229
12335,RER1,-65.87478,-2.0730214,0.0,0.0,2.0730214
13085,RAB4A,-66.35896,-2.0724986,0.0,0.0,2.0724986
10708,SLC10A5,-55.212124,-2.0723257,0.0,0.0,2.0723257
9497,MUSTN1,-30.36433,-2.0723236,1.6254498120310449e-202,1.9445870906051809e-202,2.0723236
4192,SNORC,63.640434,2.0722895,0.0,0.0,2.0722895
12259,SEC61B,-65.765526,-2.0719676,0.0,0.0,2.0719676
13430,MRPS26,-66.44779,-2.071524,0.0,0.0,2.071524
14322,GSKIP,-66.67084,-2.0713286,0.0,0.0,2.0713286
4799,SPOCK3,60.51958,2.0712745,0.0,0.0,2.0712745
10473,B3GAT1,-51.646267,-2.0711076,0.0,0.0,2.0711076
4266,PLEKHG1,63.34335,2.0707994,0.0,0.0,2.0707994
2070,ZNF786,66.711914,2.070672,0.0,0.0,2.070672
3464,TMC8,65.67,2.0700643,0.0,0.0,2.0700643
14385,PAIP1,-66.697365,-2.0699522,0.0,0.0,2.0699522
4961,DMC1,59.156128,2.0691857,0.0,0.0,2.0691857
4836,CYP4X1,60.051674,2.0682223,0.0,0.0,2.0682223
12461,NBDY,-66.02858,-2.0678146,0.0,0.0,2.0678146
2876,NDUFAF6,66.38734,2.0674448,0.0,0.0,2.0674448
12107,RFC2,-65.48549,-2.0668678,0.0,0.0,2.0668678
2787,KLHL28,66.43861,2.0666456,0.0,0.0,2.0666456
4529,NRSN1,62.14629,2.066126,0.0,0.0,2.066126
4417,RBM44,62.6863,2.0657282,0.0,0.0,2.0657282
12325,SNHG7,-65.86568,-2.0651984,0.0,0.0,2.0651984
535,R3HCC1L,67.016785,2.0651128,0.0,0.0,2.0651128
10141,CCNO,-45.53678,-2.0649447,0.0,0.0,2.0649447
12476,TP53RK,-66.04285,-2.0646498,0.0,0.0,2.0646498
12647,MRGBP,-66.19799,-2.0645187,0.0,0.0,2.0645187
12174,FUNDC2,-65.6099,-2.064361,0.0,0.0,2.064361
1296,ZNF654,66.875046,2.0643373,0.0,0.0,2.0643373
1815,BCL2L13,66.7669,2.0641303,0.0,0.0,2.0641303
3314,PARP16,65.93298,2.0640376,0.0,0.0,2.0640376
4918,WFIKKN2,59.463776,2.0625405,0.0,0.0,2.0625405
13887,MRPL49,-66.55987,-2.062514,0.0,0.0,2.062514
11859,ACLY,-64.79523,-2.0624528,0.0,0.0,2.0624528
11918,RRAGA,-65.005005,-2.062156,0.0,0.0,2.062156
10338,TRIM9,-49.27742,-2.0620315,0.0,0.0,2.0620315
14219,NUDT16,-66.64055,-2.0615764,0.0,0.0,2.0615764
13906,CSTF1,-66.56323,-2.0613422,0.0,0.0,2.0613422
11184,PTPN13,-60.74909,-2.0608678,0.0,0.0,2.0608678
2362,PPFIBP1,66.618164,2.0602176,0.0,0.0,2.0602176
1341,RECK,66.8671,2.0598176,0.0,0.0,2.0598176
2669,LARS2,66.501205,2.059794,0.0,0.0,2.059794
5184,TGFA,57.375763,2.0594454,0.0,0.0,2.0594454
2678,MTRF1,66.49691,2.0590043,0.0,0.0,2.0590043
2563,FARP2,66.55071,2.0587342,0.0,0.0,2.0587342
1072,CWF19L2,66.91283,2.0585017,0.0,0.0,2.0585017
14161,SF3A1,-66.62561,-2.0582345,0.0,0.0,2.0582345
230,AP5Z1,67.07874,2.0579402,0.0,0.0,2.0579402
11953,TESK1,-65.0853,-2.0575364,0.0,0.0,2.0575364
10440,MCHR1,-51.106743,-2.057516,0.0,0.0,2.057516
4327,GRK3,63.0942,2.056245,0.0,0.0,2.056245
3270,PLXNB1,65.998245,2.0561595,0.0,0.0,2.0561595
1514,LRCH3,66.828125,2.0560672,0.0,0.0,2.0560672
11939,SLC35A4,-65.05423,-2.0559304,0.0,0.0,2.0559304
4033,DBF4B,64.28261,2.0559018,0.0,0.0,2.0559018
4447,RASGRP1,62.501854,2.0558517,0.0,0.0,2.0558517
2178,AGPAT3,66.681114,2.0557725,0.0,0.0,2.0557725
10374,CD302,-49.959156,-2.0549192,0.0,0.0,2.0549192
13983,UBE2A,-66.58206,-2.0545871,0.0,0.0,2.0545871
13503,TMA16,-66.465996,-2.0545747,0.0,0.0,2.0545747
12535,TSSC4,-66.10786,-2.0541983,0.0,0.0,2.0541983
2954,ANK3,66.34281,2.0538745,0.0,0.0,2.0538745
3042,OXNAD1,66.280754,2.0533156,0.0,0.0,2.0533156
2639,TTBK2,66.51676,2.0531495,0.0,0.0,2.0531495
12626,PLRG1,-66.18902,-2.0530336,0.0,0.0,2.0530336
4736,CCDC39,60.92421,2.0526905,0.0,0.0,2.0526905
14754,LRRC47,-66.91907,-2.0522635,0.0,0.0,2.0522635
11134,LINC01806,-60.25994,-2.0515194,0.0,0.0,2.0515194
12421,EMC4,-65.974594,-2.0510638,0.0,0.0,2.0510638
414,PRKRIP1,67.03902,2.050888,0.0,0.0,2.050888
2486,MAU2,66.57534,2.050236,0.0,0.0,2.050236
2406,VPS8,66.60423,2.0500317,0.0,0.0,2.0500317
2474,SLC30A7,66.57846,2.0496585,0.0,0.0,2.0496585
4353,SLC5A4-AS1,62.989502,2.0493248,0.0,0.0,2.0493248
2562,WDTC1,66.55095,2.049215,0.0,0.0,2.049215
4554,FITM2,62.03737,2.0481431,0.0,0.0,2.0481431
12020,ALDH16A1,-65.25098,-2.0481317,0.0,0.0,2.0481317
4539,LINC01290,62.11458,2.0479,0.0,0.0,2.0479
12849,TBL2,-66.28711,-2.0478566,0.0,0.0,2.0478566
3218,TRIM66,66.06629,2.0477805,0.0,0.0,2.0477805
2516,OSBPL5,66.566505,2.046988,0.0,0.0,2.046988
10762,ALCAM,-56.05535,-2.0466485,0.0,0.0,2.0466485
12437,HEBP1,-65.9996,-2.0464175,0.0,0.0,2.0464175
3786,ZNF331,64.974464,2.0463772,0.0,0.0,2.0463772
2755,ZNF20,66.4536,2.0463428,0.0,0.0,2.0463428
13135,JPT2,-66.372955,-2.0455887,0.0,0.0,2.0455887
14596,NKIRAS2,-66.79816,-2.0454128,0.0,0.0,2.0454128
2322,ARMC8,66.6316,2.0446973,0.0,0.0,2.0446973
4707,AGAP2,61.085854,2.0441136,0.0,0.0,2.0441136
9850,DOC2A,-38.79234,-2.0435963,0.0,0.0,2.0435963
7262,MYBL2,25.921637,-2.0435793,3.7985368163924946e-148,4.4147088413068795e-148,2.0435793
13284,ECI2,-66.41129,-2.0429711,0.0,0.0,2.0429711
10144,LINC02562,-45.576775,-2.042865,0.0,0.0,2.042865
11532,TMEM109,-63.398495,-2.042667,0.0,0.0,2.042667
969,ARFGEF1,66.93183,2.042665,0.0,0.0,2.042665
12784,PABPC1,-66.259155,-2.0426161,0.0,0.0,2.0426161
2249,ZNF595,66.65797,2.042176,0.0,0.0,2.042176
13053,POLR1D,-66.3506,-2.0413752,0.0,0.0,2.0413752
10449,TSPAN15,-51.230953,-2.04132,0.0,0.0,2.04132
3685,ANKRD6,65.19065,2.0411212,0.0,0.0,2.0411212
9700,RECQL4,-34.970493,-2.0409594,6.321996506290609e-268,7.840904012777724e-268,2.0409594
1972,SLC38A7,66.73252,2.0407336,0.0,0.0,2.0407336
2677,KIF13A,66.49777,2.0406668,0.0,0.0,2.0406668
12964,NRAS,-66.31897,-2.0396867,0.0,0.0,2.0396867
507,GCFC2,67.02131,2.0394197,0.0,0.0,2.0394197
5105,KIF17,58.038002,2.0386925,0.0,0.0,2.0386925
10841,PKN3,-56.82709,-2.0380888,0.0,0.0,2.0380888
12069,TMEM126A,-65.393036,-2.0379481,0.0,0.0,2.0379481
12005,UQCC2,-65.22077,-2.0375373,0.0,0.0,2.0375373
10583,NLGN4X,-53.300327,-2.036804,0.0,0.0,2.036804
12675,HAUS1,-66.21342,-2.036702,0.0,0.0,2.036702
12595,ATP5F1C,-66.16845,-2.0358279,0.0,0.0,2.0358279
4930,PPFIA2,59.350338,2.0346897,0.0,0.0,2.0346897
10480,PCDHGB3,-51.72495,-2.03451,0.0,0.0,2.03451
9683,RTCA-AS1,-34.450417,-2.0339487,4.4386135287746834e-260,5.4852993288273746e-260,2.0339487
1262,WDR59,66.88101,2.033737,0.0,0.0,2.033737
12477,CD164,-66.04285,-2.0332813,0.0,0.0,2.0332813
5579,TTC39C,53.26846,2.032978,0.0,0.0,2.032978
9422,EFNA2,-28.437065,-2.0328603,7.043253063966887e-178,8.312787377979701e-178,2.0328603
13641,SRP68,-66.4978,-2.0325372,0.0,0.0,2.0325372
11782,AHNAK,-64.51932,-2.0323114,0.0,0.0,2.0323114
4948,RAB37,59.23528,2.032136,0.0,0.0,2.032136
3606,ABTB1,65.3704,2.0321178,0.0,0.0,2.0321178
11037,ZDHHC23,-59.24533,-2.0319226,0.0,0.0,2.0319226
4066,LEAP2,64.13268,2.0318413,0.0,0.0,2.0318413
11225,CKB,-61.20737,-2.031655,0.0,0.0,2.031655
5538,OVGP1,53.651215,2.0314918,0.0,0.0,2.0314918
4411,LINC01013,62.706745,2.031404,0.0,0.0,2.031404
12028,JPH3,-65.287994,-2.0309305,0.0,0.0,2.0309305
1360,AFTPH,66.86144,2.0304687,0.0,0.0,2.0304687
3200,DSE,66.083084,2.0302734,0.0,0.0,2.0302734
4142,POLA1,63.863777,2.0298624,0.0,0.0,2.0298624
2219,FER,66.66841,2.0297556,0.0,0.0,2.0297556
10249,ATP2B1-AS1,-47.435253,-2.0286906,0.0,0.0,2.0286906
13185,ERLIN2,-66.38482,-2.028357,0.0,0.0,2.028357
10955,IER2,-58.331123,-2.0282314,0.0,0.0,2.0282314
5074,AVP,58.33714,2.0280006,0.0,0.0,2.0280006
9693,ITPRIPL1,-34.587467,-2.0277414,3.899254905955702e-262,4.825185607862246e-262,2.0277414
7068,MCM10,30.140411,-2.0274606,1.4325816754946623e-199,1.7121942807044352e-199,2.0274606
3602,PPIP5K1,65.374466,2.0269496,0.0,0.0,2.0269496
10317,GNG2,-48.88081,-2.0268908,0.0,0.0,2.0268908
12501,TADA2B,-66.07196,-2.0265064,0.0,0.0,2.0265064
1657,ANGEL1,66.80022,2.026425,0.0,0.0,2.026425
3055,ARMCX4,66.27465,2.0260983,0.0,0.0,2.0260983
11952,DNAJB9,-65.08277,-2.025893,0.0,0.0,2.025893
623,TVP23B,67.00079,2.025715,0.0,0.0,2.025715
13410,HNRNPD,-66.44201,-2.0256715,0.0,0.0,2.0256715
4464,TNK2,62.41802,2.0255911,0.0,0.0,2.0255911
2159,CUX1,66.68556,2.025483,0.0,0.0,2.025483
2588,ZNF383,66.53871,2.0254219,0.0,0.0,2.0254219
13376,BRD7,-66.43251,-2.025143,0.0,0.0,2.025143
10680,BASP1,-54.84673,-2.0248694,0.0,0.0,2.0248694
11675,PCDH7,-64.0829,-2.024661,0.0,0.0,2.024661
11518,FRMD6,-63.34839,-2.0243535,0.0,0.0,2.0243535
13683,NUDT21,-66.50773,-2.0241683,0.0,0.0,2.0241683
3872,ARHGAP31,64.77905,2.02409,0.0,0.0,2.02409
9599,CXCL6,-32.50852,-2.023962,8.081843113379038e-232,9.835219103513951e-232,2.023962
4045,ZFP69,64.23819,2.023768,0.0,0.0,2.023768
13304,ATIC,-66.41397,-2.023352,0.0,0.0,2.023352
2284,TRMT10B,66.6447,2.0225518,0.0,0.0,2.0225518
2149,TMEM175,66.68877,2.022526,0.0,0.0,2.022526
12727,ZBTB42,-66.23909,-2.022383,0.0,0.0,2.022383
12861,SELENOS,-66.28928,-2.0220354,0.0,0.0,2.0220354
3836,ARAP2,64.86407,2.0217476,0.0,0.0,2.0217476
1821,NAA16,66.76552,2.021127,0.0,0.0,2.021127
13243,ERGIC3,-66.39961,-2.0207784,0.0,0.0,2.0207784
13258,GAR1,-66.40359,-2.0202925,0.0,0.0,2.0202925
7507,DDIAS,20.142921,-2.0201375,3.104656769191132e-90,3.4756313816329766e-90,2.0201375
4977,EXPH5,59.07391,2.0196433,0.0,0.0,2.0196433
1522,ANKRD17,66.82685,2.019364,0.0,0.0,2.019364
3373,CCND3,65.841194,2.019017,0.0,0.0,2.019017
3600,TSPAN18,65.37717,2.0187557,0.0,0.0,2.0187557
14544,AHSA1,-66.77206,-2.0185533,0.0,0.0,2.0185533
1393,MIR762HG,66.855835,2.0185173,0.0,0.0,2.0185173
2189,ALKBH8,66.67779,2.0182555,0.0,0.0,2.0182555
14445,CSDE1,-66.72341,-2.0180948,0.0,0.0,2.0180948
13248,SCRN1,-66.40093,-2.0174398,0.0,0.0,2.0174398
11153,NAGS,-60.412235,-2.0172858,0.0,0.0,2.0172858
4285,ZMAT1,63.255676,2.017222,0.0,0.0,2.017222
2622,GBF1,66.52781,2.0169563,0.0,0.0,2.0169563
5071,CSPG4,58.349022,2.0168655,0.0,0.0,2.0168655
4571,MIOX,61.92058,2.0166068,0.0,0.0,2.0166068
12128,UQCRFS1,-65.52172,-2.0155203,0.0,0.0,2.0155203
12568,SNAPC2,-66.14719,-2.0153832,0.0,0.0,2.0153832
12948,MRPL2,-66.31255,-2.0152783,0.0,0.0,2.0152783
9770,DKK1,-36.661137,-2.0151527,3.041323757854864e-294,3.8248005302082155e-294,2.0151527
1474,FRS2,66.83678,2.0149977,0.0,0.0,2.0149977
4741,CCDC150,60.886707,2.0146663,0.0,0.0,2.0146663
12470,CLTB,-66.03553,-2.0145564,0.0,0.0,2.0145564
12348,PRDX6,-65.88647,-2.0141335,0.0,0.0,2.0141335
12407,TCEA2,-65.94724,-2.0140069,0.0,0.0,2.0140069
3262,SEC24D,66.023705,2.013853,0.0,0.0,2.013853
4580,KLRG1,61.877476,2.0135336,0.0,0.0,2.0135336
3433,UBE2D3-AS1,65.73817,2.0130887,0.0,0.0,2.0130887
2306,NHLRC2,66.63715,2.013003,0.0,0.0,2.013003
10108,TSHZ3,-44.73028,-2.0116448,0.0,0.0,2.0116448
6982,HELB,32.068142,2.0112355,1.2264627541313803e-225,1.4868129071867338e-225,2.0112355
12822,P4HB,-66.27369,-2.0111356,0.0,0.0,2.0111356
11141,MNS1,-60.334263,-2.0110383,0.0,0.0,2.0110383
10665,TP53AIP1,-54.652977,-2.0106168,0.0,0.0,2.0106168
5154,LCTL,57.66466,2.010485,0.0,0.0,2.010485
3876,PACC1,64.76001,2.0104775,0.0,0.0,2.0104775
3527,RBMS3,65.5153,2.0096989,0.0,0.0,2.0096989
4004,LRRC20,64.38137,2.008235,0.0,0.0,2.008235
434,CERS5,67.03485,2.007939,0.0,0.0,2.007939
12686,RBM22,-66.2203,-2.007809,0.0,0.0,2.007809
13311,PURB,-66.41561,-2.0071225,0.0,0.0,2.0071225
9857,DDIT4L,-38.93398,-2.0069227,0.0,0.0,2.0069227
9766,SLC28A3,-36.46616,-2.0068889,3.8150642412829904e-291,4.793393575268386e-291,2.0068889
14245,PTOV1,-66.64788,-2.00656,0.0,0.0,2.00656
12515,TMEM134,-66.08122,-2.0059943,0.0,0.0,2.0059943
12197,MYH10,-65.65173,-2.0050342,0.0,0.0,2.0050342
12047,FURIN,-65.35688,-2.0047421,0.0,0.0,2.0047421
988,UGGT2,66.928825,2.004131,0.0,0.0,2.004131
4947,F10,59.2395,2.0036533,0.0,0.0,2.0036533
10370,ELF3-AS1,-49.877605,-2.0035846,0.0,0.0,2.0035846
14269,EIF3M,-66.65679,-2.0029304,0.0,0.0,2.0029304
4127,PLD2,63.92568,2.0027227,0.0,0.0,2.0027227
13559,RANBP6,-66.47736,-2.0025434,0.0,0.0,2.0025434
3051,SH3YL1,66.277245,2.0024986,0.0,0.0,2.0024986
12698,NFYB,-66.22722,-2.0017014,0.0,0.0,2.0017014
4068,FN3K,64.132095,2.0012279,0.0,0.0,2.0012279
10348,IGFBP7,-49.420326,-2.0010726,0.0,0.0,2.0010726
4737,FHL2,60.916325,2.0009017,0.0,0.0,2.0009017
4572,GADD45G,61.906326,1.9996717,0.0,0.0,1.9996717
4069,MORN3,64.13078,1.9996382,0.0,0.0,1.9996382
10461,TMEM121B,-51.464592,-1.9993329,0.0,0.0,1.9993329
4224,ZNF497,63.53664,1.9993185,0.0,0.0,1.9993185
8629,NRN1,-7.413296,-1.9973491,1.2319816831462867e-13,1.2801457537127848e-13,1.9973491
5445,OIP5,54.721592,1.99693,0.0,0.0,1.99693
3443,TXNDC16,65.72531,1.9964263,0.0,0.0,1.9964263
10672,SLC11A1,-54.715157,-1.9957721,0.0,0.0,1.9957721
9677,ACTA2,-34.271603,-1.9943049,2.0794438394986964e-257,2.5661700435684112e-257,1.9943049
13052,MMP24OS,-66.35059,-1.9942372,0.0,0.0,1.9942372
2966,NEK7,66.3352,1.9940166,0.0,0.0,1.9940166
10856,HERC5,-57.057953,-1.994001,0.0,0.0,1.994001
10044,WFDC1,-43.273033,-1.9938488,0.0,0.0,1.9938488
4675,ELOVL2,61.326378,1.9937228,0.0,0.0,1.9937228
9256,DIPK1B,-24.193209,-1.9934461,2.6228487869975204e-129,3.014294487404899e-129,1.9934461
4130,FRRS1,63.917923,1.9927812,0.0,0.0,1.9927812
4655,UPK1B,61.464214,1.9926356,0.0,0.0,1.9926356
3770,ZBTB46,65.01492,1.992489,0.0,0.0,1.992489
14453,ARPC5L,-66.72753,-1.9923774,0.0,0.0,1.9923774
12567,CHST14,-66.14634,-1.9906166,0.0,0.0,1.9906166
3905,LERFS,64.687004,1.9899613,0.0,0.0,1.9899613
10817,TBX18,-56.587223,-1.9896404,0.0,0.0,1.9896404
2211,ZNF674,66.67196,1.9893591,0.0,0.0,1.9893591
3911,ESRRA,64.67499,1.9885272,0.0,0.0,1.9885272
12787,MRPL58,-66.2614,-1.9877262,0.0,0.0,1.9877262
12037,UBC,-65.33435,-1.9869171,0.0,0.0,1.9869171
3532,TRPV3,65.49227,1.9865149,0.0,0.0,1.9865149
5180,SNAI3,57.409817,1.9858091,0.0,0.0,1.9858091
1297,FAM149B1,66.874985,1.9856713,0.0,0.0,1.9856713
499,RASA1,67.02268,1.9847353,0.0,0.0,1.9847353
10896,BICDL2,-57.63081,-1.9845736,0.0,0.0,1.9845736
4794,LRRC74B,60.56804,1.9843217,0.0,0.0,1.9843217
12106,EFEMP2,-65.484856,-1.9840814,0.0,0.0,1.9840814
12947,CCDC90B,-66.31229,-1.9838231,0.0,0.0,1.9838231
3847,GNAL,64.83839,1.9834398,0.0,0.0,1.9834398
10756,STRC,-55.99031,-1.9826434,0.0,0.0,1.9826434
13519,PSMD4,-66.46835,-1.98259,0.0,0.0,1.98259
13425,MTFR1L,-66.445045,-1.9825474,0.0,0.0,1.9825474
4970,MVP,59.103333,1.9818507,0.0,0.0,1.9818507
5142,JUNB,57.753246,1.981297,0.0,0.0,1.981297
10970,CRB3,-58.46843,-1.9812123,0.0,0.0,1.9812123
12593,MRPL43,-66.16608,-1.98056,0.0,0.0,1.98056
1141,STAU2,66.90074,1.9804083,0.0,0.0,1.9804083
8565,SLC34A2,-5.670241,-1.9787841,1.425969934385747e-08,1.468446055886336e-08,1.9787841
11545,C8orf48,-63.438812,-1.9780462,0.0,0.0,1.9780462
4974,VWDE,59.092667,1.9780382,0.0,0.0,1.9780382
11820,TAX1BP3,-64.680595,-1.9779087,0.0,0.0,1.9779087
12933,HNRNPH2,-66.30855,-1.9778588,0.0,0.0,1.9778588
1571,BACH1,66.81713,1.9776076,0.0,0.0,1.9776076
13916,PPP1R7,-66.56573,-1.9774126,0.0,0.0,1.9774126
3066,MCEE,66.25767,1.977284,0.0,0.0,1.977284
5139,SGK1,57.78362,1.9766467,0.0,0.0,1.9766467
1489,AVL9,66.833405,1.9762161,0.0,0.0,1.9762161
1411,ZNF549,66.85185,1.9756701,0.0,0.0,1.9756701
13103,CRIPT,-66.36243,-1.9751512,0.0,0.0,1.9751512
13442,SNRPD3,-66.4502,-1.9744688,0.0,0.0,1.9744688
4023,LINC02211,64.312965,1.973382,0.0,0.0,1.973382
4141,CD55,63.87092,1.9730499,0.0,0.0,1.9730499
5053,C22orf31,58.47311,1.9722594,0.0,0.0,1.9722594
12398,PTPN18,-65.938835,-1.9721503,0.0,0.0,1.9721503
13213,GID8,-66.39261,-1.9719822,0.0,0.0,1.9719822
11143,RGS10,-60.34798,-1.9707162,0.0,0.0,1.9707162
3231,MAPKBP1,66.05566,1.9699428,0.0,0.0,1.9699428
5406,PROM1,55.13297,1.9698898,0.0,0.0,1.9698898
4812,DRAIC,60.372444,1.9691559,0.0,0.0,1.9691559
3858,DCAF4L1,64.815384,1.9689192,0.0,0.0,1.9689192
7237,CDC45,26.420382,-1.9689068,7.992331766622613e-154,9.317999562202656e-154,1.9689068
14536,GOLGA7,-66.76807,-1.9674823,0.0,0.0,1.9674823
11667,GDF7,-64.06957,-1.9666321,0.0,0.0,1.9666321
3150,DCBLD1,66.152405,1.9651203,0.0,0.0,1.9651203
12169,NDUFA12,-65.598206,-1.9647903,0.0,0.0,1.9647903
2292,LRRC37B,66.642975,1.9645423,0.0,0.0,1.9645423
11315,PNMA8C,-61.98602,-1.9641976,0.0,0.0,1.9641976
9244,PRXL2A,-24.026005,-1.9637942,1.4876390029257225e-127,1.7072795830992332e-127,1.9637942
14040,SLK,-66.59542,-1.9632593,0.0,0.0,1.9632593
11124,DLX4,-60.200603,-1.9620107,0.0,0.0,1.9620107
5125,ALDOB,57.899704,1.9618775,0.0,0.0,1.9618775
11155,UBALD2,-60.428806,-1.9617027,0.0,0.0,1.9617027
3746,NEU3,65.071526,1.9613276,0.0,0.0,1.9613276
5292,ELF5,56.319344,1.9610575,0.0,0.0,1.9610575
3687,LHPP,65.18513,1.9606351,0.0,0.0,1.9606351
2634,VPS45,66.51981,1.9599799,0.0,0.0,1.9599799
10019,ADAM28,-42.6502,-1.9596772,0.0,0.0,1.9596772
2294,ZNF461,66.642426,1.9591651,0.0,0.0,1.9591651
14089,CCDC117,-66.60585,-1.9587137,0.0,0.0,1.9587137
12314,MSH6,-65.8499,-1.9579068,0.0,0.0,1.9579068
4800,MDGA2,60.509357,1.9575304,0.0,0.0,1.9575304
12553,CDK4,-66.12433,-1.957197,0.0,0.0,1.957197
12332,EBPL,-65.873955,-1.956985,0.0,0.0,1.956985
4201,MYF6,63.616924,1.9568872,0.0,0.0,1.9568872
11731,CACNB1,-64.32252,-1.95683,0.0,0.0,1.95683
13349,CAPN2,-66.42369,-1.9568046,0.0,0.0,1.9568046
5783,GPX3,50.877533,1.9561933,0.0,0.0,1.9561933
2946,TPD52L1,66.34499,1.9553725,0.0,0.0,1.9553725
6068,COL4A2-AS2,47.216747,1.954776,0.0,0.0,1.954776
4225,MZF1-AS1,63.531612,1.9536843,0.0,0.0,1.9536843
11755,KDM6B,-64.43113,-1.9536097,0.0,0.0,1.9536097
14799,GRK6,-66.97263,-1.9526278,0.0,0.0,1.9526278
2420,UBXN8,66.59876,1.9525095,0.0,0.0,1.9525095
13871,POLR2D,-66.55658,-1.9523205,0.0,0.0,1.9523205
10741,TAF9B,-55.763435,-1.9515009,0.0,0.0,1.9515009
11643,PCAT7,-63.966694,-1.9514244,0.0,0.0,1.9514244
4392,LGI4,62.79126,1.9511435,0.0,0.0,1.9511435
3501,UBE2O,65.59704,1.9509853,0.0,0.0,1.9509853
10933,SULT4A1,-58.109554,-1.9508634,0.0,0.0,1.9508634
10640,LYPD6,-54.244423,-1.9506115,0.0,0.0,1.9506115
12436,HSPA13,-65.99879,-1.9502332,0.0,0.0,1.9502332
3785,ARL13B,64.97502,1.9501133,0.0,0.0,1.9501133
8178,CFI,4.702045,-1.9500093,2.575689159495896e-06,2.6388536836476677e-06,1.9500093
12769,MRPL22,-66.25359,-1.9495741,0.0,0.0,1.9495741
13452,WIZ,-66.45288,-1.9488331,0.0,0.0,1.9488331
12612,ARL3,-66.17893,-1.9486821,0.0,0.0,1.9486821
12660,EIF4G1,-66.20407,-1.9486767,0.0,0.0,1.9486767
10714,ATP13A5-AS1,-55.33037,-1.9483112,0.0,0.0,1.9483112
10474,CHEK1,-51.64729,-1.9467225,0.0,0.0,1.9467225
2607,LYSMD4,66.53262,1.9465356,0.0,0.0,1.9465356
12416,DMAP1,-65.96613,-1.9463152,0.0,0.0,1.9463152
4495,GEN1,62.249565,1.946291,0.0,0.0,1.946291
1971,NIFK-AS1,66.73271,1.9461212,0.0,0.0,1.9461212
3739,LINC00327,65.08214,1.9458851,0.0,0.0,1.9458851
4958,LMO1,59.1621,1.9456534,0.0,0.0,1.9456534
10646,RIMKLA,-54.296787,-1.9444356,0.0,0.0,1.9444356
4581,SH3TC1,61.87662,1.9438599,0.0,0.0,1.9438599
14018,PRPF4,-66.589645,-1.9438394,0.0,0.0,1.9438394
3589,PRICKLE2,65.40155,1.943444,0.0,0.0,1.943444
3820,ZNRF3-AS1,64.88959,1.9433962,0.0,0.0,1.9433962
4346,EFHB,63.04774,1.9422419,0.0,0.0,1.9422419
13613,PHF10,-66.49117,-1.9418501,0.0,0.0,1.9418501
3425,ERN1,65.745575,1.9416057,0.0,0.0,1.9416057
2580,PEX6,66.542725,1.9413352,0.0,0.0,1.9413352
13149,TUFM,-66.37696,-1.9412525,0.0,0.0,1.9412525
4700,GABRD,61.161728,1.9410164,0.0,0.0,1.9410164
5040,ACKR3,58.558834,1.940709,0.0,0.0,1.940709
4330,AP1S3,63.088467,1.9402285,0.0,0.0,1.9402285
11808,SNF8,-64.63353,-1.940092,0.0,0.0,1.940092
11816,TM2D2,-64.664795,-1.9398135,0.0,0.0,1.9398135
2904,ATP6AP1L,66.36922,1.9396327,0.0,0.0,1.9396327
1653,TTI2,66.80045,1.9395369,0.0,0.0,1.9395369
9841,CTRL,-38.51048,-1.9395125,0.0,0.0,1.9395125
12280,SLC2A4RG,-65.801674,-1.9388736,0.0,0.0,1.9388736
1704,SNX1,66.790764,1.9382051,0.0,0.0,1.9382051
12889,TSPAN3,-66.29704,-1.9381937,0.0,0.0,1.9381937
2054,TMEM184B,66.71476,1.9381899,0.0,0.0,1.9381899
1444,PPP6R2,66.843666,1.9381734,0.0,0.0,1.9381734
4643,ZNF519,61.524418,1.9381661,0.0,0.0,1.9381661
7681,MND1,16.428911,-1.9376752,1.1877154171568642e-60,1.2997127832843985e-60,1.9376752
10748,LINC01976,-55.834316,-1.9375191,0.0,0.0,1.9375191
3366,ST6GAL1,65.85244,1.9373622,0.0,0.0,1.9373622
11785,CALM1,-64.5394,-1.9370716,0.0,0.0,1.9370716
3520,CMTM8,65.53414,1.9369416,0.0,0.0,1.9369416
5030,HCN2,58.6258,1.9368728,0.0,0.0,1.9368728
11408,CCL27,-62.681904,-1.9364786,0.0,0.0,1.9364786
11280,SPRY2,-61.68862,-1.936091,0.0,0.0,1.936091
14293,UPF1,-66.663506,-1.936079,0.0,0.0,1.936079
12397,GNL3L,-65.93788,-1.9358395,0.0,0.0,1.9358395
2601,PRIMPOL,66.53489,1.9358076,0.0,0.0,1.9358076
3101,PHLPP1,66.21611,1.9355994,0.0,0.0,1.9355994
14554,AAMP,-66.775764,-1.9348373,0.0,0.0,1.9348373
3009,ST3GAL6-AS1,66.30356,1.9348114,0.0,0.0,1.9348114
12087,MIEN1,-65.44722,-1.9343936,0.0,0.0,1.9343936
4590,LINC01703,61.846542,1.9340674,0.0,0.0,1.9340674
4802,TPO,60.477043,1.9337847,0.0,0.0,1.9337847
10445,MAG,-51.161682,-1.9336487,0.0,0.0,1.9336487
9871,ARL11,-39.245502,-1.9331133,0.0,0.0,1.9331133
4492,ITGB4,62.28263,1.9331069,0.0,0.0,1.9331069
2061,RBM4B,66.71381,1.9327784,0.0,0.0,1.9327784
1869,NF1,66.755035,1.9325888,0.0,0.0,1.9325888
12024,EXOSC4,-65.27785,-1.9324412,0.0,0.0,1.9324412
3400,RNPC3,65.79757,1.9322683,0.0,0.0,1.9322683
11001,LZTS1,-58.820103,-1.9312631,0.0,0.0,1.9312631
11855,PRPF19,-64.76949,-1.9308032,0.0,0.0,1.9308032
13171,LSM14B,-66.381454,-1.9297622,0.0,0.0,1.9297622
11445,DBP,-62.885002,-1.9294723,0.0,0.0,1.9294723
11090,FAM47E,-59.896416,-1.9291046,0.0,0.0,1.9291046
4370,HSPB3,62.902573,1.9288942,0.0,0.0,1.9288942
5215,COL21A1,56.98967,1.9286963,0.0,0.0,1.9286963
11200,TMEM35A,-60.914455,-1.9282104,0.0,0.0,1.9282104
10806,DEPP1,-56.54159,-1.9281882,0.0,0.0,1.9281882
4943,IAPP,59.285046,1.9278488,0.0,0.0,1.9278488
11242,GLUL,-61.374027,-1.9276257,0.0,0.0,1.9276257
4603,SEMA3A,61.767666,1.9271576,0.0,0.0,1.9271576
13468,YY1,-66.45642,-1.9265605,0.0,0.0,1.9265605
12368,GTF2A2,-65.90342,-1.9261521,0.0,0.0,1.9261521
6875,KNL1,34.010544,-1.9261348,1.5561152442450647e-253,1.916043602108639e-253,1.9261348
2793,CDYL2,66.43786,1.925936,0.0,0.0,1.925936
4079,SYT14,64.10665,1.9257456,0.0,0.0,1.9257456
12653,SLU7,-66.20196,-1.9256221,0.0,0.0,1.9256221
3280,DEPDC4,65.98479,1.9252814,0.0,0.0,1.9252814
14171,ACTR8,-66.62956,-1.9252739,0.0,0.0,1.9252739
4423,ERC2,62.65834,1.9251922,0.0,0.0,1.9251922
10312,TYROBP,-48.825665,-1.9249357,0.0,0.0,1.9249357
2116,VPS50,66.6993,1.9248046,0.0,0.0,1.9248046
14362,HSPBP1,-66.68595,-1.9240161,0.0,0.0,1.9240161
10597,TMPO-AS1,-53.617188,-1.9240131,0.0,0.0,1.9240131
12238,HCCS,-65.72439,-1.9236131,0.0,0.0,1.9236131
12089,RPP25L,-65.44956,-1.9233831,0.0,0.0,1.9233831
3499,CYP4F26P,65.59765,1.9229391,0.0,0.0,1.9229391
12027,SORD,-65.285774,-1.9228312,0.0,0.0,1.9228312
1755,PPM1D,66.78081,1.9227422,0.0,0.0,1.9227422
12547,TUSC2,-66.11595,-1.922479,0.0,0.0,1.922479
4593,XKR4,61.823273,1.9220469,0.0,0.0,1.9220469
5088,CACNA1A,58.18865,1.921468,0.0,0.0,1.921468
12611,CHMP2B,-66.17823,-1.9210142,0.0,0.0,1.9210142
10563,MYCNOS,-53.02449,-1.9209889,0.0,0.0,1.9209889
4845,SLC25A48,59.95734,1.9206518,0.0,0.0,1.9206518
12537,PUS3,-66.10883,-1.9206414,0.0,0.0,1.9206414
11323,FIGNL2,-62.02881,-1.9205798,0.0,0.0,1.9205798
10769,VAMP8,-56.14048,-1.9203349,0.0,0.0,1.9203349
12369,SHISA5,-65.90395,-1.9202366,0.0,0.0,1.9202366
4168,MICALL2,63.72464,1.9200969,0.0,0.0,1.9200969
12695,CPT2,-66.22341,-1.9199245,0.0,0.0,1.9199245
13444,METAP2,-66.45069,-1.9197958,0.0,0.0,1.9197958
4239,SLC66A3,63.461742,1.9197843,0.0,0.0,1.9197843
13238,TBCA,-66.39854,-1.9196173,0.0,0.0,1.9196173
14283,BLVRA,-66.66119,-1.9195812,0.0,0.0,1.9195812
12573,EMC7,-66.14973,-1.9193338,0.0,0.0,1.9193338
4060,ZNF608,64.15925,1.919106,0.0,0.0,1.919106
11423,PITPNM1,-62.74359,-1.9190203,0.0,0.0,1.9190203
3941,SLF1,64.58448,1.9188447,0.0,0.0,1.9188447
1770,GDAP1,66.77865,1.9180514,0.0,0.0,1.9180514
13034,BCKDK,-66.34525,-1.9177899,0.0,0.0,1.9177899
5000,AKAP3,58.880104,1.9175787,0.0,0.0,1.9175787
3186,CCDC28A,66.103,1.9174289,0.0,0.0,1.9174289
12242,RBBP8,-65.73185,-1.916389,0.0,0.0,1.916389
3068,FBXO36,66.255035,1.9162841,0.0,0.0,1.9162841
12781,KDM1A,-66.25816,-1.9160348,0.0,0.0,1.9160348
2385,SPIRE1,66.61247,1.915625,0.0,0.0,1.915625
14060,NTPCR,-66.59962,-1.9155205,0.0,0.0,1.9155205
3843,UCKL1-AS1,64.84574,1.9154489,0.0,0.0,1.9154489
3512,SLC1A3,65.565926,1.9152573,0.0,0.0,1.9152573
12276,CORO1B,-65.79951,-1.9149157,0.0,0.0,1.9149157
5058,RHEBL1,58.42785,1.91456,0.0,0.0,1.91456
5639,LRRN3,52.42092,1.9143515,0.0,0.0,1.9143515
4937,APOL1,59.30076,1.9143358,0.0,0.0,1.9143358
909,ZNF721,66.942924,1.9138801,0.0,0.0,1.9138801
13929,DERL1,-66.57074,-1.9136214,0.0,0.0,1.9136214
10925,SHC2,-58.012375,-1.9130694,0.0,0.0,1.9130694
5112,CDH7,57.991684,1.9129003,0.0,0.0,1.9129003
12410,POLR3GL,-65.95163,-1.9128904,0.0,0.0,1.9128904
549,CCDC126,67.01435,1.9124293,0.0,0.0,1.9124293
11488,CLCNKA,-63.17439,-1.9122944,0.0,0.0,1.9122944
2736,C9orf72,66.46685,1.9120226,0.0,0.0,1.9120226
12104,NOTCH1,-65.48112,-1.9115736,0.0,0.0,1.9115736
5540,KCNA5,53.644485,1.9114064,0.0,0.0,1.9114064
10257,GATA3,-47.64509,-1.9111311,0.0,0.0,1.9111311
10016,EPB41L2,-42.61105,-1.9109305,0.0,0.0,1.9109305
2416,NBPF9,66.59994,1.9105864,0.0,0.0,1.9105864
10290,DNAJB7,-48.37916,-1.9100956,0.0,0.0,1.9100956
11988,GLRX2,-65.190475,-1.909938,0.0,0.0,1.909938
2881,CDK17,66.3844,1.9098802,0.0,0.0,1.9098802
13324,RAB14,-66.41901,-1.9097995,0.0,0.0,1.9097995
10554,AOC3,-52.91359,-1.9096256,0.0,0.0,1.9096256
11118,SLX1A,-60.14973,-1.9095407,0.0,0.0,1.9095407
5055,CGA,58.46449,1.9088829,0.0,0.0,1.9088829
5709,ADM,51.669334,1.9084166,0.0,0.0,1.9084166
4461,JPH2,62.42577,1.9080371,0.0,0.0,1.9080371
4668,TSPOAP1,61.34614,1.9078027,0.0,0.0,1.9078027
1623,RFX7,66.805534,1.9077595,0.0,0.0,1.9077595
14664,IMPA1,-66.84238,-1.9073477,0.0,0.0,1.9073477
4433,GTF3C2-AS1,62.58955,1.9072303,0.0,0.0,1.9072303
13464,XRCC5,-66.456055,-1.9068042,0.0,0.0,1.9068042
8760,PLAC8,-11.086876,-1.9067576,1.452724466964142e-28,1.5401641696722561e-28,1.9067576
2795,TMEM165,66.43769,1.9065186,0.0,0.0,1.9065186
12600,ISCA2,-66.173386,-1.9064097,0.0,0.0,1.9064097
12689,DDX21,-66.22187,-1.9063836,0.0,0.0,1.9063836
4469,STAT3,62.3754,1.9060444,0.0,0.0,1.9060444
12273,NANS,-65.79512,-1.9058932,0.0,0.0,1.9058932
2959,TTC13,66.33866,1.9051336,0.0,0.0,1.9051336
7227,LCN12,26.689016,1.9050773,6.31318808044688e-157,7.373672422515961e-157,1.9050773
10222,NPAP1,-46.90834,-1.9049814,0.0,0.0,1.9049814
3850,CRY2,64.83365,1.9046438,0.0,0.0,1.9046438
9340,SYT10,-26.207224,-1.9045894,2.1985303239924057e-151,2.5591714335712556e-151,1.9045894
14012,DYNC1LI1,-66.588295,-1.9037133,0.0,0.0,1.9037133
6010,NMI,48.19496,1.9035573,0.0,0.0,1.9035573
5980,PLAC1,48.442226,1.9032679,0.0,0.0,1.9032679
2148,UBE4B,66.689064,1.9032449,0.0,0.0,1.9032449
4438,STX18-AS1,62.55435,1.9030428,0.0,0.0,1.9030428
4945,RAB27B,59.25414,1.9030231,0.0,0.0,1.9030231
11205,SORBS3,-61.002525,-1.9027079,0.0,0.0,1.9027079
4897,GPR83,59.596577,1.9022558,0.0,0.0,1.9022558
12274,CALU,-65.7955,-1.9022553,0.0,0.0,1.9022553
12105,LSR,-65.48157,-1.9015573,0.0,0.0,1.9015573
3506,STK10,65.58759,1.901549,0.0,0.0,1.901549
12798,PPCS,-66.26484,-1.901383,0.0,0.0,1.901383
4833,TTC9B,60.074486,1.9011223,0.0,0.0,1.9011223
12092,GNAI1,-65.45262,-1.9011035,0.0,0.0,1.9011035
2440,UEVLD,66.58973,1.9010972,0.0,0.0,1.9010972
1950,ZNF790,66.73602,1.9010421,0.0,0.0,1.9010421
2431,CNOT9,66.59396,1.9008703,0.0,0.0,1.9008703
12184,ARL6IP5,-65.62505,-1.9005474,0.0,0.0,1.9005474
12817,NKAPD1,-66.27212,-1.9004841,0.0,0.0,1.9004841
12946,FNTA,-66.31199,-1.9002808,0.0,0.0,1.9002808
4664,TMEM150C,61.39367,1.9000907,0.0,0.0,1.9000907
4506,COL16A1,62.21397,1.9000525,0.0,0.0,1.9000525
5205,LINC02604,57.073544,1.8999871,0.0,0.0,1.8999871
10575,KCNQ1OT1,-53.18848,-1.8997829,0.0,0.0,1.8997829
7537,C3orf70,19.411781,1.8997723,6.136147606605939e-84,6.8394111794357945e-84,1.8997723
4747,LINC01967,60.85234,1.8996454,0.0,0.0,1.8996454
14513,SIKE1,-66.75257,-1.8995603,0.0,0.0,1.8995603
4582,DLEU7,61.873535,1.898891,0.0,0.0,1.898891
4824,PARD6G-AS1,60.17193,1.8986616,0.0,0.0,1.8986616
2789,MYO9B,66.438225,1.8985984,0.0,0.0,1.8985984
10695,STMN3,-55.05713,-1.898093,0.0,0.0,1.898093
3703,IGF1R,65.152534,1.8964744,0.0,0.0,1.8964744
6661,CEP55,38.142952,-1.8961223,0.0,0.0,1.8961223
3195,COL4A5,66.09464,1.8954271,0.0,0.0,1.8954271
3153,IL17RC,66.146576,1.895217,0.0,0.0,1.895217
4913,LRATD1,59.47876,1.8946334,0.0,0.0,1.8946334
3740,ILRUN,65.080444,1.8945574,0.0,0.0,1.8945574
3226,ZNF230,66.05972,1.893231,0.0,0.0,1.893231
2591,SYNJ1,66.53805,1.8930484,0.0,0.0,1.8930484
3764,NEIL1,65.03884,1.8928177,0.0,0.0,1.8928177
9243,OBI1,-24.014704,-1.8924587,1.9525286961746345e-127,2.2406339440549367e-127,1.8924587
10059,LINC01186,-43.47719,-1.8920349,0.0,0.0,1.8920349
3583,SLCO3A1,65.411125,1.891955,0.0,0.0,1.891955
9287,AQP3,-24.84299,-1.8911139,3.0786695447536683e-136,3.554117538588126e-136,1.8911139
3235,SMYD4,66.05014,1.8910382,0.0,0.0,1.8910382
11358,ZBTB11-AS1,-62.354595,-1.8909992,0.0,0.0,1.8909992
3410,ABCB10,65.777245,1.8909642,0.0,0.0,1.8909642
13576,MRPS22,-66.4818,-1.890885,0.0,0.0,1.890885
13569,TAF7,-66.48065,-1.8902117,0.0,0.0,1.8902117
4491,BCL2L15,62.29235,1.8893697,0.0,0.0,1.8893697
4446,F2RL1,62.527737,1.8892426,0.0,0.0,1.8892426
4760,MINAR2,60.74058,1.8888631,0.0,0.0,1.8888631
12995,MED7,-66.32898,-1.8876603,0.0,0.0,1.8876603
12610,DYNLT1,-66.17794,-1.8865231,0.0,0.0,1.8865231
3253,SLC29A2,66.034096,1.8862898,0.0,0.0,1.8862898
11912,CCDC121,-64.984825,-1.8858725,0.0,0.0,1.8858725
10243,RAB3IL1,-47.349102,-1.8855046,0.0,0.0,1.8855046
5565,ANGPTL7,53.378647,1.885084,0.0,0.0,1.885084
4929,LINC01393,59.35976,1.8850281,0.0,0.0,1.8850281
12298,TMEM101,-65.826294,-1.8846437,0.0,0.0,1.8846437
4471,NR2E3,62.36663,1.8840959,0.0,0.0,1.8840959
12774,IDH3B,-66.25587,-1.8832299,0.0,0.0,1.8832299
12782,TCOF1,-66.2582,-1.8830025,0.0,0.0,1.8830025
12825,CCNJ,-66.27494,-1.8822305,0.0,0.0,1.8822305
3515,ITGA3,65.552055,1.88219,0.0,0.0,1.88219
9314,SLC6A4,-25.619135,-1.8817029,9.338716397400816e-145,1.0824736450945799e-144,1.8817029
10656,YPEL3,-54.485096,-1.8810565,0.0,0.0,1.8810565
13723,PPP1CC,-66.51634,-1.8809606,0.0,0.0,1.8809606
875,VCPKMT,66.948845,1.8795866,0.0,0.0,1.8795866
1926,PPA2,66.74145,1.8791937,0.0,0.0,1.8791937
13770,TRAF7,-66.5312,-1.8789809,0.0,0.0,1.8789809
4796,KLHDC8A,60.536423,1.8788164,0.0,0.0,1.8788164
4123,SLC35G1,63.96116,1.8787191,0.0,0.0,1.8787191
4806,P2RX3,60.420303,1.8785423,0.0,0.0,1.8785423
4226,JSRP1,63.51832,1.8785107,0.0,0.0,1.8785107
4375,BICDL1,62.875427,1.8782437,0.0,0.0,1.8782437
2861,SZT2,66.393974,1.8775789,0.0,0.0,1.8775789
2702,ZZEF1,66.48539,1.8774487,0.0,0.0,1.8774487
5123,MCTP2,57.901443,1.8773783,0.0,0.0,1.8773783
5116,SPAG8,57.970734,1.8773665,0.0,0.0,1.8773665
11523,ZNF524,-63.361492,-1.8770683,0.0,0.0,1.8770683
2215,PCBD2,66.670845,1.8770198,0.0,0.0,1.8770198
14678,LZIC,-66.851166,-1.8766826,0.0,0.0,1.8766826
1577,CEPT1,66.81604,1.8762897,0.0,0.0,1.8762897
12979,SSNA1,-66.32314,-1.8762374,0.0,0.0,1.8762374
2823,EHBP1,66.42309,1.8756186,0.0,0.0,1.8756186
4325,WWC1,63.101444,1.8749455,0.0,0.0,1.8749455
12702,CRTAP,-66.23048,-1.8749379,0.0,0.0,1.8749379
5313,DNAJC12,56.001724,1.8742888,0.0,0.0,1.8742888
4669,LRRC34,61.344273,1.8733815,0.0,0.0,1.8733815
24,AASDH,67.13648,1.8733659,0.0,0.0,1.8733659
12343,THYN1,-65.88182,-1.873272,0.0,0.0,1.873272
10627,GNG8,-54.103214,-1.872934,0.0,0.0,1.872934
4134,ZBED5-AS1,63.902596,1.8721437,0.0,0.0,1.8721437
2256,BTRC,66.6559,1.8718795,0.0,0.0,1.8718795
11967,BPHL,-65.128,-1.871303,0.0,0.0,1.871303
1793,FBXO27,66.773254,1.8708656,0.0,0.0,1.8708656
5057,KCNK3,58.43912,1.8703387,0.0,0.0,1.8703387
3198,TMBIM1,66.08644,1.8699161,0.0,0.0,1.8699161
11063,GATM,-59.620293,-1.8698565,0.0,0.0,1.8698565
345,PHYKPL,67.051414,1.8683444,0.0,0.0,1.8683444
11147,SPR,-60.36151,-1.8674228,0.0,0.0,1.8674228
11497,TRIB2,-63.236702,-1.8673841,0.0,0.0,1.8673841
13319,RWDD1,-66.41825,-1.8672214,0.0,0.0,1.8672214
5140,RIMBP2,57.782528,1.8671055,0.0,0.0,1.8671055
4120,CATSPERG,63.966255,1.8669137,0.0,0.0,1.8669137
2197,DENND6A,66.676346,1.8667139,0.0,0.0,1.8667139
522,UBAC2,67.018875,1.8666428,0.0,0.0,1.8666428
10785,PLP2,-56.29352,-1.866352,0.0,0.0,1.866352
10932,EHD3,-58.10844,-1.866225,0.0,0.0,1.866225
11197,FAM13C,-60.881077,-1.8655603,0.0,0.0,1.8655603
3725,CSRNP3,65.12022,1.8654147,0.0,0.0,1.8654147
6471,LURAP1L,41.385628,1.8653309,0.0,0.0,1.8653309
3081,TRPM4,66.24064,1.8649518,0.0,0.0,1.8649518
2545,UBE3C,66.554436,1.8648994,0.0,0.0,1.8648994
9948,ST3GAL5-AS1,-40.96067,-1.8641299,0.0,0.0,1.8641299
2862,STIM1,66.39287,1.8640019,0.0,0.0,1.8640019
1372,PARG,66.85913,1.8635943,0.0,0.0,1.8635943
12070,STK16,-65.39344,-1.8635672,0.0,0.0,1.8635672
12199,SFT2D3,-65.6595,-1.8634826,0.0,0.0,1.8634826
14593,SAP30L,-66.79783,-1.8634796,0.0,0.0,1.8634796
2969,DCAF6,66.33376,1.8626527,0.0,0.0,1.8626527
2638,WRN,66.51768,1.8626226,0.0,0.0,1.8626226
9976,SLC10A4,-41.63686,-1.8623935,0.0,0.0,1.8623935
13928,PPP2R1A,-66.5704,-1.8620203,0.0,0.0,1.8620203
13632,GLOD4,-66.49543,-1.8620074,0.0,0.0,1.8620074
4721,ANKRD16,61.004547,1.8619785,0.0,0.0,1.8619785
2320,RNF149,66.632225,1.8617622,0.0,0.0,1.8617622
1540,ATAD2B,66.82415,1.8616986,0.0,0.0,1.8616986
3421,UNKL,65.75315,1.861605,0.0,0.0,1.861605
2127,LATS1,66.693405,1.8608774,0.0,0.0,1.8608774
3992,TMEM63A,64.41204,1.8603663,0.0,0.0,1.8603663
11356,GALK1,-62.335262,-1.8603014,0.0,0.0,1.8603014
12337,TMEM208,-65.87587,-1.8602688,0.0,0.0,1.8602688
1277,ANAPC10,66.87849,1.8600781,0.0,0.0,1.8600781
12391,SRPRB,-65.92939,-1.8598914,0.0,0.0,1.8598914
1987,TAF1,66.73018,1.8591121,0.0,0.0,1.8591121
11615,BMI1,-63.833252,-1.8590133,0.0,0.0,1.8590133
11971,HYPK,-65.14237,-1.8586143,0.0,0.0,1.8586143
11254,PRSS12,-61.465275,-1.8577975,0.0,0.0,1.8577975
2805,ZNF79,66.43028,1.8577943,0.0,0.0,1.8577943
4541,DENND3,62.108334,1.8565133,0.0,0.0,1.8565133
12753,ATP6V0D1,-66.24777,-1.856267,0.0,0.0,1.856267
2764,ZNF45,66.448784,1.8560023,0.0,0.0,1.8560023
1669,MGRN1,66.79816,1.855442,0.0,0.0,1.855442
11883,PNPLA4,-64.879654,-1.8550549,0.0,0.0,1.8550549
4665,VRTN,61.38966,1.8549747,0.0,0.0,1.8549747
3498,MTHFR,65.59768,1.8536642,0.0,0.0,1.8536642
3183,QPCTL,66.10509,1.8532059,0.0,0.0,1.8532059
1455,ALG14,66.84205,1.8531377,0.0,0.0,1.8531377
6021,SLC5A9,47.991093,1.8528943,0.0,0.0,1.8528943
3117,ABCA3,66.198845,1.8523332,0.0,0.0,1.8523332
4401,ADRB2,62.737827,1.8523048,0.0,0.0,1.8523048
4868,KIAA0319,59.815765,1.8512295,0.0,0.0,1.8512295
3912,SMIM14,64.67422,1.8511735,0.0,0.0,1.8511735
2375,ACADVL,66.61554,1.8511535,0.0,0.0,1.8511535
9241,ASCL1,-23.959517,-1.8510509,7.353641397030346e-127,8.433487129551273e-127,1.8510509
4137,CAMK4,63.8929,1.8510499,0.0,0.0,1.8510499
12493,C1D,-66.06237,-1.8508226,0.0,0.0,1.8508226
4617,CD72,61.692448,1.8506275,0.0,0.0,1.8506275
12264,LSM5,-65.782394,-1.8503747,0.0,0.0,1.8503747
5102,CCDC85A,58.048386,1.8502681,0.0,0.0,1.8502681
12497,CCDC25,-66.0668,-1.8500944,0.0,0.0,1.8500944
5089,CNTN1,58.18418,1.8500261,0.0,0.0,1.8500261
9641,IGFBP5,-33.61924,-1.8500034,8.781315012186116e-248,1.0769509877262242e-247,1.8500034
11965,BOP1,-65.123146,-1.8498192,0.0,0.0,1.8498192
1934,KIF16B,66.73981,1.8495839,0.0,0.0,1.8495839
9343,WT1,-26.257381,-1.8494006,5.8866921828743165e-152,6.85555804980047e-152,1.8494006
6606,KANK4,39.18895,1.8492299,0.0,0.0,1.8492299
2826,RABL2A,66.42098,1.8477206,0.0,0.0,1.8477206
681,NSUN3,66.98919,1.8468747,0.0,0.0,1.8468747
1614,FBXW8,66.808044,1.8467778,0.0,0.0,1.8467778
11311,ASIC1,-61.928104,-1.8463678,0.0,0.0,1.8463678
6865,BCL3,34.26296,1.8461928,2.7967279396384206e-257,3.4507713870863076e-257,1.8461928
11454,HSD17B11,-62.91816,-1.8459353,0.0,0.0,1.8459353
625,YTHDC2,67.00014,1.8454365,0.0,0.0,1.8454365
2447,CD47,66.588776,1.8453379,0.0,0.0,1.8453379
2114,NFX1,66.699455,1.8449858,0.0,0.0,1.8449858
928,BANP,66.94057,1.8442088,0.0,0.0,1.8442088
4782,GABRP,60.633568,1.8439419,0.0,0.0,1.8439419
2905,ZNF562,66.368935,1.8438616,0.0,0.0,1.8438616
5319,CAV1,55.97573,1.8436123,0.0,0.0,1.8436123
9723,BNC1,-35.43789,-1.8428289,4.457408261155651e-275,5.5524795835040706e-275,1.8428289
12428,YBEY,-65.9875,-1.842684,0.0,0.0,1.842684
13055,PRPF38A,-66.35095,-1.8425798,0.0,0.0,1.8425798
4275,EXTL3,63.31616,1.8416672,0.0,0.0,1.8416672
3419,GIGYF1,65.75541,1.8411106,0.0,0.0,1.8411106
5481,SLC8A3,54.306293,1.84083,0.0,0.0,1.84083
5322,HDAC2-AS2,55.955345,1.8403094,0.0,0.0,1.8403094
4140,ZNF783,63.879066,1.840131,0.0,0.0,1.840131
3349,TOM1,65.87451,1.8399011,0.0,0.0,1.8399011
2848,RREB1,66.40247,1.8397737,0.0,0.0,1.8397737
9653,VCX3A,-33.8676,-1.8392025,1.998934527650547e-251,2.4574103099788846e-251,1.8392025
12800,BRD3,-66.265335,-1.8390747,0.0,0.0,1.8390747
609,PIGU,67.00247,1.838727,0.0,0.0,1.838727
5119,SPARCL1,57.94772,1.8378834,0.0,0.0,1.8378834
10808,LINC00235,-56.55334,-1.8370441,0.0,0.0,1.8370441
11388,ASAP2,-62.551434,-1.8364993,0.0,0.0,1.8364993
11246,TNFRSF10D,-61.432636,-1.836168,0.0,0.0,1.836168
4622,MTBP,61.66406,1.835886,0.0,0.0,1.835886
5085,DRAXIN,58.205658,1.8358628,0.0,0.0,1.8358628
4699,NCBP2-AS1,61.17051,1.8356789,0.0,0.0,1.8356789
4078,REPS2,64.11231,1.8353101,0.0,0.0,1.8353101
8563,TBX1,-5.6428514,-1.8351449,1.6725673799291314e-08,1.7220303236188092e-08,1.8351449
12101,NDUFB9,-65.47611,-1.8349754,0.0,0.0,1.8349754
2403,LARP4B,66.6054,1.834652,0.0,0.0,1.834652
12848,C15orf40,-66.28662,-1.8340657,0.0,0.0,1.8340657
12372,TBC1D24,-65.906845,-1.8337302,0.0,0.0,1.8337302
12060,MPI,-65.37044,-1.8329477,0.0,0.0,1.8329477
11206,SPHK1,-61.01454,-1.8328705,0.0,0.0,1.8328705
2644,DNAH14,66.51493,1.8320938,0.0,0.0,1.8320938
14097,SNX3,-66.60798,-1.8317518,0.0,0.0,1.8317518
13344,RUVBL2,-66.4231,-1.8317039,0.0,0.0,1.8317039
10573,S100A2,-53.15453,-1.8315498,0.0,0.0,1.8315498
3655,GSE1,65.27985,1.8313664,0.0,0.0,1.8313664
10503,HAPLN4,-52.078003,-1.8306936,0.0,0.0,1.8306936
13810,TPD52L2,-66.53985,-1.8305141,0.0,0.0,1.8305141
10577,MIAT,-53.193512,-1.8291243,0.0,0.0,1.8291243
5471,NOS2,54.434193,1.8289119,0.0,0.0,1.8289119
11131,RHOQ,-60.237038,-1.8281431,0.0,0.0,1.8281431
13357,DCTN2,-66.42642,-1.8278842,0.0,0.0,1.8278842
3947,NR1H3,64.55425,1.8272035,0.0,0.0,1.8272035
2767,TAF1C,66.4478,1.8271374,0.0,0.0,1.8271374
13198,BTF3L4,-66.38904,-1.8271317,0.0,0.0,1.8271317
12430,LSM11,-65.99061,-1.8269359,0.0,0.0,1.8269359
14673,AKIRIN1,-66.84859,-1.8268045,0.0,0.0,1.8268045
12429,GCA,-65.98857,-1.8266128,0.0,0.0,1.8266128
4478,ST8SIA6,62.331573,1.8262191,0.0,0.0,1.8262191
10830,LY6E-DT,-56.71413,-1.8250929,0.0,0.0,1.8250929
11083,LINC01963,-59.82902,-1.8248653,0.0,0.0,1.8248653
10934,LINC01126,-58.123474,-1.8245786,0.0,0.0,1.8245786
5430,LINC02517,54.845474,1.8245723,0.0,0.0,1.8245723
4220,LINC01409,63.544388,1.8244053,0.0,0.0,1.8244053
4056,GPR82,64.172516,1.8242298,0.0,0.0,1.8242298
11387,ZFP69B,-62.548935,-1.8242013,0.0,0.0,1.8242013
3210,TMEM144,66.07208,1.823687,0.0,0.0,1.823687
3644,CEP192,65.29531,1.8231183,0.0,0.0,1.8231183
1584,WDR20,66.81398,1.8230883,0.0,0.0,1.8230883
11754,ZNF428,-64.4271,-1.8230352,0.0,0.0,1.8230352
5397,ACRBP,55.225296,1.8230301,0.0,0.0,1.8230301
3878,FRMD4B,64.75549,1.8229599,0.0,0.0,1.8229599
12338,WDR18,-65.87672,-1.8223419,0.0,0.0,1.8223419
3926,SLC9A7,64.63184,1.8222952,0.0,0.0,1.8222952
11772,SEPHS1,-64.48986,-1.8221569,0.0,0.0,1.8221569
14096,PNO1,-66.60787,-1.8221514,0.0,0.0,1.8221514
9571,PTGIS,-31.868052,-1.8221251,7.401842137050616e-223,8.959902116764421e-223,1.8221251
3775,TBC1D30,65.00323,1.8220967,0.0,0.0,1.8220967
4535,FGF9,62.129066,1.8217553,0.0,0.0,1.8217553
3639,ZNF26,65.30196,1.8217003,0.0,0.0,1.8217003
14240,ELOA,-66.64603,-1.8215957,0.0,0.0,1.8215957
2328,HERC4,66.62817,1.8205585,0.0,0.0,1.8205585
10685,FERMT1,-54.92511,-1.8202507,0.0,0.0,1.8202507
9450,GBP2,-29.061998,-1.8190894,1.0853949347515418e-185,1.287078618157841e-185,1.8190894
13356,SARAF,-66.426155,-1.8187709,0.0,0.0,1.8187709
12136,SHKBP1,-65.53834,-1.8187124,0.0,0.0,1.8187124
5394,POMC,55.288826,1.8183796,0.0,0.0,1.8183796
685,PISD,66.98825,1.8179343,0.0,0.0,1.8179343
12459,MRPL13,-66.02614,-1.8178394,0.0,0.0,1.8178394
11797,CHEK2,-64.59308,-1.8177682,0.0,0.0,1.8177682
4821,STRIT1,60.232796,1.8176975,0.0,0.0,1.8176975
4883,RPS10-NUDT3,59.712654,1.817335,0.0,0.0,1.817335
4240,SYTL4,63.460323,1.817123,0.0,0.0,1.817123
13601,PMM1,-66.48747,-1.8167237,0.0,0.0,1.8167237
13395,FBXO30,-66.43828,-1.8164003,0.0,0.0,1.8164003
6236,SHOX2,45.08306,-1.8163728,0.0,0.0,1.8163728
13798,ZNF672,-66.53804,-1.8163091,0.0,0.0,1.8163091
5398,KCNQ3,55.22271,1.8149239,0.0,0.0,1.8149239
13378,PRPF6,-66.43305,-1.8135715,0.0,0.0,1.8135715
11736,PCED1A,-64.35226,-1.8130817,0.0,0.0,1.8130817
5247,CADPS2,56.749817,1.8126667,0.0,0.0,1.8126667
2780,SPSB3,66.44138,1.8123252,0.0,0.0,1.8123252
14285,ATG3,-66.66147,-1.812308,0.0,0.0,1.812308
2473,MAD1L1,66.57876,1.8108802,0.0,0.0,1.8108802
14502,TOMM40,-66.74838,-1.8107888,0.0,0.0,1.8107888
12633,ZC3H13,-66.191444,-1.8107706,0.0,0.0,1.8107706
5031,METTL14-DT,58.62099,1.8107439,0.0,0.0,1.8107439
13578,GNL2,-66.48197,-1.8106835,0.0,0.0,1.8106835
2909,SEC24A,66.36566,1.8106819,0.0,0.0,1.8106819
13137,FTSJ3,-66.37366,-1.81063,0.0,0.0,1.81063
2512,OSBPL1A,66.5686,1.8105162,0.0,0.0,1.8105162
5896,MAPK11,49.619423,1.8100485,0.0,0.0,1.8100485
3953,PLEKHG5,64.53427,1.8099544,0.0,0.0,1.8099544
5957,SUSD2,48.75735,1.8092318,0.0,0.0,1.8092318
2282,MSI2,66.645,1.8088177,0.0,0.0,1.8088177
3752,LIMD1,65.0589,1.8088001,0.0,0.0,1.8088001
3750,DDN-AS1,65.061455,1.8083675,0.0,0.0,1.8083675
12269,CDKN2AIP,-65.78734,-1.8083026,0.0,0.0,1.8083026
5699,SYT3,51.761757,1.8081989,0.0,0.0,1.8081989
12734,TNIP2,-66.241264,-1.8081763,0.0,0.0,1.8081763
2918,HIBADH,66.36101,1.8079048,0.0,0.0,1.8079048
13699,CASP3,-66.510925,-1.8076875,0.0,0.0,1.8076875
4967,MTMR7,59.116665,1.8076246,0.0,0.0,1.8076246
3460,ANAPC2,65.6844,1.8073996,0.0,0.0,1.8073996
9221,PLGLB2,-23.239214,-1.8069893,1.8287481790059538e-119,2.0900180506154967e-119,1.8069893
2687,ZNF692,66.492355,1.8065162,0.0,0.0,1.8065162
3259,ANXA4,66.02487,1.8062887,0.0,0.0,1.8062887
10755,GNG3,-55.941093,-1.806137,0.0,0.0,1.806137
4811,ZNF429,60.37341,1.8059953,0.0,0.0,1.8059953
4592,GRB7,61.834908,1.8057684,0.0,0.0,1.8057684
3319,PHKA2,65.92428,1.8052307,0.0,0.0,1.8052307
12629,CNIH4,-66.1897,-1.8049656,0.0,0.0,1.8049656
10501,RBM5-AS1,-52.01105,-1.8045682,0.0,0.0,1.8045682
3359,SLX4IP,65.86584,1.8042464,0.0,0.0,1.8042464
10900,LAMB1,-57.733086,-1.8037685,0.0,0.0,1.8037685
4797,TPH1,60.530415,1.8035079,0.0,0.0,1.8035079
11297,SLFN5,-61.8406,-1.8034972,0.0,0.0,1.8034972
13450,SNX5,-66.45248,-1.8030955,0.0,0.0,1.8030955
11222,SLC25A10,-61.19303,-1.8017474,0.0,0.0,1.8017474
5134,CLEC4A,57.80766,1.8003775,0.0,0.0,1.8003775
3967,IL20RB,64.478195,1.8003588,0.0,0.0,1.8003588
6510,NAMPT,40.74801,1.7993847,0.0,0.0,1.7993847
4093,PIDD1,64.05973,1.7982863,0.0,0.0,1.7982863
3933,EHBP1L1,64.61208,1.7981895,0.0,0.0,1.7981895
1847,ELF2,66.75894,1.7978655,0.0,0.0,1.7978655
12345,MRPL32,-65.88446,-1.7976893,0.0,0.0,1.7976893
4170,SH3RF2,63.71157,1.7970318,0.0,0.0,1.7970318
12882,ACTR6,-66.29476,-1.7969122,0.0,0.0,1.7969122
3894,EIF2S3B,64.7157,1.7967938,0.0,0.0,1.7967938
11668,PSMG3,-64.07402,-1.796768,0.0,0.0,1.796768
3207,MBTD1,66.072845,1.7960907,0.0,0.0,1.7960907
13170,SH3GLB2,-66.381004,-1.7954711,0.0,0.0,1.7954711
12227,TMEM106C,-65.71069,-1.7951978,0.0,0.0,1.7951978
10906,SLC26A2,-57.82216,-1.7947533,0.0,0.0,1.7947533
14517,EIF3J,-66.75572,-1.7945844,0.0,0.0,1.7945844
11191,FDPS,-60.810028,-1.7943423,0.0,0.0,1.7943423
5825,TLR3,50.35429,1.7937223,0.0,0.0,1.7937223
5956,MAP3K14-AS1,48.785202,1.79336,0.0,0.0,1.79336
13623,ACP2,-66.49351,-1.7931994,0.0,0.0,1.7931994
11483,SKP2,-63.158913,-1.7929025,0.0,0.0,1.7929025
11689,BAIAP2-DT,-64.14879,-1.7927828,0.0,0.0,1.7927828
14100,KRR1,-66.608635,-1.7925555,0.0,0.0,1.7925555
2953,RNF216,66.34305,1.7920035,0.0,0.0,1.7920035
4793,BCHE,60.570095,1.7920029,0.0,0.0,1.7920029
5219,LINC00842,56.947655,1.7919753,0.0,0.0,1.7919753
11949,NDUFS3,-65.07912,-1.7902206,0.0,0.0,1.7902206
5644,CREB5,52.34925,1.7899513,0.0,0.0,1.7899513
2490,GLE1,66.57367,1.7899226,0.0,0.0,1.7899226
4504,FNIP2,62.21658,1.789741,0.0,0.0,1.789741
10614,JUN,-53.90184,-1.7897266,0.0,0.0,1.7897266
5003,C5,58.862877,1.7893603,0.0,0.0,1.7893603
13424,THUMPD3,-66.445015,-1.7893223,0.0,0.0,1.7893223
7121,STEAP4,29.124746,1.7884544,1.7451907349072314e-186,2.0707995671181014e-186,1.7884544
12198,PARD6B,-65.658516,-1.7877153,0.0,0.0,1.7877153
5157,NRXN2,57.64622,1.7872952,0.0,0.0,1.7872952
3610,ZNF594,65.366035,1.7871389,0.0,0.0,1.7871389
4641,INPP5J,61.53689,1.7867527,0.0,0.0,1.7867527
4081,PLSCR4,64.09463,1.7859348,0.0,0.0,1.7859348
2025,PRKAG1,66.72201,1.7849166,0.0,0.0,1.7849166
12827,PRPF40A,-66.275925,-1.7836446,0.0,0.0,1.7836446
4277,MTUS2,63.313984,1.783615,0.0,0.0,1.783615
11308,PTPRD,-61.900024,-1.7835864,0.0,0.0,1.7835864
13877,PITHD1,-66.5577,-1.7834092,0.0,0.0,1.7834092
2450,TRMT2B,66.58758,1.7833989,0.0,0.0,1.7833989
10811,BCL11B,-56.57001,-1.7832698,0.0,0.0,1.7832698
11490,MBD3,-63.189762,-1.7827,0.0,0.0,1.7827
10400,FBN1,-50.47819,-1.7825972,0.0,0.0,1.7825972
1700,SLC30A6,66.79227,1.782523,0.0,0.0,1.782523
5132,SOX10,57.823147,1.7824688,0.0,0.0,1.7824688
12422,METTL5,-65.97541,-1.7823764,0.0,0.0,1.7823764
2629,UBR5,66.520676,1.7819668,0.0,0.0,1.7819668
606,AP3S1,67.00289,1.7815918,0.0,0.0,1.7815918
9085,RASD1,-20.010666,-1.781316,4.446672314144289e-89,4.974999780557782e-89,1.781316
9449,S100B,-29.003788,-1.7811563,5.894238068080245e-185,6.987246805826722e-185,1.7811563
11954,SKIL,-65.08627,-1.780989,0.0,0.0,1.780989
13056,SEC11A,-66.35118,-1.7809803,0.0,0.0,1.7809803
994,UVRAG,66.92792,1.7809206,0.0,0.0,1.7809206
3938,NID1,64.593025,1.7799976,0.0,0.0,1.7799976
3646,CYTH1,65.291954,1.7799188,0.0,0.0,1.7799188
12211,KDM5B,-65.67948,-1.7792878,0.0,0.0,1.7792878
4399,CRYL1,62.75398,1.7790705,0.0,0.0,1.7790705
9054,LRP2,-19.263056,-1.7788693,1.097106102296261e-82,1.2214684035099353e-82,1.7788693
5093,PPL,58.109024,1.7785482,0.0,0.0,1.7785482
12930,CNDP2,-66.30801,-1.7782924,0.0,0.0,1.7782924
11312,LTBP4,-61.93566,-1.7774396,0.0,0.0,1.7774396
10985,LIN28B,-58.61928,-1.7773265,0.0,0.0,1.7773265
2352,LCLAT1,66.62029,1.7772273,0.0,0.0,1.7772273
5532,SEMA5B,53.72787,1.7770396,0.0,0.0,1.7770396
5536,PARM1,53.674274,1.7768139,0.0,0.0,1.7768139
13831,PELP1,-66.54381,-1.7760663,0.0,0.0,1.7760663
2958,EPG5,66.33954,1.7757335,0.0,0.0,1.7757335
12795,FBXW9,-66.26431,-1.7756122,0.0,0.0,1.7756122
12489,PANK3,-66.05585,-1.7749045,0.0,0.0,1.7749045
1365,SMG6,66.86058,1.7747782,0.0,0.0,1.7747782
5043,PLAAT3,58.51275,1.774195,0.0,0.0,1.774195
4952,NELL2,59.20084,1.7741568,0.0,0.0,1.7741568
10458,STK17B,-51.430683,-1.7740666,0.0,0.0,1.7740666
5933,SPON2,49.0995,1.7740114,0.0,0.0,1.7740114
12300,POLR2F,-65.82769,-1.7738993,0.0,0.0,1.7738993
12223,NUDT17,-65.7069,-1.773444,0.0,0.0,1.773444
11338,AP1S1,-62.14535,-1.7726729,0.0,0.0,1.7726729
3139,IQCK,66.17424,1.7718077,0.0,0.0,1.7718077
14142,TIPRL,-66.62137,-1.7713438,0.0,0.0,1.7713438
3895,FANCM,64.715515,1.7710713,0.0,0.0,1.7710713
11757,TANC2,-64.43275,-1.7708272,0.0,0.0,1.7708272
3144,ZNF211,66.16153,1.7707689,0.0,0.0,1.7707689
738,TBK1,66.97884,1.7706747,0.0,0.0,1.7706747
4584,LATS2-AS1,61.865715,1.7706486,0.0,0.0,1.7706486
3449,NDRG4,65.70642,1.7703153,0.0,0.0,1.7703153
1983,TTC23,66.73067,1.7701331,0.0,0.0,1.7701331
3017,MAN2C1,66.29655,1.7699261,0.0,0.0,1.7699261
12588,SHISA3,-66.16248,-1.7697389,0.0,0.0,1.7697389
11774,CDK2AP2,-64.49503,-1.7691846,0.0,0.0,1.7691846
3356,MAP3K10,65.866875,1.7691143,0.0,0.0,1.7691143
10181,GALNT6,-46.272263,-1.7685245,0.0,0.0,1.7685245
6312,GRM2,44.134712,1.7682972,0.0,0.0,1.7682972
12819,MESD,-66.27307,-1.7678751,0.0,0.0,1.7678751
10950,CCDC181,-58.284657,-1.7673458,0.0,0.0,1.7673458
468,TJAP1,67.02739,1.7672608,0.0,0.0,1.7672608
4460,PRR29-AS1,62.429855,1.7659982,0.0,0.0,1.7659982
11649,MGST3,-63.999737,-1.7650491,0.0,0.0,1.7650491
9400,RNF112,-27.728354,-1.7647319,3.178874086775934e-169,3.7355107821071134e-169,1.7647319
4588,KLHL10,61.849136,1.763985,0.0,0.0,1.763985
3964,EDNRA,64.48722,1.7639081,0.0,0.0,1.7639081
2252,IPO11,66.657486,1.7637129,0.0,0.0,1.7637129
2816,TCAIM,66.42611,1.7636986,0.0,0.0,1.7636986
12961,USB1,-66.31842,-1.763684,0.0,0.0,1.763684
4151,ZNF19,63.808006,1.7636012,0.0,0.0,1.7636012
12156,MRPL10,-65.57162,-1.7634113,0.0,0.0,1.7634113
4440,NECAB1,62.54693,1.763044,0.0,0.0,1.763044
13097,YKT6,-66.360916,-1.7629328,0.0,0.0,1.7629328
11381,SLC39A1,-62.501358,-1.7623245,0.0,0.0,1.7623245
11744,MDH1,-64.397224,-1.7622529,0.0,0.0,1.7622529
12520,CTU1,-66.08967,-1.76203,0.0,0.0,1.76203
2506,ASH1L,66.57031,1.7619373,0.0,0.0,1.7619373
14323,NCOA4,-66.670944,-1.7616744,0.0,0.0,1.7616744
10273,RUNDC3A-AS1,-48.069084,-1.7616619,0.0,0.0,1.7616619
2962,HS1BP3,66.33611,1.7615886,0.0,0.0,1.7615886
2487,RMC1,66.57517,1.7615536,0.0,0.0,1.7615536
5438,NUAK2,54.806713,1.7614901,0.0,0.0,1.7614901
12313,MXRA7,-65.845665,-1.7611209,0.0,0.0,1.7611209
12364,FAM3C,-65.90016,-1.7610929,0.0,0.0,1.7610929
12587,CDIPT,-66.16009,-1.7610053,0.0,0.0,1.7610053
12331,BOD1L1,-65.87167,-1.7608017,0.0,0.0,1.7608017
4702,FUT6,61.137505,1.7597804,0.0,0.0,1.7597804
4473,PPP2R1B,62.35187,1.7597427,0.0,0.0,1.7597427
9926,STAC,-40.552345,-1.7592264,0.0,0.0,1.7592264
4425,TECRL,62.64166,1.7592175,0.0,0.0,1.7592175
12141,SNRPC,-65.54427,-1.7588322,0.0,0.0,1.7588322
12256,HDDC2,-65.76049,-1.7579744,0.0,0.0,1.7579744
13082,HNRNPC,-66.35824,-1.7579676,0.0,0.0,1.7579676
13561,ICMT,-66.47783,-1.7571912,0.0,0.0,1.7571912
3004,PRDM5,66.30543,1.7570058,0.0,0.0,1.7570058
4676,FGD5,61.326233,1.7568787,0.0,0.0,1.7568787
3561,JARID2,65.44405,1.7567933,0.0,0.0,1.7567933
13199,SNRPA,-66.38915,-1.7563987,0.0,0.0,1.7563987
11336,NDUFAB1,-62.13913,-1.7563624,0.0,0.0,1.7563624
11775,RELA,-64.50315,-1.7562461,0.0,0.0,1.7562461
2771,SHTN1,66.447,1.755687,0.0,0.0,1.755687
7131,LINC02552,28.85992,1.7556022,3.804254482488471e-183,4.505381955584646e-183,1.7556022
3761,DST,65.044716,1.7550157,0.0,0.0,1.7550157
3147,RHOT1,66.155975,1.7549579,0.0,0.0,1.7549579
8999,TLR1,-17.856522,-1.7548666,2.5717424534708535e-71,2.8381213131502514e-71,1.7548666
11390,GNPNAT1,-62.555214,-1.754512,0.0,0.0,1.754512
10773,EMB,-56.1486,-1.7530667,0.0,0.0,1.7530667
5344,PSD2,55.818108,1.7525995,0.0,0.0,1.7525995
4319,NOS1AP,63.132523,1.7523882,0.0,0.0,1.7523882
12517,RALB,-66.0846,-1.752241,0.0,0.0,1.752241
12538,TMEM25,-66.10901,-1.7521894,0.0,0.0,1.7521894
11935,GLMP,-65.04887,-1.7507073,0.0,0.0,1.7507073
10443,MYADML2,-51.142918,-1.7505747,0.0,0.0,1.7505747
12641,RAD21,-66.19449,-1.7502154,0.0,0.0,1.7502154
11981,ALAS1,-65.17487,-1.7501072,0.0,0.0,1.7501072
8023,RTKN2,8.478842,-1.7499487,2.274468227905749e-17,2.3768769932405697e-17,1.7499487
3241,MDM4,66.04668,1.74987,0.0,0.0,1.74987
12625,SSU72,-66.18798,-1.7494825,0.0,0.0,1.7494825
10858,CCDC74A,-57.132957,-1.7492204,0.0,0.0,1.7492204
11401,FOXO4,-62.619194,-1.7489678,0.0,0.0,1.7489678
2243,IFFO1,66.65919,1.7488401,0.0,0.0,1.7488401
11556,TRO,-63.477135,-1.7485408,0.0,0.0,1.7485408
8943,FMOD,-16.088436,-1.746883,3.075065290050782e-58,3.358095377125627e-58,1.746883
12301,LUC7L2,-65.828705,-1.7468368,0.0,0.0,1.7468368
2295,MTA1,66.64202,1.7463924,0.0,0.0,1.7463924
704,VPS35L,66.98551,1.7463524,0.0,0.0,1.7463524
5251,ZNF730,56.721,1.745743,0.0,0.0,1.745743
5736,GSTO2,51.379807,1.74534,0.0,0.0,1.74534
4044,SLC25A25,64.2383,1.744929,0.0,0.0,1.744929
12742,PRRC2C,-66.244934,-1.7447824,0.0,0.0,1.7447824
10579,ICAM3,-53.275158,-1.7447134,0.0,0.0,1.7447134
2376,HCFC2,66.61529,1.7442447,0.0,0.0,1.7442447
11241,FSCN2,-61.370773,-1.7442183,0.0,0.0,1.7442183
9339,FKBP2,-26.156477,-1.7440928,8.31757743025363e-151,9.679691687703357e-151,1.7440928
13011,EIF2AK1,-66.33639,-1.7440798,0.0,0.0,1.7440798
4175,POLH,63.699886,1.7438928,0.0,0.0,1.7438928
12108,FAM8A1,-65.485634,-1.7438211,0.0,0.0,1.7438211
5245,GAS1RR,56.778034,1.7429335,0.0,0.0,1.7429335
11201,CPVL,-60.929096,-1.742412,0.0,0.0,1.742412
12869,SNRNP200,-66.29067,-1.7418677,0.0,0.0,1.7418677
2653,MED13,66.507416,1.7418003,0.0,0.0,1.7418003
3664,C1orf216,65.24925,1.7416948,0.0,0.0,1.7416948
5083,MYH3,58.285473,1.7415903,0.0,0.0,1.7415903
3457,DGKZ,65.69073,1.741494,0.0,0.0,1.741494
1843,RNF130,66.76004,1.7411823,0.0,0.0,1.7411823
8828,ERVH48-1,-12.936181,-1.741032,2.812668685784403e-38,3.0145027662139386e-38,1.741032
12409,SMC1A,-65.94989,-1.7409009,0.0,0.0,1.7409009
10747,CHST13,-55.8223,-1.7404039,0.0,0.0,1.7404039
4514,GRIN3B,62.177967,1.7400954,0.0,0.0,1.7400954
2980,ZNF280C,66.3241,1.7393509,0.0,0.0,1.7393509
12551,NKAP,-66.11871,-1.7391685,0.0,0.0,1.7391685
4532,FAM228A,62.135925,1.7390933,0.0,0.0,1.7390933
13728,ARL14EP,-66.517265,-1.7390071,0.0,0.0,1.7390071
11745,GPT2,-64.402,-1.7389184,0.0,0.0,1.7389184
11690,FOXP4,-64.151245,-1.7384517,0.0,0.0,1.7384517
11263,EZH2,-61.588352,-1.7381577,0.0,0.0,1.7381577
1329,ZC3HC1,66.86911,1.738131,0.0,0.0,1.738131
4292,CD160,63.230625,1.7380505,0.0,0.0,1.7380505
3381,RPS6KA3,65.82362,1.7372618,0.0,0.0,1.7372618
5023,GPSM1,58.6736,1.7372359,0.0,0.0,1.7372359
12637,NDUFV3,-66.1922,-1.7367272,0.0,0.0,1.7367272
11443,CASTOR1,-62.88067,-1.736707,0.0,0.0,1.736707
10983,MIR194-2HG,-58.596447,-1.7363718,0.0,0.0,1.7363718
2532,NUP42,66.55967,1.7360438,0.0,0.0,1.7360438
12570,HPF1,-66.14804,-1.7359219,0.0,0.0,1.7359219
5159,FCHO1,57.613277,1.7357644,0.0,0.0,1.7357644
3397,TRIM35,65.80075,1.7357442,0.0,0.0,1.7357442
10023,PCDH17,-42.70445,-1.7347773,0.0,0.0,1.7347773
10682,MYH2,-54.88304,-1.7344306,0.0,0.0,1.7344306
2722,ZFYVE9,66.47838,1.7343626,0.0,0.0,1.7343626
13354,LEPROTL1,-66.42422,-1.7342703,0.0,0.0,1.7342703
10877,NEURL2,-57.375576,-1.7329793,0.0,0.0,1.7329793
11789,YJEFN3,-64.56422,-1.7325886,0.0,0.0,1.7325886
5353,ADAMTSL1,55.74185,1.7317233,0.0,0.0,1.7317233
2812,MED13L,66.42744,1.7315775,0.0,0.0,1.7315775
6057,KLF10,47.332603,1.7314402,0.0,0.0,1.7314402
2745,STPG1,66.46202,1.7308997,0.0,0.0,1.7308997
1103,GSK3B,66.908325,1.7307537,0.0,0.0,1.7307537
4124,ADAM22,63.95392,1.7304592,0.0,0.0,1.7304592
11768,FAM107B,-64.46869,-1.7302121,0.0,0.0,1.7302121
5015,PCDH12,58.721375,1.730156,0.0,0.0,1.730156
10644,PHLDA1,-54.27515,-1.7299168,0.0,0.0,1.7299168
5342,GINS3,55.821716,1.7297298,0.0,0.0,1.7297298
10306,KIRREL2,-48.698734,-1.729212,0.0,0.0,1.729212
3877,LRRIQ3,64.75937,1.7288766,0.0,0.0,1.7288766
5162,PDE10A,57.58316,1.7288291,0.0,0.0,1.7288291
3996,MOK,64.4042,1.7286991,0.0,0.0,1.7286991
4886,CCDC110,59.704758,1.7281854,0.0,0.0,1.7281854
11933,B4GALT7,-65.042,-1.7281364,0.0,0.0,1.7281364
10574,DDN,-53.166664,-1.7278528,0.0,0.0,1.7278528
14601,PCBP2,-66.80086,-1.7277837,0.0,0.0,1.7277837
2212,ZCCHC4,66.67181,1.7273254,0.0,0.0,1.7273254
3276,ZNRF3,65.98904,1.7273067,0.0,0.0,1.7273067
8078,DSCC1,7.221264,-1.7271975,5.150666147382646e-13,5.345663375215677e-13,1.7271975
12533,GATC,-66.10675,-1.7265168,0.0,0.0,1.7265168
9413,FABP2,-28.09886,-1.7264236,1.0115422941846166e-173,1.191784538056248e-173,1.7264236
2878,ZNF398,66.38595,1.7262591,0.0,0.0,1.7262591
14755,DNAJC21,-66.91954,-1.7261387,0.0,0.0,1.7261387
2340,ARHGEF7,66.6235,1.7255191,0.0,0.0,1.7255191
4931,LINC02777,59.343803,1.7251089,0.0,0.0,1.7251089
12530,FKBP14,-66.10594,-1.7249367,0.0,0.0,1.7249367
793,NVL,66.96677,1.7246772,0.0,0.0,1.7246772
11065,SLC22A17,-59.630558,-1.7242702,0.0,0.0,1.7242702
3274,WBP1L,65.990974,1.7237916,0.0,0.0,1.7237916
11097,CEMIP2,-59.98916,-1.7233951,0.0,0.0,1.7233951
3292,CXorf38,65.96921,1.7233158,0.0,0.0,1.7233158
13934,METTL2A,-66.57201,-1.7230338,0.0,0.0,1.7230338
12191,MCAT,-65.63707,-1.7228739,0.0,0.0,1.7228739
12039,SDE2,-65.337105,-1.7228657,0.0,0.0,1.7228657
10719,ERICD,-55.373596,-1.7221528,0.0,0.0,1.7221528
2001,PIAS1,66.72763,1.7219758,0.0,0.0,1.7219758
13017,WDR45B,-66.338554,-1.7214823,0.0,0.0,1.7214823
10228,TUBB4A,-47.089252,-1.7208567,0.0,0.0,1.7208567
4783,SLC24A1,60.629417,1.7205683,0.0,0.0,1.7205683
11760,B9D2,-64.44749,-1.7202909,0.0,0.0,1.7202909
7932,GLIS3,10.751164,1.7202145,5.851798540591285e-27,6.191626179318638e-27,1.7202145
4215,PPARA,63.580067,1.720039,0.0,0.0,1.720039
6224,VASH1,45.20872,1.7200378,0.0,0.0,1.7200378
5065,TSPAN32,58.370777,1.7197134,0.0,0.0,1.7197134
11591,GATA5,-63.667603,-1.7190045,0.0,0.0,1.7190045
12427,CLTA,-65.98437,-1.7190008,0.0,0.0,1.7190008
1684,NARS2,66.795715,1.7189837,0.0,0.0,1.7189837
10387,RAB3B,-50.237034,-1.7187107,0.0,0.0,1.7187107
12809,RTF1,-66.269394,-1.7182982,0.0,0.0,1.7182982
7845,GDF3,12.653706,-1.7181692,1.0672012408054005e-36,1.1419669265789968e-36,1.7181692
8686,SYNE4,-9.069589,-1.717948,1.1946697879058534e-19,1.2521659098538313e-19,1.717948
14074,EXOSC6,-66.60278,-1.7178056,0.0,0.0,1.7178056
2706,KIAA0319L,66.48333,1.7175295,0.0,0.0,1.7175295
10895,SPA17,-57.629025,-1.7168059,0.0,0.0,1.7168059
12290,YDJC,-65.81812,-1.7167699,0.0,0.0,1.7167699
10042,SHISAL2B,-43.271645,-1.7163359,0.0,0.0,1.7163359
10797,GPR153,-56.455387,-1.7161808,0.0,0.0,1.7161808
5485,TSPAN19,54.279453,1.7159479,0.0,0.0,1.7159479
11959,ZNF319,-65.10082,-1.7155277,0.0,0.0,1.7155277
11913,DPP3,-64.98563,-1.7154266,0.0,0.0,1.7154266
10366,CXCR4,-49.76841,-1.7152159,0.0,0.0,1.7152159
2710,NR2C2,66.48209,1.7152145,0.0,0.0,1.7152145
4638,GPSM2,61.554935,1.7149458,0.0,0.0,1.7149458
5036,MAPK13,58.578053,1.7148505,0.0,0.0,1.7148505
11599,RPA3,-63.753117,-1.7145537,0.0,0.0,1.7145537
4710,TTC39B,61.07422,1.7142322,0.0,0.0,1.7142322
9071,ADM2,-19.637558,-1.7141888,7.386457790044151e-86,8.24293118767079e-86,1.7141888
3920,DISP2,64.6492,1.7141669,0.0,0.0,1.7141669
9690,SEMA3D,-34.558056,-1.7140329,1.0788190562513803e-261,1.3345537929155243e-261,1.7140329
4456,OBSCN,62.44503,1.7139567,0.0,0.0,1.7139567
5854,TERT,50.092598,1.7130907,0.0,0.0,1.7130907
12151,NUBP2,-65.55954,-1.7119715,0.0,0.0,1.7119715
5464,NACA2,54.513924,1.7118118,0.0,0.0,1.7118118
13488,SDCBP,-66.462006,-1.7116019,0.0,0.0,1.7116019
12953,LMAN1,-66.31472,-1.711054,0.0,0.0,1.711054
1575,PSEN1,66.81621,1.7100449,0.0,0.0,1.7100449
5133,LRFN5,57.816425,1.709952,0.0,0.0,1.709952
2173,HECTD4,66.68221,1.7098655,0.0,0.0,1.7098655
5107,ZC3H11B,58.02186,1.7093052,0.0,0.0,1.7093052
11823,BLOC1S4,-64.69244,-1.7089223,0.0,0.0,1.7089223
5147,RBL1,57.70597,1.7085313,0.0,0.0,1.7085313
697,TBRG1,66.98686,1.7076503,0.0,0.0,1.7076503
3951,LINC01993,64.5401,1.7073997,0.0,0.0,1.7073997
6322,ESPNL,43.898945,1.7073599,0.0,0.0,1.7073599
3128,UBOX5,66.18397,1.7070582,0.0,0.0,1.7070582
10594,MAST4-AS1,-53.584217,-1.7067322,0.0,0.0,1.7067322
14194,TMEM237,-66.635605,-1.7066094,0.0,0.0,1.7066094
9275,CHRD,-24.587925,-1.7061208,1.700828059340076e-133,1.9598307006505066e-133,1.7061208
3811,TEX2,64.90419,1.7060988,0.0,0.0,1.7060988
3980,TTPAL,64.44304,1.7059938,0.0,0.0,1.7059938
12431,PEMT,-65.99242,-1.7059624,0.0,0.0,1.7059624
13583,SPTY2D1,-66.48309,-1.7058164,0.0,0.0,1.7058164
11872,SLC10A3,-64.838264,-1.7055988,0.0,0.0,1.7055988
4835,ZNF454,60.060448,1.7050439,0.0,0.0,1.7050439
9729,NRROS,-35.59409,-1.7047963,1.729386809665268e-277,2.157696287889761e-277,1.7047963
5138,MMS22L,57.784363,1.7040571,0.0,0.0,1.7040571
4912,DRD2,59.495308,1.7037617,0.0,0.0,1.7037617
11534,LRP10,-63.4034,-1.7037266,0.0,0.0,1.7037266
3428,NBAS,65.74349,1.7034754,0.0,0.0,1.7034754
2454,MTMR1,66.58663,1.7034218,0.0,0.0,1.7034218
1089,CHD9,66.91052,1.7033625,0.0,0.0,1.7033625
4279,TMEM79,63.2961,1.7024075,0.0,0.0,1.7024075
4421,KLHL24,62.67184,1.7020092,0.0,0.0,1.7020092
3560,FHOD3,65.447365,1.7017595,0.0,0.0,1.7017595
1865,EMSY,66.75588,1.7016262,0.0,0.0,1.7016262
9179,PLCG2,-22.188574,-1.7013632,4.428194091375816e-109,5.022909871448927e-109,1.7013632
4781,PAK6,60.63798,1.70081,0.0,0.0,1.70081
11195,LHFPL2,-60.853653,-1.7007778,0.0,0.0,1.7007778
10245,USP30-AS1,-47.365425,-1.7007151,0.0,0.0,1.7007151
2585,SOS1,66.54061,1.7002825,0.0,0.0,1.7002825
11070,LINC00324,-59.709656,-1.7002366,0.0,0.0,1.7002366
6806,PARP14,35.219975,1.7001237,9.890762184633024e-272,1.229794550304262e-271,1.7001237
12246,NCK1-DT,-65.74037,-1.6992785,0.0,0.0,1.6992785
4792,OLFML2B,60.571884,1.6988014,0.0,0.0,1.6988014
13754,CCDC127,-66.52361,-1.6982197,0.0,0.0,1.6982197
9768,CLDN19,-36.57666,-1.6976295,6.722516544052689e-293,8.450724094324922e-293,1.6976295
3975,SLC12A6,64.4562,1.6972116,0.0,0.0,1.6972116
13753,EMC8,-66.52336,-1.6972003,0.0,0.0,1.6972003
4685,PDE6A,61.279366,1.697176,0.0,0.0,1.697176
12816,RPA2,-66.27209,-1.6964133,0.0,0.0,1.6964133
11017,RTN2,-58.969955,-1.6961744,0.0,0.0,1.6961744
10489,KCNK6,-51.817024,-1.6961294,0.0,0.0,1.6961294
908,SMC5,66.94295,1.6951036,0.0,0.0,1.6951036
12720,LEO1,-66.237335,-1.6947691,0.0,0.0,1.6947691
13554,STRN4,-66.47637,-1.6946205,0.0,0.0,1.6946205
4673,GAB1,61.329815,1.6945941,0.0,0.0,1.6945941
10267,ITPKA,-47.83476,-1.6944603,0.0,0.0,1.6944603
4273,PDE6G,63.31912,1.694306,0.0,0.0,1.694306
1506,CDK5RAP1,66.82997,1.6942682,0.0,0.0,1.6942682
11004,GUCY1A1,-58.849022,-1.6941515,0.0,0.0,1.6941515
13375,GMPS,-66.43249,-1.6937251,0.0,0.0,1.6937251
2866,ABCD3,66.39121,1.693452,0.0,0.0,1.693452
11555,CCDC144NL-AS1,-63.476463,-1.6932709,0.0,0.0,1.6932709
10783,LINC00853,-56.25259,-1.6931739,0.0,0.0,1.6931739
9289,EIF4EBP3,-25.013544,-1.6929299,4.354702173160457e-138,5.031519782653688e-138,1.6929299
1608,CENPT,66.80871,1.6927289,0.0,0.0,1.6927289
3793,UCKL1,64.94664,1.6927122,0.0,0.0,1.6927122
3293,ZNF571,65.95993,1.6926582,0.0,0.0,1.6926582
4936,ATP4A,59.336895,1.6921511,0.0,0.0,1.6921511
4565,MTUS1,61.970444,1.6916693,0.0,0.0,1.6916693
4540,CDHR3,62.113018,1.6912609,0.0,0.0,1.6912609
10696,CLIP3,-55.06163,-1.6903147,0.0,0.0,1.6903147
2738,CHD6,66.46624,1.6902825,0.0,0.0,1.6902825
11321,TMEM240,-62.023113,-1.6902289,0.0,0.0,1.6902289
5108,SLC43A1,58.006298,1.6899427,0.0,0.0,1.6899427
3896,SPACA6,64.71116,1.6898359,0.0,0.0,1.6898359
12548,RP9,-66.11605,-1.6896344,0.0,0.0,1.6896344
13713,TYW3,-66.51499,-1.6895492,0.0,0.0,1.6895492
3422,PPTC7,65.75051,1.6894908,0.0,0.0,1.6894908
11145,NHLH1,-60.352936,-1.6893772,0.0,0.0,1.6893772
5478,NR2F2,54.32722,1.6890634,0.0,0.0,1.6890634
1631,WWP2,66.80434,1.6885024,0.0,0.0,1.6885024
14043,TRUB2,-66.59592,-1.688152,0.0,0.0,1.688152
4025,ATAD3B,64.30537,1.6879905,0.0,0.0,1.6879905
11741,ARF6,-64.38698,-1.6878955,0.0,0.0,1.6878955
3215,ATL3,66.06865,1.6873943,0.0,0.0,1.6873943
5191,XDH,57.2899,1.6873933,0.0,0.0,1.6873933
4074,ZNF577,64.12376,1.6872498,0.0,0.0,1.6872498
1849,ZNF569,66.758354,1.6871924,0.0,0.0,1.6871924
13788,BLMH,-66.53544,-1.6870894,0.0,0.0,1.6870894
12281,RPUSD1,-65.804344,-1.686375,0.0,0.0,1.686375
5422,LINC02301,54.88805,1.68596,0.0,0.0,1.68596
12200,CUEDC2,-65.66019,-1.6856735,0.0,0.0,1.6856735
9779,PRSS23,-36.99168,-1.685527,1.5582647865348455e-299,1.963185953881948e-299,1.685527
4557,CP,62.016895,1.6854212,0.0,0.0,1.6854212
11759,PSEN2,-64.44605,-1.6852636,0.0,0.0,1.6852636
9854,SPINK4,-38.88026,-1.6845413,0.0,0.0,1.6845413
3109,KHDC4,66.20753,1.6838226,0.0,0.0,1.6838226
12088,AKT1,-65.4474,-1.6836271,0.0,0.0,1.6836271
13245,TMED4,-66.39993,-1.6833853,0.0,0.0,1.6833853
11047,CCND2,-59.43724,-1.6830189,0.0,0.0,1.6830189
3121,CLK4,66.19052,1.6829249,0.0,0.0,1.6829249
12150,CCDC51,-65.55671,-1.6828154,0.0,0.0,1.6828154
4171,PRKCA,63.705532,1.682796,0.0,0.0,1.682796
7296,CDCA5,24.928467,-1.6818714,3.656534720147208e-137,4.2238543838697127e-137,1.6818714
3165,MINDY1,66.138985,1.6815748,0.0,0.0,1.6815748
11880,GPRASP2,-64.867065,-1.6813699,0.0,0.0,1.6813699
12945,PHAX,-66.31165,-1.6810433,0.0,0.0,1.6810433
5094,ZNF578,58.102165,1.6807611,0.0,0.0,1.6807611
11038,B3GNT9,-59.268513,-1.6800276,0.0,0.0,1.6800276
10703,ZWILCH,-55.137016,-1.6799992,0.0,0.0,1.6799992
2166,PARP11,66.68387,1.6799991,0.0,0.0,1.6799991
10070,HILPDA,-43.709362,-1.6799929,0.0,0.0,1.6799929
14416,EIF2S1,-66.71231,-1.6798176,0.0,0.0,1.6798176
11844,PARD6G,-64.738846,-1.6797881,0.0,0.0,1.6797881
12970,MOB1A,-66.319534,-1.6791047,0.0,0.0,1.6791047
1920,PACRGL,66.742836,1.6790701,0.0,0.0,1.6790701
2900,MYO9A,66.37208,1.6789553,0.0,0.0,1.6789553
11335,COL4A1,-62.134724,-1.678701,0.0,0.0,1.678701
11943,COMMD9,-65.07196,-1.678619,0.0,0.0,1.678619
1696,CTPS2,66.79361,1.6783421,0.0,0.0,1.6783421
11301,HIRIP3,-61.85018,-1.6772642,0.0,0.0,1.6772642
10546,CARMIL2,-52.766617,-1.6772274,0.0,0.0,1.6772274
2614,TAPT1,66.53095,1.676646,0.0,0.0,1.676646
11627,HCFC1R1,-63.899033,-1.6764735,0.0,0.0,1.6764735
12265,PLPP5,-65.7844,-1.676017,0.0,0.0,1.676017
2995,IFT140,66.31252,1.6756389,0.0,0.0,1.6756389
4014,PAN2,64.33473,1.6755968,0.0,0.0,1.6755968
3062,POGZ,66.261,1.6754621,0.0,0.0,1.6754621
10958,IRF2BPL,-58.367256,-1.6754122,0.0,0.0,1.6754122
4021,TMEM120B,64.32068,1.67508,0.0,0.0,1.67508
3124,NMNAT1,66.18921,1.6749086,0.0,0.0,1.6749086
11978,ZNF620,-65.16738,-1.6748129,0.0,0.0,1.6748129
3440,EXD3,65.72862,1.6747804,0.0,0.0,1.6747804
11067,NFIL3,-59.655846,-1.674446,0.0,0.0,1.674446
3390,CECR2,65.81028,1.6742184,0.0,0.0,1.6742184
11722,HMGCR,-64.27747,-1.6741468,0.0,0.0,1.6741468
12046,TSFM,-65.35022,-1.6740354,0.0,0.0,1.6740354
4916,GPRASP1,59.46773,1.6735495,0.0,0.0,1.6735495
8748,LNCTAM34A,-10.763939,-1.6733271,5.094513131826803e-27,5.391132662013794e-27,1.6733271
3908,FBXO44,64.68269,1.6731222,0.0,0.0,1.6731222
12253,TWF1,-65.75442,-1.6730253,0.0,0.0,1.6730253
12194,PLA2G12A,-65.64562,-1.6725323,0.0,0.0,1.6725323
4816,LINC00877,60.26793,1.6723952,0.0,0.0,1.6723952
2891,NEK9,66.37505,1.671616,0.0,0.0,1.671616
4344,AGFG2,63.059505,1.6715696,0.0,0.0,1.6715696
11923,EXTL2,-65.01911,-1.6715417,0.0,0.0,1.6715417
3916,D2HGDH,64.65848,1.6712593,0.0,0.0,1.6712593
12844,ARCN1,-66.28556,-1.6711304,0.0,0.0,1.6711304
2505,ATG14,66.57132,1.6709543,0.0,0.0,1.6709543
11174,PABPC5,-60.59435,-1.6704557,0.0,0.0,1.6704557
12139,POLD1,-65.5423,-1.6702049,0.0,0.0,1.6702049
11309,CBR1,-61.91541,-1.6701354,0.0,0.0,1.6701354
3631,GRAMD2B,65.31245,1.669761,0.0,0.0,1.669761
10438,TMED6,-51.084484,-1.6697344,0.0,0.0,1.6697344
8148,TAFA4,5.4803705,-1.6692207,4.2443625719640266e-08,4.3659412751282066e-08,1.6692207
10208,CARD9,-46.624958,-1.669164,0.0,0.0,1.669164
3745,PDSS1,65.07426,1.6680217,0.0,0.0,1.6680217
13531,PDCD7,-66.47211,-1.6678236,0.0,0.0,1.6678236
5338,DKK4,55.85613,1.6674024,0.0,0.0,1.6674024
12362,ESYT1,-65.89848,-1.6671889,0.0,0.0,1.6671889
4036,PIP4K2A,64.26668,1.6671504,0.0,0.0,1.6671504
4758,RAD18,60.753986,1.6670898,0.0,0.0,1.6670898
12049,CNN2,-65.3589,-1.6668559,0.0,0.0,1.6668559
1313,ELP3,66.87194,1.6668221,0.0,0.0,1.6668221
3467,LIMK2,65.6597,1.6665674,0.0,0.0,1.6665674
3110,OGDH,66.20544,1.6664929,0.0,0.0,1.6664929
4084,CCNYL1,64.0837,1.666017,0.0,0.0,1.666017
13207,ADIPOR1,-66.39149,-1.6659963,0.0,0.0,1.6659963
3038,GORAB,66.28359,1.6659411,0.0,0.0,1.6659411
10509,ARHGDIG,-52.129814,-1.6656582,0.0,0.0,1.6656582
5622,SOX17,52.673515,1.6648362,0.0,0.0,1.6648362
5386,ERVW-1,55.402374,1.6636623,0.0,0.0,1.6636623
4430,SCN9A,62.61948,1.6634456,0.0,0.0,1.6634456
6727,GGACT,36.84806,1.6633627,3.141528758919694e-297,3.953501317228509e-297,1.6633627
4993,KRT15,58.98243,1.6628466,0.0,0.0,1.6628466
13163,PSMD7,-66.379486,-1.6625975,0.0,0.0,1.6625975
4861,GPRIN1,59.85836,1.6620682,0.0,0.0,1.6620682
12609,YIF1B,-66.1771,-1.6617916,0.0,0.0,1.6617916
11328,ATP2B1,-62.068474,-1.6615951,0.0,0.0,1.6615951
13264,RPAP3,-66.405304,-1.6615098,0.0,0.0,1.6615098
5010,DCX,58.772316,1.661355,0.0,0.0,1.661355
5558,ARID5A,53.439457,1.6612469,0.0,0.0,1.6612469
13165,GPATCH11,-66.37974,-1.661164,0.0,0.0,1.661164
5659,CD200R1,52.200928,1.6610403,0.0,0.0,1.6610403
12032,FEM1B,-65.30739,-1.6609603,0.0,0.0,1.6609603
280,DNAJC1,67.06578,1.6606437,0.0,0.0,1.6606437
12531,ZMYM3,-66.105995,-1.6600355,0.0,0.0,1.6600355
10072,KLC3,-43.763042,-1.6598022,0.0,0.0,1.6598022
5186,LAPTM5,57.356018,1.6594194,0.0,0.0,1.6594194
5305,KCNS3,56.150654,1.659099,0.0,0.0,1.659099
11452,TCF4,-62.909,-1.6580764,0.0,0.0,1.6580764
9658,ART5,-33.93601,-1.6580038,1.9620814162432536e-252,2.4139053906514884e-252,1.6580038
11104,TM7SF2,-60.026012,-1.6578132,0.0,0.0,1.6578132
2665,DCP1A,66.50278,1.6572247,0.0,0.0,1.6572247
5534,LINC02608,53.693577,1.6565723,0.0,0.0,1.6565723
6185,HSD11B2,45.7587,1.656302,0.0,0.0,1.656302
11512,PSAP,-63.320724,-1.6559789,0.0,0.0,1.6559789
9236,GET3,-23.750862,-1.6559095,1.0764544205775903e-124,1.2334772086522631e-124,1.6559095
4227,SLC25A25-AS1,63.515743,1.6555278,0.0,0.0,1.6555278
5410,VCAN-AS1,55.09666,1.6552716,0.0,0.0,1.6552716
13108,PSME3,-66.36546,-1.6549224,0.0,0.0,1.6549224
8839,LHFPL5,-13.136356,-1.6544776,2.0380675446088414e-39,2.186845590659364e-39,1.6544776
2719,CUTC,66.47893,1.653987,0.0,0.0,1.653987
13210,RAB1B,-66.392044,-1.6538216,0.0,0.0,1.6538216
10522,NUTM2D,-52.331207,-1.6533933,0.0,0.0,1.6533933
12230,ITPA,-65.71413,-1.6532677,0.0,0.0,1.6532677
1861,TRA2A,66.756454,1.653145,0.0,0.0,1.653145
4547,CASP7,62.0703,1.6527734,0.0,0.0,1.6527734
5151,ASPHD1,57.67152,1.6527647,0.0,0.0,1.6527647
12559,EIF3B,-66.1321,-1.6520258,0.0,0.0,1.6520258
3692,CCDC149,65.16746,1.6520139,0.0,0.0,1.6520139
13167,USF2,-66.38008,-1.6519965,0.0,0.0,1.6519965
11028,CA14,-59.155083,-1.6519784,0.0,0.0,1.6519784
2886,FAM193A,66.378334,1.651741,0.0,0.0,1.651741
4533,SIRT4,62.13309,1.6515486,0.0,0.0,1.6515486
3608,ZNFX1,65.36933,1.6513094,0.0,0.0,1.6513094
2933,ANO6,66.3518,1.6509436,0.0,0.0,1.6509436
3311,LNX2,65.93569,1.6502572,0.0,0.0,1.6502572
10807,HMGA1P4,-56.54273,-1.6500218,0.0,0.0,1.6500218
3521,GPCPD1,65.52913,1.6490865,0.0,0.0,1.6490865
5005,SUSD3,58.845085,1.6489215,0.0,0.0,1.6489215
8690,USP18,-9.109062,-1.6489193,8.30969431525031e-20,8.713927482816754e-20,1.6489193
8771,KCNA7,-11.459328,-1.6488767,2.1114793121629517e-30,2.2422561706063825e-30,1.6488767
12201,COMMD5,-65.66139,-1.6484542,0.0,0.0,1.6484542
13772,TADA3,-66.531395,-1.6480744,0.0,0.0,1.6480744
11809,RAB3D,-64.638245,-1.6477642,0.0,0.0,1.6477642
2967,RNFT1,66.33476,1.6474887,0.0,0.0,1.6474887
3243,OTUD7B,66.04438,1.647331,0.0,0.0,1.647331
11842,PRRT3,-64.733795,-1.6471585,0.0,0.0,1.6471585
11921,TRMT5,-65.01248,-1.6471171,0.0,0.0,1.6471171
11976,RGS19,-65.15962,-1.6470983,0.0,0.0,1.6470983
12272,NRBF2,-65.794304,-1.6468544,0.0,0.0,1.6468544
2430,ZNF800,66.59427,1.6459186,0.0,0.0,1.6459186
13176,KHDRBS1,-66.38218,-1.6453378,0.0,0.0,1.6453378
4681,SAXO2,61.293125,1.6450434,0.0,0.0,1.6450434
14781,ETF1,-66.94787,-1.6449912,0.0,0.0,1.6449912
9852,ALOX15,-38.83067,-1.6447353,0.0,0.0,1.6447353
1753,INTS4,66.78088,1.6436929,0.0,0.0,1.6436929
4650,SEMA5A,61.487354,1.6436234,0.0,0.0,1.6436234
11905,GTF3A,-64.961815,-1.6435771,0.0,0.0,1.6435771
4546,CT62,62.075203,1.6426951,0.0,0.0,1.6426951
11625,ZNF518B,-63.894844,-1.6426611,0.0,0.0,1.6426611
10282,PAQR6,-48.20086,-1.6423037,0.0,0.0,1.6423037
4265,UVSSA,63.353447,1.642078,0.0,0.0,1.642078
2990,MSRB3,66.31631,1.64188,0.0,0.0,1.64188
12186,CFAP20,-65.627335,-1.6417884,0.0,0.0,1.6417884
3832,SNX30,64.87011,1.6413023,0.0,0.0,1.6413023
5046,RAB9B,58.496426,1.641208,0.0,0.0,1.641208
13731,FAM204A,-66.51815,-1.641174,0.0,0.0,1.641174
2684,CDK13,66.49399,1.640735,0.0,0.0,1.640735
3092,PACS1,66.22556,1.6403817,0.0,0.0,1.6403817
3571,ZFP14,65.43408,1.640118,0.0,0.0,1.640118
1938,ATP11B,66.73925,1.6399146,0.0,0.0,1.6399146
12648,RTN4,-66.19817,-1.639534,0.0,0.0,1.639534
9035,TFAP2A-AS2,-18.624855,-1.6390971,2.0203834881114204e-77,2.2428373886362635e-77,1.6390971
3029,ADNP-AS1,66.28993,1.6390777,0.0,0.0,1.6390777
2489,STRBP,66.57385,1.6388873,0.0,0.0,1.6388873
2758,SPPL2A,66.450745,1.6388428,0.0,0.0,1.6388428
5275,POT1-AS1,56.444527,1.6387447,0.0,0.0,1.6387447
13114,EIF2S3,-66.36717,-1.6385419,0.0,0.0,1.6385419
10553,MELTF,-52.912643,-1.6385325,0.0,0.0,1.6385325
4893,TRIM16L,59.664993,1.6384357,0.0,0.0,1.6384357
12091,FZD3,-65.45114,-1.6382034,0.0,0.0,1.6382034
11595,SMIM30,-63.73306,-1.6379952,0.0,0.0,1.6379952
9851,CDH15,-38.79354,-1.6374978,0.0,0.0,1.6374978
3957,CNBD2,64.516136,1.6371102,0.0,0.0,1.6371102
11658,CHCHD4,-64.03834,-1.6369724,0.0,0.0,1.6369724
2446,ZNF250,66.588776,1.6366985,0.0,0.0,1.6366985
2718,ACER3,66.47905,1.6358695,0.0,0.0,1.6358695
2222,PUM2,66.6674,1.6356764,0.0,0.0,1.6356764
4512,FRS3,62.184074,1.6356722,0.0,0.0,1.6356722
12203,SMIM19,-65.66456,-1.6355555,0.0,0.0,1.6355555
11008,SDSL,-58.867264,-1.6355524,0.0,0.0,1.6355524
10968,CEBPA,-58.45591,-1.6351901,0.0,0.0,1.6351901
10727,ZSCAN16-AS1,-55.51244,-1.6350416,0.0,0.0,1.6350416
11597,TTLL4,-63.743492,-1.6350019,0.0,0.0,1.6350019
3881,TMEM116,64.75015,1.6345751,0.0,0.0,1.6345751
3642,ENTPD6,65.298256,1.6338205,0.0,0.0,1.6338205
12554,MRPS18C,-66.12649,-1.6337916,0.0,0.0,1.6337916
3711,GSTCD,65.14684,1.6337595,0.0,0.0,1.6337595
2749,FSD1L,66.46038,1.6336471,0.0,0.0,1.6336471
4100,U2AF1,64.035835,1.633189,0.0,0.0,1.633189
13172,PRKDC,-66.38169,-1.6330588,0.0,0.0,1.6330588
9726,C2orf66,-35.497616,-1.6329321,5.349678668328574e-276,6.66731801092278e-276,1.6329321
12155,MRTO4,-65.563545,-1.6326792,0.0,0.0,1.6326792
5013,PHF7,58.74209,1.6324353,0.0,0.0,1.6324353
3170,ZNF175,66.1284,1.6316826,0.0,0.0,1.6316826
11344,GOLM1,-62.222458,-1.630999,0.0,0.0,1.630999
3637,KLC4,65.30592,1.6298683,0.0,0.0,1.6298683
12674,CSTF2T,-66.21331,-1.6296865,0.0,0.0,1.6296865
8621,GBP1,-7.2851453,-1.6294895,3.2132435137117876e-13,3.3362933738350267e-13,1.6294895
3959,CCDC93,64.50777,1.6294711,0.0,0.0,1.6294711
12399,JTB,-65.940605,-1.6294262,0.0,0.0,1.6294262
2723,NCOA6,66.47783,1.6285881,0.0,0.0,1.6285881
1295,RSRC1,66.875084,1.6283191,0.0,0.0,1.6283191
4003,TMEM135,64.38322,1.6282324,0.0,0.0,1.6282324
9217,FAM131B,-23.157341,-1.6271883,1.2261325633922048e-118,1.4002288478994217e-118,1.6271883
1901,EXT2,66.74761,1.627162,0.0,0.0,1.627162
12484,CANT1,-66.048386,-1.6269435,0.0,0.0,1.6269435
13089,SSX2IP,-66.35939,-1.626808,0.0,0.0,1.626808
3324,DIP2B,65.907906,1.6264559,0.0,0.0,1.6264559
9538,C1orf115,-31.489016,-1.626455,1.2281253984780352e-217,1.4804785649701488e-217,1.626455
12912,SPG21,-66.30344,-1.6263547,0.0,0.0,1.6263547
4118,KIF21A,63.973125,1.6255294,0.0,0.0,1.6255294
5441,LRRC63,54.757683,1.6248074,0.0,0.0,1.6248074
9670,FAM111A,-34.148003,-1.6245985,1.431639052643137e-255,1.7648274282894493e-255,1.6245985
14296,SCCPDH,-66.66371,-1.6245974,0.0,0.0,1.6245974
5702,RBM47,51.718494,1.6241738,0.0,0.0,1.6241738
2262,MSANTD2,66.65293,1.6239455,0.0,0.0,1.6239455
4096,ADARB1,64.04902,1.6237462,0.0,0.0,1.6237462
4183,SRRM2-AS1,63.672413,1.622523,0.0,0.0,1.622523
2126,JMJD1C,66.69343,1.6222326,0.0,0.0,1.6222326
2521,TMEM260,66.56605,1.6222271,0.0,0.0,1.6222271
2968,USP24,66.33378,1.621979,0.0,0.0,1.621979
4211,SHROOM3,63.58483,1.6215544,0.0,0.0,1.6215544
11419,EMP2,-62.733677,-1.6212095,0.0,0.0,1.6212095
4651,ADPRH,61.485596,1.6204916,0.0,0.0,1.6204916
11018,CD79A,-58.98365,-1.6200943,0.0,0.0,1.6200943
11329,C15orf61,-62.072197,-1.619055,0.0,0.0,1.619055
5054,PKD1L1,58.464897,1.6184716,0.0,0.0,1.6184716
6054,LVRN,47.40512,1.6181325,0.0,0.0,1.6181325
4335,IFRD1,63.0766,1.618009,0.0,0.0,1.618009
3187,ENOX2,66.10271,1.6178814,0.0,0.0,1.6178814
4666,TRIM63,61.373863,1.617829,0.0,0.0,1.617829
12579,CMAS,-66.15696,-1.6173832,0.0,0.0,1.6173832
3758,FAM219A,65.04968,1.6172034,0.0,0.0,1.6172034
3384,ZNF789,65.82008,1.6169125,0.0,0.0,1.6169125
12941,GEMIN6,-66.31044,-1.6168725,0.0,0.0,1.6168725
10389,OGDHL,-50.283344,-1.6163113,0.0,0.0,1.6163113
13321,RWDD4,-66.41875,-1.6152372,0.0,0.0,1.6152372
5045,NT5E,58.5,1.6149817,0.0,0.0,1.6149817
10718,INA,-55.368874,-1.6149107,0.0,0.0,1.6149107
1244,GPBP1L1,66.88363,1.614796,0.0,0.0,1.614796
4971,LINC01106,59.101074,1.6147573,0.0,0.0,1.6147573
2835,CALCOCO2,66.409935,1.6146438,0.0,0.0,1.6146438
12483,ARMCX1,-66.04558,-1.6144037,0.0,0.0,1.6144037
9648,LSMEM2,-33.743973,-1.6143054,1.3104801432052574e-249,1.6090513290733647e-249,1.6143054
3095,ZNF821,66.2221,1.6133555,0.0,0.0,1.6133555
5110,ITPR3,57.998917,1.6132944,0.0,0.0,1.6132944
4339,ATP9A,63.062836,1.6131636,0.0,0.0,1.6131636
5569,EPN3,53.351616,1.6130059,0.0,0.0,1.6130059
9473,TEKT2,-29.530361,-1.6127719,1.1738469573600174e-191,1.3972170324724251e-191,1.6127719
12594,SF3B1,-66.16656,-1.6124272,0.0,0.0,1.6124272
11175,STARD5,-60.603962,-1.6118703,0.0,0.0,1.6118703
3205,DHODH,66.07694,1.6112137,0.0,0.0,1.6112137
10542,P3H2,-52.693657,-1.6108869,0.0,0.0,1.6108869
5833,LINC01873,50.252655,1.6107461,0.0,0.0,1.6107461
2000,COPG2,66.72777,1.6106497,0.0,0.0,1.6106497
12791,UBE2V2,-66.26206,-1.610527,0.0,0.0,1.610527
4448,CDA,62.50024,1.61029,0.0,0.0,1.61029
12408,BCAS2,-65.947525,-1.6088876,0.0,0.0,1.6088876
14273,IVD,-66.657524,-1.6086565,0.0,0.0,1.6086565
11003,LAMB2,-58.845997,-1.6083171,0.0,0.0,1.6083171
11425,DEF8,-62.75472,-1.6082625,0.0,0.0,1.6082625
11465,IGBP1,-63.020905,-1.6082425,0.0,0.0,1.6082425
6383,LMCD1,43.02265,1.6082166,0.0,0.0,1.6082166
12133,RRP1,-65.53337,-1.6075343,0.0,0.0,1.6075343
10889,SEMA6B,-57.51354,-1.6073312,0.0,0.0,1.6073312
12284,FAM161A,-65.808105,-1.6073247,0.0,0.0,1.6073247
11911,SNHG18,-64.97689,-1.607304,0.0,0.0,1.607304
2819,ZNF432,66.425064,1.6069877,0.0,0.0,1.6069877
10547,AOC2,-52.815987,-1.6067392,0.0,0.0,1.6067392
13318,SNX6,-66.41752,-1.606586,0.0,0.0,1.606586
10532,KCNH7,-52.46956,-1.6065797,0.0,0.0,1.6065797
12805,KRAS,-66.26845,-1.6060169,0.0,0.0,1.6060169
4987,ATRNL1,59.017628,1.605569,0.0,0.0,1.605569
4839,CCDC81,59.98749,1.6043777,0.0,0.0,1.6043777
4770,MSS51,60.667355,1.6042402,0.0,0.0,1.6042402
11069,TCN2,-59.704445,-1.6041601,0.0,0.0,1.6041601
14148,RIOK3,-66.62248,-1.6038132,0.0,0.0,1.6038132
6273,IRAIN,44.624733,1.6034797,0.0,0.0,1.6034797
2773,TRMT13,66.444885,1.6027265,0.0,0.0,1.6027265
12102,RABIF,-65.47806,-1.6016282,0.0,0.0,1.6016282
5221,CCDC17,56.92195,1.6013026,0.0,0.0,1.6013026
5025,PMFBP1,58.67184,1.6012508,0.0,0.0,1.6012508
2852,SMURF1,66.40003,1.6012408,0.0,0.0,1.6012408
4419,ATL1,62.68,1.6005756,0.0,0.0,1.6005756
2268,DCAF10,66.6513,1.6004702,0.0,0.0,1.6004702
11681,ARL4A,-64.102516,-1.6000279,0.0,0.0,1.6000279
11849,GRK2,-64.75696,-1.5999677,0.0,0.0,1.5999677
4697,ZNF213-AS1,61.19534,1.5998571,0.0,0.0,1.5998571
11734,PINK1,-64.33896,-1.5996057,0.0,0.0,1.5996057
10229,ERO1A,-47.105427,-1.5994607,0.0,0.0,1.5994607
4895,PHOX2A,59.64161,1.5994588,0.0,0.0,1.5994588
3756,WIPF1,65.05115,1.5990124,0.0,0.0,1.5990124
14222,PSMC1,-66.641624,-1.5987989,0.0,0.0,1.5987989
11725,RTL8C,-64.2964,-1.5985053,0.0,0.0,1.5985053
3958,TBC1D31,64.50825,1.5984876,0.0,0.0,1.5984876
9100,NPPB,-20.334587,-1.5983284,6.357352509831993e-92,7.126673852858526e-92,1.5983284
3303,SLC30A4,65.93999,1.5978987,0.0,0.0,1.5978987
9606,TIMP4,-32.82047,-1.5978625,3.006255375105802e-236,3.665688848819711e-236,1.5978625
4684,LINC02427,61.28386,1.5978332,0.0,0.0,1.5978332
11588,NABP2,-63.64927,-1.597812,0.0,0.0,1.597812
11265,PARS2,-61.597317,-1.5975449,0.0,0.0,1.5975449
3913,TMEM43,64.66837,1.5974402,0.0,0.0,1.5974402
11938,AKAP11,-65.053986,-1.5966852,0.0,0.0,1.5966852
11822,TARBP2,-64.68275,-1.5966812,0.0,0.0,1.5966812
5208,SEMA6C,57.062824,1.5966405,0.0,0.0,1.5966405
10496,BRI3BP,-51.97273,-1.5965519,0.0,0.0,1.5965519
4238,ZNF165,63.46479,1.5965323,0.0,0.0,1.5965323
9332,GINS1,-25.919626,-1.596205,4.002027305960089e-148,4.6508436745568154e-148,1.596205
4881,MYO10,59.726913,1.59592,0.0,0.0,1.59592
9666,NKD1,-34.08722,-1.5957355,1.1409124087639206e-254,1.4057383014353831e-254,1.5957355
13030,CFAP97,-66.3439,-1.5957301,0.0,0.0,1.5957301
4870,CNMD,59.815434,1.5955596,0.0,0.0,1.5955596
2304,ADAM17,66.637825,1.595544,0.0,0.0,1.595544
1561,CYP2R1,66.81939,1.5950761,0.0,0.0,1.5950761
12824,NUB1,-66.2749,-1.5946951,0.0,0.0,1.5946951
12821,MRPL9,-66.273636,-1.5942637,0.0,0.0,1.5942637
11698,INSIG2,-64.16504,-1.5935289,0.0,0.0,1.5935289
4520,APBB3,62.167397,1.5934712,0.0,0.0,1.5934712
1772,CHFR,66.777405,1.5934273,0.0,0.0,1.5934273
6099,C1orf162,46.753437,1.5931761,0.0,0.0,1.5931761
2099,MMAA,66.70444,1.5931314,0.0,0.0,1.5931314
1248,NOL10,66.88252,1.5925362,0.0,0.0,1.5925362
11450,RIOX1,-62.896088,-1.5919691,0.0,0.0,1.5919691
12752,COPB1,-66.247696,-1.5918239,0.0,0.0,1.5918239
6396,SRARP,42.812893,1.591579,0.0,0.0,1.591579
5149,ZNF439,57.68686,1.5913072,0.0,0.0,1.5913072
10225,SMAD1-AS1,-46.937172,-1.5900986,0.0,0.0,1.5900986
10212,TSPO,-46.669865,-1.590042,0.0,0.0,1.590042
5222,CATIP,56.9219,1.5895032,0.0,0.0,1.5895032
13158,NUCB1,-66.37915,-1.589238,0.0,0.0,1.589238
3599,BBOF1,65.37861,1.5886406,0.0,0.0,1.5886406
13058,ERLEC1,-66.351616,-1.588492,0.0,0.0,1.588492
3242,SMG1,66.046196,1.5881708,0.0,0.0,1.5881708
3949,PRELID3A,64.54737,1.5879624,0.0,0.0,1.5879624
4281,ITCH-AS1,63.292286,1.5879623,0.0,0.0,1.5879623
3370,FOXP1,65.84385,1.5877752,0.0,0.0,1.5877752
12642,DRG2,-66.195274,-1.5871172,0.0,0.0,1.5871172
10550,RFC4,-52.843235,-1.5870858,0.0,0.0,1.5870858
3326,TTC21B,65.90565,1.586945,0.0,0.0,1.586945
12261,C2orf49,-65.77313,-1.58693,0.0,0.0,1.58693
10845,TNFRSF21,-56.862514,-1.5865654,0.0,0.0,1.5865654
10518,CCNE1,-52.27295,-1.5862153,0.0,0.0,1.5862153
12323,NAA20,-65.86422,-1.5856209,0.0,0.0,1.5856209
5135,PNOC,57.79586,1.5851249,0.0,0.0,1.5851249
4765,VIL1,60.71164,1.5850164,0.0,0.0,1.5850164
12858,TMED10,-66.28908,-1.5845531,0.0,0.0,1.5845531
13128,CEBPZ,-66.37197,-1.5845428,0.0,0.0,1.5845428
3875,PLAG1,64.77227,1.5844136,0.0,0.0,1.5844136
5383,TMEM139,55.410088,1.5840677,0.0,0.0,1.5840677
4691,ZNF471,61.23395,1.5840551,0.0,0.0,1.5840551
4887,USP44,59.69193,1.5827266,0.0,0.0,1.5827266
8884,HOMER3-AS1,-14.591866,-1.5824255,3.1642535192943e-48,3.42422794196671e-48,1.5824255
4689,C6orf132,61.26023,1.5824254,0.0,0.0,1.5824254
5176,HHIP-AS1,57.43783,1.5820132,0.0,0.0,1.5820132
2662,FBXO11,66.50405,1.5816752,0.0,0.0,1.5816752
12392,GNPDA1,-65.934944,-1.5811049,0.0,0.0,1.5811049
4451,NFATC1,62.485664,1.5810568,0.0,0.0,1.5810568
5320,PTGS2,55.967434,1.5810275,0.0,0.0,1.5810275
3971,SLC35D1,64.4686,1.5809658,0.0,0.0,1.5809658
12116,POP4,-65.498604,-1.5809455,0.0,0.0,1.5809455
3424,KATNAL1,65.745865,1.5807246,0.0,0.0,1.5807246
3632,ZBTB7B,65.31194,1.5805788,0.0,0.0,1.5805788
3056,KDM8,66.27273,1.5804343,0.0,0.0,1.5804343
5044,LINC02757,58.509674,1.5803909,0.0,0.0,1.5803909
3807,PGAP3,64.910385,1.5802505,0.0,0.0,1.5802505
4289,LPCAT3,63.24452,1.580124,0.0,0.0,1.580124
11260,COL6A3,-61.511414,-1.5795928,0.0,0.0,1.5795928
3698,HDAC7,65.16124,1.5792063,0.0,0.0,1.5792063
3630,CHCHD3,65.314316,1.5789726,0.0,0.0,1.5789726
4355,FAM117A,62.96902,1.5787958,0.0,0.0,1.5787958
11479,MAP3K12,-63.132942,-1.5786284,0.0,0.0,1.5786284
13071,CSNK1G2,-66.355125,-1.5784987,0.0,0.0,1.5784987
12620,STRAP,-66.18595,-1.5776627,0.0,0.0,1.5776627
11239,RNF113A,-61.36728,-1.5772599,0.0,0.0,1.5772599
4959,TCP11L2,59.159084,1.5771261,0.0,0.0,1.5771261
5197,GREB1,57.178776,1.5767921,0.0,0.0,1.5767921
5330,KDF1,55.894268,1.5767252,0.0,0.0,1.5767252
12240,NOA1,-65.72905,-1.5767071,0.0,0.0,1.5767071
12383,MMADHC,-65.91824,-1.5766973,0.0,0.0,1.5766973
9590,IGSF9,-32.36351,-1.5764397,8.956568520635868e-230,1.0883643402666985e-229,1.5764397
4362,SLC12A9,62.93945,1.5763268,0.0,0.0,1.5763268
1449,TRABD,66.84315,1.576106,0.0,0.0,1.576106
13293,KLHDC3,-66.41278,-1.5759497,0.0,0.0,1.5759497
11393,DYNLL2,-62.572342,-1.5755502,0.0,0.0,1.5755502
4591,FBXL18,61.840412,1.5754844,0.0,0.0,1.5754844
7730,FANCI,15.231856,-1.5751829,2.173329755433907e-52,2.3606747914779752e-52,1.5751829
2363,RAP1A,66.61815,1.5748343,0.0,0.0,1.5748343
4962,AHR,59.155766,1.5746013,0.0,0.0,1.5746013
5936,MIR181A1HG,49.071068,1.5745656,0.0,0.0,1.5745656
2393,UNK,66.60974,1.574538,0.0,0.0,1.574538
11910,TRAM2-AS1,-64.97199,-1.5745118,0.0,0.0,1.5745118
4964,LIN9,59.150097,1.5740216,0.0,0.0,1.5740216
2333,HACL1,66.62581,1.5739087,0.0,0.0,1.5739087
3076,CHKA,66.2436,1.5737294,0.0,0.0,1.5737294
10422,OBSCN-AS1,-50.78675,-1.573201,0.0,0.0,1.573201
11223,CCDC183,-61.1965,-1.5731746,0.0,0.0,1.5731746
2286,ZBTB38,66.64442,1.5730118,0.0,0.0,1.5730118
4010,CAPN10-DT,64.352905,1.5729568,0.0,0.0,1.5729568
3283,DTX3,65.97966,1.5729151,0.0,0.0,1.5729151
11985,SERINC3,-65.18162,-1.5728467,0.0,0.0,1.5728467
12055,PLPP6,-65.36675,-1.5725875,0.0,0.0,1.5725875
2471,PDS5A,66.58044,1.5724895,0.0,0.0,1.5724895
13935,EPN1,-66.57264,-1.57201,0.0,0.0,1.57201
12135,CAP1,-65.53763,-1.5715235,0.0,0.0,1.5715235
3852,PARVA,64.83006,1.5711083,0.0,0.0,1.5711083
4575,LINC01023,61.899734,1.5710081,0.0,0.0,1.5710081
11908,SPRYD4,-64.96431,-1.5708508,0.0,0.0,1.5708508
5037,MATN4,58.577454,1.5706929,0.0,0.0,1.5706929
3524,AKAP8,65.520004,1.5706466,0.0,0.0,1.5706466
3986,ZNF138,64.43574,1.5705062,0.0,0.0,1.5705062
9396,GIMAP5,-27.66485,-1.5699599,1.8497978211622682e-168,2.1725017014299654e-168,1.5699599
12064,CCDC8,-65.38142,-1.5697715,0.0,0.0,1.5697715
9985,COL17A1,-41.85909,-1.569671,0.0,0.0,1.569671
8931,LRAT,-15.814283,-1.5695095,2.480160269269247e-56,2.7036572549454023e-56,1.5695095
2168,BIRC6,66.68318,1.5694703,0.0,0.0,1.5694703
5063,SATB2,58.386703,1.5694314,0.0,0.0,1.5694314
13155,RGP1,-66.378235,-1.5688864,0.0,0.0,1.5688864
13204,RPAIN,-66.39049,-1.5688585,0.0,0.0,1.5688585
5029,UNC5CL,58.640965,1.568702,0.0,0.0,1.568702
4218,ZNF684,63.557346,1.5686015,0.0,0.0,1.5686015
3675,ZNF442,65.21786,1.5684923,0.0,0.0,1.5684923
11996,DSC2,-65.20668,-1.5682478,0.0,0.0,1.5682478
10652,PNRC1,-54.38991,-1.5680336,0.0,0.0,1.5680336
5285,EPHA7,56.357258,1.5676869,0.0,0.0,1.5676869
12949,SNW1,-66.31289,-1.5673876,0.0,0.0,1.5673876
11818,EIF1B,-64.67497,-1.5671954,0.0,0.0,1.5671954
3018,ASAP1,66.29577,1.5669966,0.0,0.0,1.5669966
3734,CCNJL,65.09668,1.5666256,0.0,0.0,1.5666256
5104,PARP10,58.038456,1.5654503,0.0,0.0,1.5654503
5279,LINC01767,56.429695,1.5652447,0.0,0.0,1.5652447
3354,DHX34,65.868774,1.5650748,0.0,0.0,1.5650748
5242,SLC17A8,56.80518,1.5648214,0.0,0.0,1.5648214
3341,RAB40C,65.8882,1.564732,0.0,0.0,1.564732
2843,SPG7,66.4043,1.5647036,0.0,0.0,1.5647036
3331,SHPRH,65.8989,1.5646379,0.0,0.0,1.5646379
3368,POLR3B,65.847015,1.5646248,0.0,0.0,1.5646248
3502,CDS2,65.59641,1.5638202,0.0,0.0,1.5638202
4720,BTBD8,61.02353,1.5636647,0.0,0.0,1.5636647
10363,SERINC2,-49.729828,-1.5634263,0.0,0.0,1.5634263
1789,QTRT1,66.77366,1.5630726,0.0,0.0,1.5630726
11680,SRF,-64.09658,-1.5627544,0.0,0.0,1.5627544
4618,ITPRID2,61.685173,1.5624611,0.0,0.0,1.5624611
11705,DHX9,-64.19991,-1.562398,0.0,0.0,1.562398
11459,CTSZ,-62.94459,-1.5620624,0.0,0.0,1.5620624
5526,GSTA2,53.867363,1.561533,0.0,0.0,1.561533
14597,GINM1,-66.79821,-1.5614083,0.0,0.0,1.5614083
2703,ARHGEF12,66.48503,1.5604845,0.0,0.0,1.5604845
13156,PSMA1,-66.37826,-1.5603142,0.0,0.0,1.5603142
12472,PSMD14,-66.03854,-1.5600959,0.0,0.0,1.5600959
4949,TLE2,59.214058,1.5600128,0.0,0.0,1.5600128
12067,BBS7,-65.38987,-1.5598966,0.0,0.0,1.5598966
11333,ZNF184,-62.115593,-1.5596337,0.0,0.0,1.5596337
11451,ZNF32,-62.898674,-1.559122,0.0,0.0,1.559122
5195,KLF8,57.24099,1.5587927,0.0,0.0,1.5587927
5546,B3GNT5,53.574005,1.55869,0.0,0.0,1.55869
12543,LAMTOR3,-66.111725,-1.5583943,0.0,0.0,1.5583943
3328,THUMPD3-AS1,65.90552,1.5580873,0.0,0.0,1.5580873
4132,PXYLP1,63.90972,1.557976,0.0,0.0,1.557976
12883,MRPL3,-66.29495,-1.5577704,0.0,0.0,1.5577704
2537,PTBP2,66.55787,1.5577517,0.0,0.0,1.5577517
3503,PBX3,65.59502,1.5576742,0.0,0.0,1.5576742
2874,PAQR3,66.38815,1.5575927,0.0,0.0,1.5575927
1683,INTS10,66.79572,1.5575697,0.0,0.0,1.5575697
13560,MPLKIP,-66.4774,-1.5575577,0.0,0.0,1.5575577
1165,ASCC1,66.8968,1.5574528,0.0,0.0,1.5574528
12522,HTRA2,-66.092606,-1.5574312,0.0,0.0,1.5574312
9347,PSMC3IP,-26.419798,-1.5568435,8.116528353614463e-154,9.462052508446477e-154,1.5568435
11499,UBL4A,-63.23866,-1.5567529,0.0,0.0,1.5567529
3726,ZNF14,65.119934,1.5567403,0.0,0.0,1.5567403
12315,LRRC42,-65.85054,-1.5566485,0.0,0.0,1.5566485
13498,COPS6,-66.46499,-1.5562088,0.0,0.0,1.5562088
11687,ZNF649,-64.125916,-1.5561529,0.0,0.0,1.5561529
12638,DDX54,-66.193146,-1.5554649,0.0,0.0,1.5554649
6538,TRIM38,40.3182,1.5548985,0.0,0.0,1.5548985
3719,ZNF266,65.13866,1.5548589,0.0,0.0,1.5548589
11041,NENF,-59.283684,-1.5548488,0.0,0.0,1.5548488
3171,PICALM,66.12424,1.5548218,0.0,0.0,1.5548218
11140,ZNF93,-60.32475,-1.5547239,0.0,0.0,1.5547239
11166,GPR63,-60.525383,-1.5535618,0.0,0.0,1.5535618
5610,DLGAP1-AS1,52.867107,1.5534701,0.0,0.0,1.5534701
10362,CYP1B1,-49.656567,-1.5534374,0.0,0.0,1.5534374
13594,RBM17,-66.4863,-1.5532942,0.0,0.0,1.5532942
11740,GPR161,-64.37713,-1.5528613,0.0,0.0,1.5528613
11806,SMIM20,-64.6327,-1.5525962,0.0,0.0,1.5525962
2534,ZNF566,66.55836,1.5523713,0.0,0.0,1.5523713
10898,DNAJB5,-57.685524,-1.5518966,0.0,0.0,1.5518966
12985,XRN2,-66.32428,-1.5513593,0.0,0.0,1.5513593
3063,ABCB7,66.26023,1.5511489,0.0,0.0,1.5511489
1255,NUMB,66.88188,1.5510427,0.0,0.0,1.5510427
10768,AMH,-56.105682,-1.550948,0.0,0.0,1.550948
6532,TRIL,40.404156,1.5506814,0.0,0.0,1.5506814
5257,CGREF1,56.64266,1.5505778,0.0,0.0,1.5505778
11619,THAP8,-63.854755,-1.5505732,0.0,0.0,1.5505732
9853,OR51E2,-38.85899,-1.550058,0.0,0.0,1.550058
10490,PITX1,-51.849503,-1.5491374,0.0,0.0,1.5491374
11290,LRWD1,-61.793976,-1.5488002,0.0,0.0,1.5488002
12001,SLC25A38,-65.21367,-1.54871,0.0,0.0,1.54871
2877,PPIL2,66.38703,1.548589,0.0,0.0,1.548589
12778,PEF1,-66.25676,-1.5479196,0.0,0.0,1.5479196
13191,ISCA1,-66.38714,-1.5478238,0.0,0.0,1.5478238
7035,NCF1,30.877605,1.54775,2.387316263889352e-209,2.8671380281596064e-209,1.54775
1414,NME7,66.851685,1.5477445,0.0,0.0,1.5477445
12170,MEAF6,-65.59975,-1.5471528,0.0,0.0,1.5471528
11892,SLC41A3,-64.920815,-1.5470711,0.0,0.0,1.5470711
7550,FAM72B,19.14059,-1.546796,1.1594723414327916e-81,1.2899358109511466e-81,1.546796
3922,TBC1D14,64.63926,1.54653,0.0,0.0,1.54653
4490,ASXL3,62.292492,1.5458599,0.0,0.0,1.5458599
12177,RNF20,-65.61235,-1.5456125,0.0,0.0,1.5456125
10912,TYRO3,-57.89855,-1.5449656,0.0,0.0,1.5449656
12157,R3HCC1,-65.57263,-1.5446187,0.0,0.0,1.5446187
3768,DMPK,65.016815,1.5443525,0.0,0.0,1.5443525
11752,RHOG,-64.41713,-1.5432786,0.0,0.0,1.5432786
12790,CNBP,-66.261925,-1.543219,0.0,0.0,1.543219
3402,RBM45,65.794586,1.5429295,0.0,0.0,1.5429295
11821,IFT20,-64.682365,-1.5428756,0.0,0.0,1.5428756
3387,ALG6,65.818596,1.5415957,0.0,0.0,1.5415957
11605,SKA2,-63.77027,-1.5415647,0.0,0.0,1.5415647
2329,PHACTR4,66.62678,1.5414956,0.0,0.0,1.5414956
11563,COLGALT1,-63.518837,-1.5413083,0.0,0.0,1.5413083
11920,JMJD4,-65.01083,-1.5412587,0.0,0.0,1.5412587
3450,DYRK1A,65.704025,1.5407583,0.0,0.0,1.5407583
6022,LINC00987,47.959976,1.5407114,0.0,0.0,1.5407114
4380,IPMK,62.8507,1.539829,0.0,0.0,1.539829
4212,RBM26-AS1,63.5832,1.5394,0.0,0.0,1.5394
10171,DNAJC22,-46.088436,-1.5390512,0.0,0.0,1.5390512
4923,GHRHR,59.406727,1.5388702,0.0,0.0,1.5388702
3605,INTS7,65.37228,1.5381142,0.0,0.0,1.5381142
5627,DSCAML1,52.58209,1.5377585,0.0,0.0,1.5377585
2897,ZNF529-AS1,66.3738,1.537616,0.0,0.0,1.537616
2803,RPRD2,66.431496,1.5373577,0.0,0.0,1.5373577
5103,CCNI2,58.043266,1.537254,0.0,0.0,1.537254
11838,DLK1,-64.72755,-1.5372118,0.0,0.0,1.5372118
4267,RPS6KA2,63.339928,1.5368515,0.0,0.0,1.5368515
10067,ELAVL2,-43.650135,-1.5367279,0.0,0.0,1.5367279
5694,RN7SL832P,51.829395,1.536673,0.0,0.0,1.536673
9914,EFHD2,-40.43059,-1.5366479,0.0,0.0,1.5366479
11219,ATP1B3,-61.16171,-1.5363001,0.0,0.0,1.5363001
1761,CNST,66.77978,1.5362736,0.0,0.0,1.5362736
7702,NLRP1,15.930846,-1.5361362,3.870851491179696e-57,4.2221518324399554e-57,1.5361362
13016,ARL16,-66.33777,-1.535328,0.0,0.0,1.535328
13886,STARD3NL,-66.559845,-1.5351088,0.0,0.0,1.5351088
2233,FKTN,66.66152,1.5349714,0.0,0.0,1.5349714
4139,LANCL2,63.886795,1.5349556,0.0,0.0,1.5349556
3615,TMEM39A,65.36125,1.5345713,0.0,0.0,1.5345713
2822,MTRR,66.42339,1.533828,0.0,0.0,1.533828
2476,KIF13B,66.578094,1.5337458,0.0,0.0,1.5337458
13515,BECN1,-66.46805,-1.5320075,0.0,0.0,1.5320075
8787,LINC01117,-11.954902,-1.5319865,6.120609888160553e-33,6.51602650572889e-33,1.5319865
10946,SKIDA1,-58.266773,-1.5319619,0.0,0.0,1.5319619
10292,LINC00092,-48.473843,-1.531909,0.0,0.0,1.531909
4607,TLE4,61.738865,1.5318452,0.0,0.0,1.5318452
13722,TBC1D10B,-66.51625,-1.531534,0.0,0.0,1.531534
4602,SNAI3-AS1,61.774906,1.5314339,0.0,0.0,1.5314339
1516,SLC30A5,66.82788,1.5313044,0.0,0.0,1.5313044
11418,PLIN3,-62.73323,-1.5310718,0.0,0.0,1.5310718
10190,NUP62CL,-46.406925,-1.5306572,0.0,0.0,1.5306572
9342,IGFLR1,-26.236824,-1.5306157,1.0105580824227995e-151,1.1766044057475694e-151,1.5306157
10009,KCNE5,-42.435173,-1.5303957,0.0,0.0,1.5303957
11848,NDUFB6,-64.74956,-1.5302659,0.0,0.0,1.5302659
4628,ZNF107,61.63528,1.5299913,0.0,0.0,1.5299913
10302,RRM1,-48.585625,-1.5296746,0.0,0.0,1.5296746
4102,TSSK3,64.03264,1.529331,0.0,0.0,1.529331
12319,EIF2B2,-65.854485,-1.5289335,0.0,0.0,1.5289335
3683,CHIC1,65.19464,1.5287895,0.0,0.0,1.5287895
6268,SCNN1D,44.676727,1.5286176,0.0,0.0,1.5286176
5793,WSCD2,50.80755,1.5283228,0.0,0.0,1.5283228
3871,DNASE1,64.77949,1.5278577,0.0,0.0,1.5278577
3731,ZNF440,65.10649,1.527688,0.0,0.0,1.527688
9877,PABPC5-AS1,-39.327644,-1.5276549,0.0,0.0,1.5276549
11322,ABRAXAS1,-62.027653,-1.5272201,0.0,0.0,1.5272201
11110,MTA2,-60.070286,-1.5270417,0.0,0.0,1.5270417
4843,GSDMB,59.961853,1.5269964,0.0,0.0,1.5269964
4528,PPP1R3E,62.146645,1.5265329,0.0,0.0,1.5265329
5549,STAB1,53.54965,1.5264047,0.0,0.0,1.5264047
11989,FLYWCH2,-65.19134,-1.5263698,0.0,0.0,1.5263698
2649,RCOR3,66.50807,1.5262955,0.0,0.0,1.5262955
3122,TAF3,66.18959,1.5261363,0.0,0.0,1.5261363
5250,CAVIN4,56.722008,1.5254079,0.0,0.0,1.5254079
9392,SFRP5,-27.493464,-1.5248084,2.101806946995238e-166,2.4673024244804792e-166,1.5248084
3885,ZBTB26,64.738304,1.5247351,0.0,0.0,1.5247351
1279,STX8,66.87813,1.5241629,0.0,0.0,1.5241629
3891,GK5,64.72791,1.5241033,0.0,0.0,1.5241033
3000,DET1,66.30909,1.5233428,0.0,0.0,1.5233428
6698,RDH5,37.38279,1.5231003,7.439265279177014e-306,9.40033597643983e-306,1.5231003
4190,NDST1,63.646324,1.522942,0.0,0.0,1.522942
3441,MTERF3,65.72699,1.5226675,0.0,0.0,1.5226675
8964,DACT2,-16.828728,-1.522548,1.5029899691159516e-63,1.6478778910296943e-63,1.522548
12207,RANGRF,-65.6742,-1.5221857,0.0,0.0,1.5221857
13850,MSANTD4,-66.54958,-1.5220034,0.0,0.0,1.5220034
9165,PODXL,-22.052359,-1.5219451,9.067326650478894e-108,1.0270947953353126e-107,1.5219451
4300,GATB,63.213333,1.5217798,0.0,0.0,1.5217798
11394,THNSL1,-62.589035,-1.5217278,0.0,0.0,1.5217278
4340,KDM2B,63.06218,1.5217193,0.0,0.0,1.5217193
7195,RCN3,27.482576,1.5214272,2.836218447823844e-166,3.3291615195627565e-166,1.5214272
9492,C7orf25,-30.150322,-1.5212834,1.062251159907012e-199,1.2697869712727408e-199,1.5212834
5131,ZNF790-AS1,57.835808,1.5210229,0.0,0.0,1.5210229
9669,CDCA7,-34.127857,-1.5202558,2.849431789005209e-255,3.512002232422194e-255,1.5202558
12178,HLTF,-65.61679,-1.5200005,0.0,0.0,1.5200005
13475,MRPS30,-66.45899,-1.5196133,0.0,0.0,1.5196133
5072,ANGPTL6,58.347225,1.5193182,0.0,0.0,1.5193182
13279,TUSC3,-66.40931,-1.5192351,0.0,0.0,1.5192351
3601,PTPRJ,65.37717,1.5191727,0.0,0.0,1.5191727
12308,CPSF2,-65.839485,-1.5190501,0.0,0.0,1.5190501
3446,USP4,65.7203,1.5183741,0.0,0.0,1.5183741
13020,MKRN1,-66.34027,-1.5178711,0.0,0.0,1.5178711
4939,PRKD2,59.2933,1.5176666,0.0,0.0,1.5176666
2705,CAB39,66.4838,1.5173951,0.0,0.0,1.5173951
2538,ZNF7,66.55787,1.5173241,0.0,0.0,1.5173241
3236,GTF2H2C,66.05014,1.5172726,0.0,0.0,1.5172726
12766,RRP7A,-66.25311,-1.5171696,0.0,0.0,1.5171696
4687,NFKBID,61.263973,1.5171218,0.0,0.0,1.5171218
5891,MIR122HG,49.700066,1.5167061,0.0,0.0,1.5167061
6345,ABCG1,43.65138,1.5166124,0.0,0.0,1.5166124
12361,SMAP2,-65.898026,-1.5164765,0.0,0.0,1.5164765
12117,EXOSC2,-65.50158,-1.5163627,0.0,0.0,1.5163627
3892,CCDC102B,64.71894,1.5163106,0.0,0.0,1.5163106
3494,BTAF1,65.60308,1.5162114,0.0,0.0,1.5162114
3005,AREL1,66.30542,1.5160482,0.0,0.0,1.5160482
12144,DGUOK,-65.547844,-1.5147578,0.0,0.0,1.5147578
13911,KIAA1191,-66.56504,-1.5145867,0.0,0.0,1.5145867
10426,MYO1B,-50.851112,-1.5144168,0.0,0.0,1.5144168
11850,LRFN4,-64.75699,-1.5141977,0.0,0.0,1.5141977
5588,RCBTB2,53.152817,1.5135804,0.0,0.0,1.5135804
2133,PPP3CB,66.6921,1.5134971,0.0,0.0,1.5134971
12586,EXOSC9,-66.159996,-1.5134957,0.0,0.0,1.5134957
12393,PDCD6,-65.93562,-1.5133878,0.0,0.0,1.5133878
10030,FOS,-42.94051,-1.5133657,0.0,0.0,1.5133657
5495,AIFM3,54.192383,1.5132031,0.0,0.0,1.5132031
3206,SSH1,66.0741,1.5129919,0.0,0.0,1.5129919
9162,RUNX2-AS1,-21.860514,-1.5128144,6.174449128775172e-106,6.9844599976252445e-106,1.5128144
4563,MAP3K9,61.986866,1.5126644,0.0,0.0,1.5126644
11835,BRMS1,-64.718864,-1.5125672,0.0,0.0,1.5125672
2377,CAPN7,66.61526,1.5124699,0.0,0.0,1.5124699
1973,PEX11B,66.7325,1.5123826,0.0,0.0,1.5123826
11663,ZNF48,-64.0538,-1.5122736,0.0,0.0,1.5122736
3027,NFKB1,66.29159,1.512142,0.0,0.0,1.512142
12446,UBA1,-66.00941,-1.5115861,0.0,0.0,1.5115861
9642,APOD,-33.68492,-1.5114596,9.611668612100483e-249,1.1790790503396381e-248,1.5114596
1941,SUCLG2,66.73863,1.5114281,0.0,0.0,1.5114281
3329,ABL2,65.90205,1.51051,0.0,0.0,1.51051
5689,PIK3AP1,51.870037,1.5103569,0.0,0.0,1.5103569
4055,ZCCHC14,64.191734,1.5098197,0.0,0.0,1.5098197
3940,ERI2,64.58485,1.5083452,0.0,0.0,1.5083452
11814,MSH2,-64.654495,-1.5082847,0.0,0.0,1.5082847
12514,SRRM2,-66.08,-1.5081601,0.0,0.0,1.5081601
3889,NEMP2,64.73081,1.5076408,0.0,0.0,1.5076408
1810,ASCC2,66.7686,1.5076,0.0,0.0,1.5076
5190,PLEKHA2,57.297997,1.5075662,0.0,0.0,1.5075662
11351,LINC00665,-62.251743,-1.5075271,0.0,0.0,1.5075271
9570,TPPP3,-31.864946,-1.5074543,8.172609257183604e-223,9.892105434855957e-223,1.5074543
4126,AMMECR1,63.945816,1.5072768,0.0,0.0,1.5072768
5648,ACAN,52.30463,1.5072614,0.0,0.0,1.5072614
10096,SCARA3,-44.436897,-1.5072207,0.0,0.0,1.5072207
8847,GADL1,-13.3801155,-1.5067945,7.902427521213186e-41,8.491588361622429e-41,1.5067945
5287,STOM,56.33384,1.5063131,0.0,0.0,1.5063131
10874,HAND2,-57.345016,-1.5059336,0.0,0.0,1.5059336
12395,CCDC102A,-65.9376,-1.5058242,0.0,0.0,1.5058242
10406,ZBBX,-50.578938,-1.5058098,0.0,0.0,1.5058098
10779,KLHL4,-56.19558,-1.5055095,0.0,0.0,1.5055095
5496,ELF4,54.189106,1.5053548,0.0,0.0,1.5053548
12478,IPO7,-66.0433,-1.5050807,0.0,0.0,1.5050807
3284,KIF7,65.97952,1.505019,0.0,0.0,1.505019
10001,MMP2,-42.292015,-1.5048634,0.0,0.0,1.5048634
13996,ATP6V1D,-66.584404,-1.5048089,0.0,0.0,1.5048089
3794,TET2,64.94319,1.5046929,0.0,0.0,1.5046929
3917,ZNF814,64.65707,1.5044626,0.0,0.0,1.5044626
11721,KLHDC8B,-64.26854,-1.5043461,0.0,0.0,1.5043461
5392,ADAMTSL5,55.30371,1.5042781,0.0,0.0,1.5042781
10928,SCAMP1-AS1,-58.045067,-1.5036137,0.0,0.0,1.5036137
12616,ILF3,-66.18314,-1.5035529,0.0,0.0,1.5035529
4254,ARL6IP6,63.398075,1.5035158,0.0,0.0,1.5035158
5177,KCNK12,57.434013,1.503448,0.0,0.0,1.503448
4505,SLC25A40,62.215763,1.5031439,0.0,0.0,1.5031439
3984,ZNF133,64.438484,1.5029562,0.0,0.0,1.5029562
4144,TTC12,63.853016,1.5028572,0.0,0.0,1.5028572
6310,CCL26,44.15516,1.5024496,0.0,0.0,1.5024496
3177,PRDM15,66.11074,1.5021861,0.0,0.0,1.5021861
11040,MIS18A,-59.278812,-1.502034,0.0,0.0,1.502034
3706,EFHC1,65.149185,1.5020254,0.0,0.0,1.5020254
8992,CCN1,-17.681374,-1.5004601,5.835670525557127e-70,6.430554243594454e-70,1.5004601
5818,ABRA,50.547153,1.5002171,0.0,0.0,1.5002171
